2025-01-22 00:34:35,559 INFO org.springframework.boot.test.context.SpringBootTestContextBootstrapper [main] Neither @ContextConfiguration nor @ContextHierarchy found for test class [com.example.frauddetection.FraudDetectionApplicationTests], using SpringBootContextLoader
2025-01-22 00:34:35,570 INFO org.springframework.test.context.support.AbstractContextLoader [main] Could not detect default resource locations for test class [com.example.frauddetection.FraudDetectionApplicationTests]: no resource found for suffixes {-context.xml, Context.groovy}.
2025-01-22 00:34:35,571 INFO org.springframework.test.context.support.AnnotationConfigContextLoaderUtils [main] Could not detect default configuration classes for test class [com.example.frauddetection.FraudDetectionApplicationTests]: FraudDetectionApplicationTests does not declare any static, non-private, non-final, nested classes annotated with @Configuration.
2025-01-22 00:34:35,757 INFO org.springframework.boot.test.context.SpringBootTestContextBootstrapper [main] Found @SpringBootConfiguration com.example.frauddetection.FraudDetectionApplication for test class com.example.frauddetection.FraudDetectionApplicationTests
2025-01-22 00:34:35,929 INFO org.springframework.boot.test.context.SpringBootTestContextBootstrapper [main] Loaded default TestExecutionListener class names from location [META-INF/spring.factories]: [org.springframework.boot.test.mock.mockito.MockitoTestExecutionListener, org.springframework.boot.test.mock.mockito.ResetMocksTestExecutionListener, org.springframework.boot.test.autoconfigure.restdocs.RestDocsTestExecutionListener, org.springframework.boot.test.autoconfigure.web.client.MockRestServiceServerResetTestExecutionListener, org.springframework.boot.test.autoconfigure.web.servlet.MockMvcPrintOnlyOnFailureTestExecutionListener, org.springframework.boot.test.autoconfigure.web.servlet.WebDriverTestExecutionListener, org.springframework.boot.test.autoconfigure.webservices.client.MockWebServiceServerTestExecutionListener, org.springframework.test.context.web.ServletTestExecutionListener, org.springframework.test.context.support.DirtiesContextBeforeModesTestExecutionListener, org.springframework.test.context.event.ApplicationEventsTestExecutionListener, org.springframework.test.context.support.DependencyInjectionTestExecutionListener, org.springframework.test.context.support.DirtiesContextTestExecutionListener, org.springframework.test.context.transaction.TransactionalTestExecutionListener, org.springframework.test.context.jdbc.SqlScriptsTestExecutionListener, org.springframework.test.context.event.EventPublishingTestExecutionListener]
2025-01-22 00:34:35,960 INFO org.springframework.boot.test.context.SpringBootTestContextBootstrapper [main] Using TestExecutionListeners: [org.springframework.test.context.web.ServletTestExecutionListener@21d03963, org.springframework.test.context.support.DirtiesContextBeforeModesTestExecutionListener@1f760b47, org.springframework.test.context.event.ApplicationEventsTestExecutionListener@18ece7f4, org.springframework.boot.test.mock.mockito.MockitoTestExecutionListener@3cce57c7, org.springframework.boot.test.autoconfigure.SpringBootDependencyInjectionTestExecutionListener@1cf56a1c, org.springframework.test.context.support.DirtiesContextTestExecutionListener@33f676f6, org.springframework.test.context.transaction.TransactionalTestExecutionListener@4c5ae43b, org.springframework.test.context.jdbc.SqlScriptsTestExecutionListener@264f218, org.springframework.test.context.event.EventPublishingTestExecutionListener@3576ddc2, org.springframework.boot.test.mock.mockito.ResetMocksTestExecutionListener@35b74c5c, org.springframework.boot.test.autoconfigure.restdocs.RestDocsTestExecutionListener@2e570ded, org.springframework.boot.test.autoconfigure.web.client.MockRestServiceServerResetTestExecutionListener@b86de0d, org.springframework.boot.test.autoconfigure.web.servlet.MockMvcPrintOnlyOnFailureTestExecutionListener@81d9a72, org.springframework.boot.test.autoconfigure.web.servlet.WebDriverTestExecutionListener@747f281, org.springframework.boot.test.autoconfigure.webservices.client.MockWebServiceServerTestExecutionListener@1169afe1]
2025-01-22 00:34:36,410 INFO com.example.frauddetection.FraudDetectionApplicationTests [main] Starting FraudDetectionApplicationTests using Java 1.8.0_231 on sventaoMac with PID 40983 (started by sventao in /Users/sventao/Documents/GK_CODE/fraud-detection)
2025-01-22 00:34:36,413 INFO com.example.frauddetection.FraudDetectionApplicationTests [main] No active profile set, falling back to default profiles: default
2025-01-22 00:34:37,272 INFO org.springframework.data.repository.config.RepositoryConfigurationDelegate [main] Bootstrapping Spring Data JPA repositories in DEFAULT mode.
2025-01-22 00:34:37,376 INFO org.springframework.data.repository.config.RepositoryConfigurationDelegate [main] Finished Spring Data repository scanning in 78 ms. Found 2 JPA repository interfaces.
2025-01-22 00:34:38,053 INFO com.zaxxer.hikari.HikariDataSource [main] HikariPool-1 - Starting...
2025-01-22 00:34:38,482 INFO com.zaxxer.hikari.HikariDataSource [main] HikariPool-1 - Start completed.
2025-01-22 00:34:38,754 INFO org.hibernate.jpa.internal.util.LogHelper [main] HHH000204: Processing PersistenceUnitInfo [name: default]
2025-01-22 00:34:38,865 INFO org.hibernate.Version [main] HHH000412: Hibernate ORM core version 5.4.32.Final
2025-01-22 00:34:39,127 INFO org.hibernate.annotations.common.Version [main] HCANN000001: Hibernate Commons Annotations {5.1.2.Final}
2025-01-22 00:34:39,360 INFO org.hibernate.dialect.Dialect [main] HHH000400: Using dialect: org.hibernate.dialect.H2Dialect
2025-01-22 00:34:40,342 INFO org.hibernate.engine.transaction.jta.platform.internal.JtaPlatformInitiator [main] HHH000490: Using JtaPlatform implementation: [org.hibernate.engine.transaction.jta.platform.internal.NoJtaPlatform]
2025-01-22 00:34:40,357 INFO org.springframework.orm.jpa.LocalContainerEntityManagerFactoryBean [main] Initialized JPA EntityManagerFactory for persistence unit 'default'
2025-01-22 00:34:41,205 INFO org.apache.kafka.clients.consumer.ConsumerConfig [main] ConsumerConfig values: 
	allow.auto.create.topics = true
	auto.commit.interval.ms = 1000
	auto.offset.reset = latest
	bootstrap.servers = [localhost:9092]
	check.crcs = true
	client.dns.lookup = use_all_dns_ips
	client.id = consumer-fraud-detection-group-1
	client.rack = 
	connections.max.idle.ms = 540000
	default.api.timeout.ms = 60000
	enable.auto.commit = true
	exclude.internal.topics = true
	fetch.max.bytes = 52428800
	fetch.max.wait.ms = 500
	fetch.min.bytes = 1
	group.id = fraud-detection-group
	group.instance.id = null
	heartbeat.interval.ms = 3000
	interceptor.classes = []
	internal.leave.group.on.close = true
	internal.throw.on.fetch.stable.offset.unsupported = false
	isolation.level = read_uncommitted
	key.deserializer = class org.apache.kafka.common.serialization.StringDeserializer
	max.partition.fetch.bytes = 1048576
	max.poll.interval.ms = 300000
	max.poll.records = 500
	metadata.max.age.ms = 300000
	metric.reporters = []
	metrics.num.samples = 2
	metrics.recording.level = INFO
	metrics.sample.window.ms = 30000
	partition.assignment.strategy = [class org.apache.kafka.clients.consumer.RangeAssignor]
	receive.buffer.bytes = 65536
	reconnect.backoff.max.ms = 1000
	reconnect.backoff.ms = 50
	request.timeout.ms = 30000
	retry.backoff.ms = 100
	sasl.client.callback.handler.class = null
	sasl.jaas.config = null
	sasl.kerberos.kinit.cmd = /usr/bin/kinit
	sasl.kerberos.min.time.before.relogin = 60000
	sasl.kerberos.service.name = null
	sasl.kerberos.ticket.renew.jitter = 0.05
	sasl.kerberos.ticket.renew.window.factor = 0.8
	sasl.login.callback.handler.class = null
	sasl.login.class = null
	sasl.login.refresh.buffer.seconds = 300
	sasl.login.refresh.min.period.seconds = 60
	sasl.login.refresh.window.factor = 0.8
	sasl.login.refresh.window.jitter = 0.05
	sasl.mechanism = GSSAPI
	security.protocol = PLAINTEXT
	security.providers = null
	send.buffer.bytes = 131072
	session.timeout.ms = 30000
	socket.connection.setup.timeout.max.ms = 127000
	socket.connection.setup.timeout.ms = 10000
	ssl.cipher.suites = null
	ssl.enabled.protocols = [TLSv1.2]
	ssl.endpoint.identification.algorithm = https
	ssl.engine.factory.class = null
	ssl.key.password = null
	ssl.keymanager.algorithm = SunX509
	ssl.keystore.certificate.chain = null
	ssl.keystore.key = null
	ssl.keystore.location = null
	ssl.keystore.password = null
	ssl.keystore.type = JKS
	ssl.protocol = TLSv1.2
	ssl.provider = null
	ssl.secure.random.implementation = null
	ssl.trustmanager.algorithm = PKIX
	ssl.truststore.certificates = null
	ssl.truststore.location = null
	ssl.truststore.password = null
	ssl.truststore.type = JKS
	value.deserializer = class org.apache.kafka.common.serialization.StringDeserializer

2025-01-22 00:34:41,390 INFO org.apache.kafka.common.utils.AppInfoParser [main] Kafka version: 2.7.1
2025-01-22 00:34:41,390 INFO org.apache.kafka.common.utils.AppInfoParser [main] Kafka commitId: 61dbce85d0d41457
2025-01-22 00:34:41,390 INFO org.apache.kafka.common.utils.AppInfoParser [main] Kafka startTimeMs: 1737477281388
2025-01-22 00:34:41,394 INFO org.apache.kafka.clients.consumer.KafkaConsumer [pool-1-thread-1] [Consumer clientId=consumer-fraud-detection-group-1, groupId=fraud-detection-group] Subscribed to topic(s): fraud-detection-topic
2025-01-22 00:34:42,259 WARN org.springframework.boot.autoconfigure.orm.jpa.JpaBaseConfiguration$JpaWebConfiguration [main] spring.jpa.open-in-view is enabled by default. Therefore, database queries may be performed during view rendering. Explicitly configure spring.jpa.open-in-view to disable this warning
2025-01-22 00:34:42,569 INFO org.apache.kafka.clients.Metadata [pool-1-thread-1] [Consumer clientId=consumer-fraud-detection-group-1, groupId=fraud-detection-group] Cluster ID: YMIwkYKRRA68ysH0Laa-Lg
2025-01-22 00:34:42,576 INFO org.apache.kafka.clients.consumer.internals.AbstractCoordinator [pool-1-thread-1] [Consumer clientId=consumer-fraud-detection-group-1, groupId=fraud-detection-group] Discovered group coordinator sventaomac:9092 (id: 2147483647 rack: null)
2025-01-22 00:34:42,583 INFO org.apache.kafka.clients.consumer.internals.AbstractCoordinator [pool-1-thread-1] [Consumer clientId=consumer-fraud-detection-group-1, groupId=fraud-detection-group] (Re-)joining group
2025-01-22 00:34:42,614 INFO org.apache.kafka.clients.consumer.internals.AbstractCoordinator [pool-1-thread-1] [Consumer clientId=consumer-fraud-detection-group-1, groupId=fraud-detection-group] (Re-)joining group
2025-01-22 00:34:42,691 INFO org.apache.kafka.clients.consumer.internals.AbstractCoordinator [pool-1-thread-1] [Consumer clientId=consumer-fraud-detection-group-1, groupId=fraud-detection-group] Successfully joined group with generation Generation{generationId=565, memberId='consumer-fraud-detection-group-1-6b394d48-e88b-4fab-9828-0af51a86b354', protocol='range'}
2025-01-22 00:34:42,694 INFO org.apache.kafka.clients.consumer.internals.ConsumerCoordinator [pool-1-thread-1] [Consumer clientId=consumer-fraud-detection-group-1, groupId=fraud-detection-group] Finished assignment for group at generation 565: {consumer-fraud-detection-group-1-6b394d48-e88b-4fab-9828-0af51a86b354=Assignment(partitions=[fraud-detection-topic-0])}
2025-01-22 00:34:42,755 INFO org.apache.kafka.clients.consumer.internals.AbstractCoordinator [pool-1-thread-1] [Consumer clientId=consumer-fraud-detection-group-1, groupId=fraud-detection-group] Successfully synced group in generation Generation{generationId=565, memberId='consumer-fraud-detection-group-1-6b394d48-e88b-4fab-9828-0af51a86b354', protocol='range'}
2025-01-22 00:34:42,756 INFO org.apache.kafka.clients.consumer.internals.ConsumerCoordinator [pool-1-thread-1] [Consumer clientId=consumer-fraud-detection-group-1, groupId=fraud-detection-group] Notifying assignor about the new Assignment(partitions=[fraud-detection-topic-0])
2025-01-22 00:34:42,761 INFO org.apache.kafka.clients.consumer.internals.ConsumerCoordinator [pool-1-thread-1] [Consumer clientId=consumer-fraud-detection-group-1, groupId=fraud-detection-group] Adding newly assigned partitions: fraud-detection-topic-0
2025-01-22 00:34:42,771 INFO org.springframework.boot.autoconfigure.h2.H2ConsoleAutoConfiguration [main] H2 console available at '/h2-console'. Database available at 'jdbc:h2:mem:fraud_db'
2025-01-22 00:34:42,780 INFO org.apache.kafka.clients.consumer.internals.ConsumerCoordinator [pool-1-thread-1] [Consumer clientId=consumer-fraud-detection-group-1, groupId=fraud-detection-group] Setting offset for partition fraud-detection-topic-0 to the committed offset FetchPosition{offset=414, offsetEpoch=Optional[0], currentLeader=LeaderAndEpoch{leader=Optional[sventaomac:9092 (id: 0 rack: null)], epoch=0}}
2025-01-22 00:34:43,556 INFO com.example.frauddetection.FraudDetectionApplicationTests [main] Started FraudDetectionApplicationTests in 7.537 seconds (JVM running for 8.999)
2025-01-22 00:34:43,690 INFO org.springframework.boot.test.context.SpringBootTestContextBootstrapper [main] Neither @ContextConfiguration nor @ContextHierarchy found for test class [com.example.frauddetection.FraudDetectionControllerTest], using SpringBootContextLoader
2025-01-22 00:34:43,691 INFO org.springframework.test.context.support.AbstractContextLoader [main] Could not detect default resource locations for test class [com.example.frauddetection.FraudDetectionControllerTest]: no resource found for suffixes {-context.xml, Context.groovy}.
2025-01-22 00:34:43,707 INFO org.springframework.boot.test.context.SpringBootTestContextBootstrapper [main] Loaded default TestExecutionListener class names from location [META-INF/spring.factories]: [org.springframework.boot.test.mock.mockito.MockitoTestExecutionListener, org.springframework.boot.test.mock.mockito.ResetMocksTestExecutionListener, org.springframework.boot.test.autoconfigure.restdocs.RestDocsTestExecutionListener, org.springframework.boot.test.autoconfigure.web.client.MockRestServiceServerResetTestExecutionListener, org.springframework.boot.test.autoconfigure.web.servlet.MockMvcPrintOnlyOnFailureTestExecutionListener, org.springframework.boot.test.autoconfigure.web.servlet.WebDriverTestExecutionListener, org.springframework.boot.test.autoconfigure.webservices.client.MockWebServiceServerTestExecutionListener, org.springframework.test.context.web.ServletTestExecutionListener, org.springframework.test.context.support.DirtiesContextBeforeModesTestExecutionListener, org.springframework.test.context.event.ApplicationEventsTestExecutionListener, org.springframework.test.context.support.DependencyInjectionTestExecutionListener, org.springframework.test.context.support.DirtiesContextTestExecutionListener, org.springframework.test.context.transaction.TransactionalTestExecutionListener, org.springframework.test.context.jdbc.SqlScriptsTestExecutionListener, org.springframework.test.context.event.EventPublishingTestExecutionListener]
2025-01-22 00:34:43,708 INFO org.springframework.boot.test.context.SpringBootTestContextBootstrapper [main] Using TestExecutionListeners: [org.springframework.test.context.web.ServletTestExecutionListener@16d4024e, org.springframework.test.context.support.DirtiesContextBeforeModesTestExecutionListener@11e24688, org.springframework.test.context.event.ApplicationEventsTestExecutionListener@63d3c9dc, org.springframework.boot.test.mock.mockito.MockitoTestExecutionListener@3a1a0bc, org.springframework.boot.test.autoconfigure.SpringBootDependencyInjectionTestExecutionListener@35d114f4, org.springframework.test.context.support.DirtiesContextTestExecutionListener@3684d2c0, org.springframework.test.context.transaction.TransactionalTestExecutionListener@4be460e5, org.springframework.test.context.jdbc.SqlScriptsTestExecutionListener@454e9d65, org.springframework.test.context.event.EventPublishingTestExecutionListener@7805478c, org.springframework.boot.test.mock.mockito.ResetMocksTestExecutionListener@6807989e, org.springframework.boot.test.autoconfigure.restdocs.RestDocsTestExecutionListener@c2e33, org.springframework.boot.test.autoconfigure.web.client.MockRestServiceServerResetTestExecutionListener@31183ee2, org.springframework.boot.test.autoconfigure.web.servlet.MockMvcPrintOnlyOnFailureTestExecutionListener@63f3366a, org.springframework.boot.test.autoconfigure.web.servlet.WebDriverTestExecutionListener@37e491e2, org.springframework.boot.test.autoconfigure.webservices.client.MockWebServiceServerTestExecutionListener@56f84c9b]
2025-01-22 00:34:43,749 INFO com.example.frauddetection.FraudDetectionControllerTest [main] Starting FraudDetectionControllerTest using Java 1.8.0_231 on sventaoMac with PID 40983 (started by sventao in /Users/sventao/Documents/GK_CODE/fraud-detection)
2025-01-22 00:34:43,751 INFO com.example.frauddetection.FraudDetectionControllerTest [main] No active profile set, falling back to default profiles: default
2025-01-22 00:34:44,002 INFO org.springframework.data.repository.config.RepositoryConfigurationDelegate [main] Bootstrapping Spring Data JPA repositories in DEFAULT mode.
2025-01-22 00:34:44,018 INFO org.springframework.data.repository.config.RepositoryConfigurationDelegate [main] Finished Spring Data repository scanning in 15 ms. Found 2 JPA repository interfaces.
2025-01-22 00:34:44,230 INFO com.zaxxer.hikari.HikariDataSource [main] HikariPool-2 - Starting...
2025-01-22 00:34:44,233 INFO com.zaxxer.hikari.HikariDataSource [main] HikariPool-2 - Start completed.
2025-01-22 00:34:44,355 INFO org.hibernate.jpa.internal.util.LogHelper [main] HHH000204: Processing PersistenceUnitInfo [name: default]
2025-01-22 00:34:44,373 INFO org.hibernate.dialect.Dialect [main] HHH000400: Using dialect: org.hibernate.dialect.H2Dialect
2025-01-22 00:34:44,500 INFO org.hibernate.engine.transaction.jta.platform.internal.JtaPlatformInitiator [main] HHH000490: Using JtaPlatform implementation: [org.hibernate.engine.transaction.jta.platform.internal.NoJtaPlatform]
2025-01-22 00:34:44,501 INFO org.springframework.orm.jpa.LocalContainerEntityManagerFactoryBean [main] Initialized JPA EntityManagerFactory for persistence unit 'default'
2025-01-22 00:34:44,698 INFO org.apache.kafka.clients.consumer.ConsumerConfig [main] ConsumerConfig values: 
	allow.auto.create.topics = true
	auto.commit.interval.ms = 1000
	auto.offset.reset = latest
	bootstrap.servers = [localhost:9092]
	check.crcs = true
	client.dns.lookup = use_all_dns_ips
	client.id = consumer-fraud-detection-group-2
	client.rack = 
	connections.max.idle.ms = 540000
	default.api.timeout.ms = 60000
	enable.auto.commit = true
	exclude.internal.topics = true
	fetch.max.bytes = 52428800
	fetch.max.wait.ms = 500
	fetch.min.bytes = 1
	group.id = fraud-detection-group
	group.instance.id = null
	heartbeat.interval.ms = 3000
	interceptor.classes = []
	internal.leave.group.on.close = true
	internal.throw.on.fetch.stable.offset.unsupported = false
	isolation.level = read_uncommitted
	key.deserializer = class org.apache.kafka.common.serialization.StringDeserializer
	max.partition.fetch.bytes = 1048576
	max.poll.interval.ms = 300000
	max.poll.records = 500
	metadata.max.age.ms = 300000
	metric.reporters = []
	metrics.num.samples = 2
	metrics.recording.level = INFO
	metrics.sample.window.ms = 30000
	partition.assignment.strategy = [class org.apache.kafka.clients.consumer.RangeAssignor]
	receive.buffer.bytes = 65536
	reconnect.backoff.max.ms = 1000
	reconnect.backoff.ms = 50
	request.timeout.ms = 30000
	retry.backoff.ms = 100
	sasl.client.callback.handler.class = null
	sasl.jaas.config = null
	sasl.kerberos.kinit.cmd = /usr/bin/kinit
	sasl.kerberos.min.time.before.relogin = 60000
	sasl.kerberos.service.name = null
	sasl.kerberos.ticket.renew.jitter = 0.05
	sasl.kerberos.ticket.renew.window.factor = 0.8
	sasl.login.callback.handler.class = null
	sasl.login.class = null
	sasl.login.refresh.buffer.seconds = 300
	sasl.login.refresh.min.period.seconds = 60
	sasl.login.refresh.window.factor = 0.8
	sasl.login.refresh.window.jitter = 0.05
	sasl.mechanism = GSSAPI
	security.protocol = PLAINTEXT
	security.providers = null
	send.buffer.bytes = 131072
	session.timeout.ms = 30000
	socket.connection.setup.timeout.max.ms = 127000
	socket.connection.setup.timeout.ms = 10000
	ssl.cipher.suites = null
	ssl.enabled.protocols = [TLSv1.2]
	ssl.endpoint.identification.algorithm = https
	ssl.engine.factory.class = null
	ssl.key.password = null
	ssl.keymanager.algorithm = SunX509
	ssl.keystore.certificate.chain = null
	ssl.keystore.key = null
	ssl.keystore.location = null
	ssl.keystore.password = null
	ssl.keystore.type = JKS
	ssl.protocol = TLSv1.2
	ssl.provider = null
	ssl.secure.random.implementation = null
	ssl.trustmanager.algorithm = PKIX
	ssl.truststore.certificates = null
	ssl.truststore.location = null
	ssl.truststore.password = null
	ssl.truststore.type = JKS
	value.deserializer = class org.apache.kafka.common.serialization.StringDeserializer

2025-01-22 00:34:44,714 INFO org.apache.kafka.common.utils.AppInfoParser [main] Kafka version: 2.7.1
2025-01-22 00:34:44,714 INFO org.apache.kafka.common.utils.AppInfoParser [main] Kafka commitId: 61dbce85d0d41457
2025-01-22 00:34:44,714 INFO org.apache.kafka.common.utils.AppInfoParser [main] Kafka startTimeMs: 1737477284713
2025-01-22 00:34:44,717 INFO org.apache.kafka.clients.consumer.KafkaConsumer [pool-4-thread-1] [Consumer clientId=consumer-fraud-detection-group-2, groupId=fraud-detection-group] Subscribed to topic(s): fraud-detection-topic
2025-01-22 00:34:44,737 INFO org.apache.kafka.clients.Metadata [pool-4-thread-1] [Consumer clientId=consumer-fraud-detection-group-2, groupId=fraud-detection-group] Cluster ID: YMIwkYKRRA68ysH0Laa-Lg
2025-01-22 00:34:44,739 INFO org.apache.kafka.clients.consumer.internals.AbstractCoordinator [pool-4-thread-1] [Consumer clientId=consumer-fraud-detection-group-2, groupId=fraud-detection-group] Discovered group coordinator sventaomac:9092 (id: 2147483647 rack: null)
2025-01-22 00:34:44,741 INFO org.apache.kafka.clients.consumer.internals.AbstractCoordinator [pool-4-thread-1] [Consumer clientId=consumer-fraud-detection-group-2, groupId=fraud-detection-group] (Re-)joining group
2025-01-22 00:34:44,757 INFO org.apache.kafka.clients.consumer.internals.AbstractCoordinator [pool-4-thread-1] [Consumer clientId=consumer-fraud-detection-group-2, groupId=fraud-detection-group] (Re-)joining group
2025-01-22 00:34:44,916 WARN org.springframework.boot.autoconfigure.orm.jpa.JpaBaseConfiguration$JpaWebConfiguration [main] spring.jpa.open-in-view is enabled by default. Therefore, database queries may be performed during view rendering. Explicitly configure spring.jpa.open-in-view to disable this warning
2025-01-22 00:34:45,069 INFO org.springframework.boot.autoconfigure.h2.H2ConsoleAutoConfiguration [main] H2 console available at '/h2-console'. Database available at 'jdbc:h2:mem:fraud_db'
2025-01-22 00:34:45,357 INFO org.springframework.boot.test.mock.web.SpringBootMockServletContext [main] Initializing Spring TestDispatcherServlet ''
2025-01-22 00:34:45,357 INFO org.springframework.test.web.servlet.TestDispatcherServlet [main] Initializing Servlet ''
2025-01-22 00:34:45,359 INFO org.springframework.test.web.servlet.TestDispatcherServlet [main] Completed initialization in 2 ms
2025-01-22 00:34:45,372 INFO com.example.frauddetection.FraudDetectionControllerTest [main] Started FraudDetectionControllerTest in 1.66 seconds (JVM running for 10.815)
2025-01-22 00:34:45,698 INFO org.apache.kafka.clients.consumer.internals.AbstractCoordinator [pool-1-thread-1] [Consumer clientId=consumer-fraud-detection-group-1, groupId=fraud-detection-group] Attempt to heartbeat failed since group is rebalancing
2025-01-22 00:34:45,702 INFO org.apache.kafka.clients.consumer.internals.ConsumerCoordinator [pool-1-thread-1] [Consumer clientId=consumer-fraud-detection-group-1, groupId=fraud-detection-group] Revoke previously assigned partitions fraud-detection-topic-0
2025-01-22 00:34:45,702 INFO org.apache.kafka.clients.consumer.internals.AbstractCoordinator [pool-1-thread-1] [Consumer clientId=consumer-fraud-detection-group-1, groupId=fraud-detection-group] (Re-)joining group
2025-01-22 00:34:45,706 INFO org.apache.kafka.clients.consumer.internals.AbstractCoordinator [pool-4-thread-1] [Consumer clientId=consumer-fraud-detection-group-2, groupId=fraud-detection-group] Successfully joined group with generation Generation{generationId=566, memberId='consumer-fraud-detection-group-2-30d78f18-7dcf-4490-a7e5-035c2938bd0e', protocol='range'}
2025-01-22 00:34:45,706 INFO org.apache.kafka.clients.consumer.internals.AbstractCoordinator [pool-1-thread-1] [Consumer clientId=consumer-fraud-detection-group-1, groupId=fraud-detection-group] Successfully joined group with generation Generation{generationId=566, memberId='consumer-fraud-detection-group-1-6b394d48-e88b-4fab-9828-0af51a86b354', protocol='range'}
2025-01-22 00:34:45,707 INFO org.apache.kafka.clients.consumer.internals.ConsumerCoordinator [pool-1-thread-1] [Consumer clientId=consumer-fraud-detection-group-1, groupId=fraud-detection-group] Finished assignment for group at generation 566: {consumer-fraud-detection-group-1-6b394d48-e88b-4fab-9828-0af51a86b354=Assignment(partitions=[fraud-detection-topic-0]), consumer-fraud-detection-group-2-30d78f18-7dcf-4490-a7e5-035c2938bd0e=Assignment(partitions=[])}
2025-01-22 00:34:45,712 INFO org.apache.kafka.clients.consumer.internals.AbstractCoordinator [pool-1-thread-1] [Consumer clientId=consumer-fraud-detection-group-1, groupId=fraud-detection-group] Successfully synced group in generation Generation{generationId=566, memberId='consumer-fraud-detection-group-1-6b394d48-e88b-4fab-9828-0af51a86b354', protocol='range'}
2025-01-22 00:34:45,713 INFO org.apache.kafka.clients.consumer.internals.ConsumerCoordinator [pool-1-thread-1] [Consumer clientId=consumer-fraud-detection-group-1, groupId=fraud-detection-group] Notifying assignor about the new Assignment(partitions=[fraud-detection-topic-0])
2025-01-22 00:34:45,713 INFO org.apache.kafka.clients.consumer.internals.ConsumerCoordinator [pool-1-thread-1] [Consumer clientId=consumer-fraud-detection-group-1, groupId=fraud-detection-group] Adding newly assigned partitions: fraud-detection-topic-0
2025-01-22 00:34:45,713 INFO org.apache.kafka.clients.consumer.internals.AbstractCoordinator [pool-4-thread-1] [Consumer clientId=consumer-fraud-detection-group-2, groupId=fraud-detection-group] Successfully synced group in generation Generation{generationId=566, memberId='consumer-fraud-detection-group-2-30d78f18-7dcf-4490-a7e5-035c2938bd0e', protocol='range'}
2025-01-22 00:34:45,714 INFO org.apache.kafka.clients.consumer.internals.ConsumerCoordinator [pool-4-thread-1] [Consumer clientId=consumer-fraud-detection-group-2, groupId=fraud-detection-group] Notifying assignor about the new Assignment(partitions=[])
2025-01-22 00:34:45,714 INFO org.apache.kafka.clients.consumer.internals.ConsumerCoordinator [pool-4-thread-1] [Consumer clientId=consumer-fraud-detection-group-2, groupId=fraud-detection-group] Adding newly assigned partitions: 
2025-01-22 00:34:45,715 INFO org.apache.kafka.clients.consumer.internals.ConsumerCoordinator [pool-1-thread-1] [Consumer clientId=consumer-fraud-detection-group-1, groupId=fraud-detection-group] Setting offset for partition fraud-detection-topic-0 to the committed offset FetchPosition{offset=414, offsetEpoch=Optional[0], currentLeader=LeaderAndEpoch{leader=Optional[sventaomac:9092 (id: 0 rack: null)], epoch=0}}
2025-01-22 00:34:45,861 INFO org.apache.kafka.clients.producer.ProducerConfig [main] ProducerConfig values: 
	acks = 1
	batch.size = 16384
	bootstrap.servers = [localhost:9092]
	buffer.memory = 33554432
	client.dns.lookup = use_all_dns_ips
	client.id = producer-1
	compression.type = none
	connections.max.idle.ms = 540000
	delivery.timeout.ms = 120000
	enable.idempotence = false
	interceptor.classes = []
	internal.auto.downgrade.txn.commit = false
	key.serializer = class org.apache.kafka.common.serialization.StringSerializer
	linger.ms = 0
	max.block.ms = 60000
	max.in.flight.requests.per.connection = 5
	max.request.size = 1048576
	metadata.max.age.ms = 300000
	metadata.max.idle.ms = 300000
	metric.reporters = []
	metrics.num.samples = 2
	metrics.recording.level = INFO
	metrics.sample.window.ms = 30000
	partitioner.class = class org.apache.kafka.clients.producer.internals.DefaultPartitioner
	receive.buffer.bytes = 32768
	reconnect.backoff.max.ms = 1000
	reconnect.backoff.ms = 50
	request.timeout.ms = 30000
	retries = 2147483647
	retry.backoff.ms = 100
	sasl.client.callback.handler.class = null
	sasl.jaas.config = null
	sasl.kerberos.kinit.cmd = /usr/bin/kinit
	sasl.kerberos.min.time.before.relogin = 60000
	sasl.kerberos.service.name = null
	sasl.kerberos.ticket.renew.jitter = 0.05
	sasl.kerberos.ticket.renew.window.factor = 0.8
	sasl.login.callback.handler.class = null
	sasl.login.class = null
	sasl.login.refresh.buffer.seconds = 300
	sasl.login.refresh.min.period.seconds = 60
	sasl.login.refresh.window.factor = 0.8
	sasl.login.refresh.window.jitter = 0.05
	sasl.mechanism = GSSAPI
	security.protocol = PLAINTEXT
	security.providers = null
	send.buffer.bytes = 131072
	socket.connection.setup.timeout.max.ms = 127000
	socket.connection.setup.timeout.ms = 10000
	ssl.cipher.suites = null
	ssl.enabled.protocols = [TLSv1.2]
	ssl.endpoint.identification.algorithm = https
	ssl.engine.factory.class = null
	ssl.key.password = null
	ssl.keymanager.algorithm = SunX509
	ssl.keystore.certificate.chain = null
	ssl.keystore.key = null
	ssl.keystore.location = null
	ssl.keystore.password = null
	ssl.keystore.type = JKS
	ssl.protocol = TLSv1.2
	ssl.provider = null
	ssl.secure.random.implementation = null
	ssl.trustmanager.algorithm = PKIX
	ssl.truststore.certificates = null
	ssl.truststore.location = null
	ssl.truststore.password = null
	ssl.truststore.type = JKS
	transaction.timeout.ms = 60000
	transactional.id = null
	value.serializer = class org.springframework.kafka.support.serializer.JsonSerializer

2025-01-22 00:34:45,893 INFO org.apache.kafka.common.utils.AppInfoParser [main] Kafka version: 2.7.1
2025-01-22 00:34:45,893 INFO org.apache.kafka.common.utils.AppInfoParser [main] Kafka commitId: 61dbce85d0d41457
2025-01-22 00:34:45,893 INFO org.apache.kafka.common.utils.AppInfoParser [main] Kafka startTimeMs: 1737477285892
2025-01-22 00:34:45,903 INFO org.apache.kafka.clients.Metadata [kafka-producer-network-thread | producer-1] [Producer clientId=producer-1] Cluster ID: YMIwkYKRRA68ysH0Laa-Lg
2025-01-22 00:34:45,943 INFO com.example.frauddetection.kafka.FraudDetectionProducer [main] sendTransaction success， message：TransactionDTO(transactionId=transactionId401, userId=111, amount=100, ip=null, bussTime=null) 
2025-01-22 00:34:50,968 INFO org.springframework.boot.test.context.SpringBootTestContextBootstrapper [main] Neither @ContextConfiguration nor @ContextHierarchy found for test class [com.example.frauddetection.FraudDetectionRetryServiceTest], using SpringBootContextLoader
2025-01-22 00:34:50,969 INFO org.springframework.test.context.support.AbstractContextLoader [main] Could not detect default resource locations for test class [com.example.frauddetection.FraudDetectionRetryServiceTest]: no resource found for suffixes {-context.xml, Context.groovy}.
2025-01-22 00:34:50,974 INFO org.springframework.boot.test.context.SpringBootTestContextBootstrapper [main] Loaded default TestExecutionListener class names from location [META-INF/spring.factories]: [org.springframework.boot.test.mock.mockito.MockitoTestExecutionListener, org.springframework.boot.test.mock.mockito.ResetMocksTestExecutionListener, org.springframework.boot.test.autoconfigure.restdocs.RestDocsTestExecutionListener, org.springframework.boot.test.autoconfigure.web.client.MockRestServiceServerResetTestExecutionListener, org.springframework.boot.test.autoconfigure.web.servlet.MockMvcPrintOnlyOnFailureTestExecutionListener, org.springframework.boot.test.autoconfigure.web.servlet.WebDriverTestExecutionListener, org.springframework.boot.test.autoconfigure.webservices.client.MockWebServiceServerTestExecutionListener, org.springframework.test.context.web.ServletTestExecutionListener, org.springframework.test.context.support.DirtiesContextBeforeModesTestExecutionListener, org.springframework.test.context.event.ApplicationEventsTestExecutionListener, org.springframework.test.context.support.DependencyInjectionTestExecutionListener, org.springframework.test.context.support.DirtiesContextTestExecutionListener, org.springframework.test.context.transaction.TransactionalTestExecutionListener, org.springframework.test.context.jdbc.SqlScriptsTestExecutionListener, org.springframework.test.context.event.EventPublishingTestExecutionListener]
2025-01-22 00:34:50,974 INFO org.springframework.boot.test.context.SpringBootTestContextBootstrapper [main] Using TestExecutionListeners: [org.springframework.test.context.web.ServletTestExecutionListener@3117ac8d, org.springframework.test.context.support.DirtiesContextBeforeModesTestExecutionListener@760c777d, org.springframework.test.context.event.ApplicationEventsTestExecutionListener@7ea039b4, org.springframework.boot.test.mock.mockito.MockitoTestExecutionListener@1aef7428, org.springframework.boot.test.autoconfigure.SpringBootDependencyInjectionTestExecutionListener@1610c03c, org.springframework.test.context.support.DirtiesContextTestExecutionListener@332fa1c, org.springframework.test.context.transaction.TransactionalTestExecutionListener@7c200e57, org.springframework.test.context.jdbc.SqlScriptsTestExecutionListener@1d0f7bcf, org.springframework.test.context.event.EventPublishingTestExecutionListener@d0e4972, org.springframework.boot.test.mock.mockito.ResetMocksTestExecutionListener@1978b0d5, org.springframework.boot.test.autoconfigure.restdocs.RestDocsTestExecutionListener@6556471b, org.springframework.boot.test.autoconfigure.web.client.MockRestServiceServerResetTestExecutionListener@3e1897d, org.springframework.boot.test.autoconfigure.web.servlet.MockMvcPrintOnlyOnFailureTestExecutionListener@7cdb05aa, org.springframework.boot.test.autoconfigure.web.servlet.WebDriverTestExecutionListener@2079fcfc, org.springframework.boot.test.autoconfigure.webservices.client.MockWebServiceServerTestExecutionListener@77401977]
2025-01-22 00:34:51,020 INFO com.example.frauddetection.service.FraudDetectionRetryService [main] doRetry start, time:1737477291
2025-01-22 00:34:51,020 INFO com.example.frauddetection.service.FraudDetectionRetryService [main] doRetry end, time:1737477291
2025-01-22 00:34:51,040 INFO com.example.frauddetection.service.FraudDetectionRetryService [main] doRetry start, time:1737477291
2025-01-22 00:34:51,040 INFO com.example.frauddetection.service.FraudDetectionRetryService [main] doRetry retryEntity:FraudDetectRetryEntity(id=2, transactionId=transactionId10086, transactionRecord={"amount":100,"bussTime":1737477291035,"transactionId":"transactionId10086","userId":101}, retryStat=1, retryTimes=0, createdAt=1737477291035, updatedAt=1737477291035)
2025-01-22 00:34:51,048 INFO com.example.frauddetection.service.FraudDetectionRetryService [main] doRetry end, time:1737477291
2025-01-22 00:34:51,065 INFO org.apache.kafka.clients.producer.ProducerConfig [main] ProducerConfig values: 
	acks = 1
	batch.size = 16384
	bootstrap.servers = [localhost:9092]
	buffer.memory = 33554432
	client.dns.lookup = use_all_dns_ips
	client.id = producer-2
	compression.type = none
	connections.max.idle.ms = 540000
	delivery.timeout.ms = 120000
	enable.idempotence = false
	interceptor.classes = []
	internal.auto.downgrade.txn.commit = false
	key.serializer = class org.apache.kafka.common.serialization.StringSerializer
	linger.ms = 0
	max.block.ms = 60000
	max.in.flight.requests.per.connection = 5
	max.request.size = 1048576
	metadata.max.age.ms = 300000
	metadata.max.idle.ms = 300000
	metric.reporters = []
	metrics.num.samples = 2
	metrics.recording.level = INFO
	metrics.sample.window.ms = 30000
	partitioner.class = class org.apache.kafka.clients.producer.internals.DefaultPartitioner
	receive.buffer.bytes = 32768
	reconnect.backoff.max.ms = 1000
	reconnect.backoff.ms = 50
	request.timeout.ms = 30000
	retries = 2147483647
	retry.backoff.ms = 100
	sasl.client.callback.handler.class = null
	sasl.jaas.config = null
	sasl.kerberos.kinit.cmd = /usr/bin/kinit
	sasl.kerberos.min.time.before.relogin = 60000
	sasl.kerberos.service.name = null
	sasl.kerberos.ticket.renew.jitter = 0.05
	sasl.kerberos.ticket.renew.window.factor = 0.8
	sasl.login.callback.handler.class = null
	sasl.login.class = null
	sasl.login.refresh.buffer.seconds = 300
	sasl.login.refresh.min.period.seconds = 60
	sasl.login.refresh.window.factor = 0.8
	sasl.login.refresh.window.jitter = 0.05
	sasl.mechanism = GSSAPI
	security.protocol = PLAINTEXT
	security.providers = null
	send.buffer.bytes = 131072
	socket.connection.setup.timeout.max.ms = 127000
	socket.connection.setup.timeout.ms = 10000
	ssl.cipher.suites = null
	ssl.enabled.protocols = [TLSv1.2]
	ssl.endpoint.identification.algorithm = https
	ssl.engine.factory.class = null
	ssl.key.password = null
	ssl.keymanager.algorithm = SunX509
	ssl.keystore.certificate.chain = null
	ssl.keystore.key = null
	ssl.keystore.location = null
	ssl.keystore.password = null
	ssl.keystore.type = JKS
	ssl.protocol = TLSv1.2
	ssl.provider = null
	ssl.secure.random.implementation = null
	ssl.trustmanager.algorithm = PKIX
	ssl.truststore.certificates = null
	ssl.truststore.location = null
	ssl.truststore.password = null
	ssl.truststore.type = JKS
	transaction.timeout.ms = 60000
	transactional.id = null
	value.serializer = class org.springframework.kafka.support.serializer.JsonSerializer

2025-01-22 00:34:51,072 INFO org.apache.kafka.common.utils.AppInfoParser [main] Kafka version: 2.7.1
2025-01-22 00:34:51,072 INFO org.apache.kafka.common.utils.AppInfoParser [main] Kafka commitId: 61dbce85d0d41457
2025-01-22 00:34:51,072 INFO org.apache.kafka.common.utils.AppInfoParser [main] Kafka startTimeMs: 1737477291072
2025-01-22 00:34:51,078 INFO org.apache.kafka.clients.Metadata [kafka-producer-network-thread | producer-2] [Producer clientId=producer-2] Cluster ID: YMIwkYKRRA68ysH0Laa-Lg
2025-01-22 00:34:51,081 INFO com.example.frauddetection.kafka.FraudDetectionProducer [main] sendTransaction success， message：TransactionDTO(transactionId=transactionId10088, userId=null, amount=100, ip=null, bussTime=1737477291064) 
2025-01-22 00:34:51,091 ERROR com.example.frauddetection.kafka.FraudDetectionConsumer [pool-1-thread-1] consumeMsg message：{"transactionId":"transactionId10088","userId":null,"amount":100,"ip":null,"bussTime":1737477291064} fail, input parameter error
2025-01-22 00:34:51,096 ERROR com.example.frauddetection.kafka.MessageConsumer [pool-1-thread-1] consumeMsg fail.
com.example.frauddetection.exception.ParaErrException: input parameter error
	at com.example.frauddetection.kafka.FraudDetectionConsumer.consumeMsg(FraudDetectionConsumer.java:54)
	at com.example.frauddetection.kafka.MessageConsumer.lambda$startListening$0(MessageConsumer.java:87)
	at java.util.concurrent.FutureTask.run(FutureTask.java:266)
	at java.util.concurrent.ThreadPoolExecutor.runWorker(ThreadPoolExecutor.java:1149)
	at java.util.concurrent.ThreadPoolExecutor$Worker.run(ThreadPoolExecutor.java:624)
	at java.lang.Thread.run(Thread.java:748)
2025-01-22 00:34:56,091 INFO com.example.frauddetection.service.FraudDetectionRetryService [main] doRetry start, time:1737477296
2025-01-22 00:34:56,091 INFO com.example.frauddetection.service.FraudDetectionRetryService [main] doRetry end, time:1737477296
2025-01-22 00:34:56,100 INFO org.springframework.boot.test.context.SpringBootTestContextBootstrapper [main] Neither @ContextConfiguration nor @ContextHierarchy found for test class [com.example.frauddetection.FraudDetectionConsumerTest], using SpringBootContextLoader
2025-01-22 00:34:56,100 INFO org.springframework.test.context.support.AbstractContextLoader [main] Could not detect default resource locations for test class [com.example.frauddetection.FraudDetectionConsumerTest]: no resource found for suffixes {-context.xml, Context.groovy}.
2025-01-22 00:34:56,103 INFO org.springframework.boot.test.context.SpringBootTestContextBootstrapper [main] Loaded default TestExecutionListener class names from location [META-INF/spring.factories]: [org.springframework.boot.test.mock.mockito.MockitoTestExecutionListener, org.springframework.boot.test.mock.mockito.ResetMocksTestExecutionListener, org.springframework.boot.test.autoconfigure.restdocs.RestDocsTestExecutionListener, org.springframework.boot.test.autoconfigure.web.client.MockRestServiceServerResetTestExecutionListener, org.springframework.boot.test.autoconfigure.web.servlet.MockMvcPrintOnlyOnFailureTestExecutionListener, org.springframework.boot.test.autoconfigure.web.servlet.WebDriverTestExecutionListener, org.springframework.boot.test.autoconfigure.webservices.client.MockWebServiceServerTestExecutionListener, org.springframework.test.context.web.ServletTestExecutionListener, org.springframework.test.context.support.DirtiesContextBeforeModesTestExecutionListener, org.springframework.test.context.event.ApplicationEventsTestExecutionListener, org.springframework.test.context.support.DependencyInjectionTestExecutionListener, org.springframework.test.context.support.DirtiesContextTestExecutionListener, org.springframework.test.context.transaction.TransactionalTestExecutionListener, org.springframework.test.context.jdbc.SqlScriptsTestExecutionListener, org.springframework.test.context.event.EventPublishingTestExecutionListener]
2025-01-22 00:34:56,103 INFO org.springframework.boot.test.context.SpringBootTestContextBootstrapper [main] Using TestExecutionListeners: [org.springframework.test.context.web.ServletTestExecutionListener@2114eb1a, org.springframework.test.context.support.DirtiesContextBeforeModesTestExecutionListener@7e514482, org.springframework.test.context.event.ApplicationEventsTestExecutionListener@1e5e3147, org.springframework.boot.test.mock.mockito.MockitoTestExecutionListener@3c271988, org.springframework.boot.test.autoconfigure.SpringBootDependencyInjectionTestExecutionListener@3aed692d, org.springframework.test.context.support.DirtiesContextTestExecutionListener@4eec5fa6, org.springframework.test.context.transaction.TransactionalTestExecutionListener@21579b35, org.springframework.test.context.jdbc.SqlScriptsTestExecutionListener@25b83dce, org.springframework.test.context.event.EventPublishingTestExecutionListener@74cd8c55, org.springframework.boot.test.mock.mockito.ResetMocksTestExecutionListener@5870fc05, org.springframework.boot.test.autoconfigure.restdocs.RestDocsTestExecutionListener@45e35a0d, org.springframework.boot.test.autoconfigure.web.client.MockRestServiceServerResetTestExecutionListener@21d15932, org.springframework.boot.test.autoconfigure.web.servlet.MockMvcPrintOnlyOnFailureTestExecutionListener@3966c679, org.springframework.boot.test.autoconfigure.web.servlet.WebDriverTestExecutionListener@66a99584, org.springframework.boot.test.autoconfigure.webservices.client.MockWebServiceServerTestExecutionListener@3945886e]
2025-01-22 00:34:57,117 ERROR com.example.frauddetection.kafka.FraudDetectionConsumer [main] consumeMsg message：{"amount":100,"bussTime":1737477297117,"transactionId":"transactionId01"} fail, input parameter error
2025-01-22 00:34:58,151 ERROR com.example.frauddetection.kafka.FraudDetectionConsumer [main] consumeMsg message：{"amount":100,"bussTime":1737477298135,"transactionId":"transactionId04","userId":111} fail, too busy
2025-01-22 00:34:58,163 INFO org.apache.kafka.clients.producer.KafkaProducer [SpringApplicationShutdownHook] [Producer clientId=producer-2] Closing the Kafka producer with timeoutMillis = 30000 ms.
2025-01-22 00:34:58,169 INFO org.apache.kafka.common.metrics.Metrics [SpringApplicationShutdownHook] Metrics scheduler closed
2025-01-22 00:34:58,169 INFO org.apache.kafka.common.metrics.Metrics [SpringApplicationShutdownHook] Closing reporter org.apache.kafka.common.metrics.JmxReporter
2025-01-22 00:34:58,169 INFO org.apache.kafka.common.metrics.Metrics [SpringApplicationShutdownHook] Metrics reporters closed
2025-01-22 00:34:58,170 INFO org.apache.kafka.common.utils.AppInfoParser [SpringApplicationShutdownHook] App info kafka.producer for producer-2 unregistered
2025-01-22 00:34:58,171 INFO org.springframework.orm.jpa.LocalContainerEntityManagerFactoryBean [SpringApplicationShutdownHook] Closing JPA EntityManagerFactory for persistence unit 'default'
2025-01-22 00:34:58,172 INFO org.hibernate.tool.schema.internal.SchemaDropperImpl$DelayedDropActionImpl [SpringApplicationShutdownHook] HHH000477: Starting delayed evictData of schema as part of SessionFactory shut-down'
2025-01-22 00:34:58,174 WARN org.hibernate.engine.jdbc.spi.SqlExceptionHelper [SpringApplicationShutdownHook] SQL Error: 90121, SQLState: 90121
2025-01-22 00:34:58,174 ERROR org.hibernate.engine.jdbc.spi.SqlExceptionHelper [SpringApplicationShutdownHook] Database is already closed (to disable automatic closing at VM shutdown, add ";DB_CLOSE_ON_EXIT=FALSE" to the db URL) [90121-200]
2025-01-22 00:34:58,175 WARN org.hibernate.engine.jdbc.spi.SqlExceptionHelper [SpringApplicationShutdownHook] SQL Error: 90121, SQLState: 90121
2025-01-22 00:34:58,175 ERROR org.hibernate.engine.jdbc.spi.SqlExceptionHelper [SpringApplicationShutdownHook] Database is already closed (to disable automatic closing at VM shutdown, add ";DB_CLOSE_ON_EXIT=FALSE" to the db URL) [90121-200]
2025-01-22 00:34:58,175 WARN org.springframework.beans.factory.support.DisposableBeanAdapter [SpringApplicationShutdownHook] Invocation of destroy method failed on bean with name 'entityManagerFactory': org.hibernate.exception.JDBCConnectionException: Unable to release JDBC Connection used for DDL execution
2025-01-22 00:34:58,176 INFO com.zaxxer.hikari.HikariDataSource [SpringApplicationShutdownHook] HikariPool-1 - Shutdown initiated...
2025-01-22 00:34:58,178 INFO com.zaxxer.hikari.HikariDataSource [SpringApplicationShutdownHook] HikariPool-1 - Shutdown completed.
2025-01-22 00:34:58,181 INFO org.apache.kafka.clients.producer.KafkaProducer [SpringApplicationShutdownHook] [Producer clientId=producer-1] Closing the Kafka producer with timeoutMillis = 30000 ms.
2025-01-22 00:34:58,184 INFO org.apache.kafka.common.metrics.Metrics [SpringApplicationShutdownHook] Metrics scheduler closed
2025-01-22 00:34:58,184 INFO org.apache.kafka.common.metrics.Metrics [SpringApplicationShutdownHook] Closing reporter org.apache.kafka.common.metrics.JmxReporter
2025-01-22 00:34:58,184 INFO org.apache.kafka.common.metrics.Metrics [SpringApplicationShutdownHook] Metrics reporters closed
2025-01-22 00:34:58,184 INFO org.apache.kafka.common.utils.AppInfoParser [SpringApplicationShutdownHook] App info kafka.producer for producer-1 unregistered
2025-01-22 00:34:58,185 INFO org.springframework.orm.jpa.LocalContainerEntityManagerFactoryBean [SpringApplicationShutdownHook] Closing JPA EntityManagerFactory for persistence unit 'default'
2025-01-22 00:34:58,185 INFO org.hibernate.tool.schema.internal.SchemaDropperImpl$DelayedDropActionImpl [SpringApplicationShutdownHook] HHH000477: Starting delayed evictData of schema as part of SessionFactory shut-down'
2025-01-22 00:34:58,194 INFO com.zaxxer.hikari.HikariDataSource [SpringApplicationShutdownHook] HikariPool-2 - Shutdown initiated...
2025-01-22 00:34:58,197 INFO com.zaxxer.hikari.HikariDataSource [SpringApplicationShutdownHook] HikariPool-2 - Shutdown completed.
2025-01-22 00:35:08,689 INFO org.springframework.boot.test.context.SpringBootTestContextBootstrapper [main] Neither @ContextConfiguration nor @ContextHierarchy found for test class [com.example.frauddetection.FraudDetectionApplicationTests], using SpringBootContextLoader
2025-01-22 00:35:08,696 INFO org.springframework.test.context.support.AbstractContextLoader [main] Could not detect default resource locations for test class [com.example.frauddetection.FraudDetectionApplicationTests]: no resource found for suffixes {-context.xml, Context.groovy}.
2025-01-22 00:35:08,697 INFO org.springframework.test.context.support.AnnotationConfigContextLoaderUtils [main] Could not detect default configuration classes for test class [com.example.frauddetection.FraudDetectionApplicationTests]: FraudDetectionApplicationTests does not declare any static, non-private, non-final, nested classes annotated with @Configuration.
2025-01-22 00:35:08,840 INFO org.springframework.boot.test.context.SpringBootTestContextBootstrapper [main] Found @SpringBootConfiguration com.example.frauddetection.FraudDetectionApplication for test class com.example.frauddetection.FraudDetectionApplicationTests
2025-01-22 00:35:08,965 INFO org.springframework.boot.test.context.SpringBootTestContextBootstrapper [main] Loaded default TestExecutionListener class names from location [META-INF/spring.factories]: [org.springframework.boot.test.mock.mockito.MockitoTestExecutionListener, org.springframework.boot.test.mock.mockito.ResetMocksTestExecutionListener, org.springframework.boot.test.autoconfigure.restdocs.RestDocsTestExecutionListener, org.springframework.boot.test.autoconfigure.web.client.MockRestServiceServerResetTestExecutionListener, org.springframework.boot.test.autoconfigure.web.servlet.MockMvcPrintOnlyOnFailureTestExecutionListener, org.springframework.boot.test.autoconfigure.web.servlet.WebDriverTestExecutionListener, org.springframework.boot.test.autoconfigure.webservices.client.MockWebServiceServerTestExecutionListener, org.springframework.test.context.web.ServletTestExecutionListener, org.springframework.test.context.support.DirtiesContextBeforeModesTestExecutionListener, org.springframework.test.context.event.ApplicationEventsTestExecutionListener, org.springframework.test.context.support.DependencyInjectionTestExecutionListener, org.springframework.test.context.support.DirtiesContextTestExecutionListener, org.springframework.test.context.transaction.TransactionalTestExecutionListener, org.springframework.test.context.jdbc.SqlScriptsTestExecutionListener, org.springframework.test.context.event.EventPublishingTestExecutionListener]
2025-01-22 00:35:08,986 INFO org.springframework.boot.test.context.SpringBootTestContextBootstrapper [main] Using TestExecutionListeners: [org.springframework.test.context.web.ServletTestExecutionListener@776a6d9b, org.springframework.test.context.support.DirtiesContextBeforeModesTestExecutionListener@21d03963, org.springframework.test.context.event.ApplicationEventsTestExecutionListener@1f760b47, org.springframework.boot.test.mock.mockito.MockitoTestExecutionListener@18ece7f4, org.springframework.boot.test.autoconfigure.SpringBootDependencyInjectionTestExecutionListener@3cce57c7, org.springframework.test.context.support.DirtiesContextTestExecutionListener@1cf56a1c, org.springframework.test.context.transaction.TransactionalTestExecutionListener@33f676f6, org.springframework.test.context.jdbc.SqlScriptsTestExecutionListener@4c5ae43b, org.springframework.test.context.event.EventPublishingTestExecutionListener@264f218, org.springframework.boot.test.mock.mockito.ResetMocksTestExecutionListener@3576ddc2, org.springframework.boot.test.autoconfigure.restdocs.RestDocsTestExecutionListener@35b74c5c, org.springframework.boot.test.autoconfigure.web.client.MockRestServiceServerResetTestExecutionListener@2e570ded, org.springframework.boot.test.autoconfigure.web.servlet.MockMvcPrintOnlyOnFailureTestExecutionListener@b86de0d, org.springframework.boot.test.autoconfigure.web.servlet.WebDriverTestExecutionListener@81d9a72, org.springframework.boot.test.autoconfigure.webservices.client.MockWebServiceServerTestExecutionListener@747f281]
2025-01-22 00:35:09,357 INFO com.example.frauddetection.FraudDetectionApplicationTests [main] Starting FraudDetectionApplicationTests using Java 1.8.0_231 on sventaoMac with PID 41016 (started by sventao in /Users/sventao/Documents/GK_CODE/fraud-detection)
2025-01-22 00:35:09,360 INFO com.example.frauddetection.FraudDetectionApplicationTests [main] No active profile set, falling back to default profiles: default
2025-01-22 00:35:10,111 INFO org.springframework.data.repository.config.RepositoryConfigurationDelegate [main] Bootstrapping Spring Data JPA repositories in DEFAULT mode.
2025-01-22 00:35:10,187 INFO org.springframework.data.repository.config.RepositoryConfigurationDelegate [main] Finished Spring Data repository scanning in 64 ms. Found 2 JPA repository interfaces.
2025-01-22 00:35:10,818 INFO com.zaxxer.hikari.HikariDataSource [main] HikariPool-1 - Starting...
2025-01-22 00:35:11,159 INFO com.zaxxer.hikari.HikariDataSource [main] HikariPool-1 - Start completed.
2025-01-22 00:35:11,392 INFO org.hibernate.jpa.internal.util.LogHelper [main] HHH000204: Processing PersistenceUnitInfo [name: default]
2025-01-22 00:35:11,477 INFO org.hibernate.Version [main] HHH000412: Hibernate ORM core version 5.4.32.Final
2025-01-22 00:35:11,663 INFO org.hibernate.annotations.common.Version [main] HCANN000001: Hibernate Commons Annotations {5.1.2.Final}
2025-01-22 00:35:11,815 INFO org.hibernate.dialect.Dialect [main] HHH000400: Using dialect: org.hibernate.dialect.H2Dialect
2025-01-22 00:35:12,663 INFO org.hibernate.engine.transaction.jta.platform.internal.JtaPlatformInitiator [main] HHH000490: Using JtaPlatform implementation: [org.hibernate.engine.transaction.jta.platform.internal.NoJtaPlatform]
2025-01-22 00:35:12,675 INFO org.springframework.orm.jpa.LocalContainerEntityManagerFactoryBean [main] Initialized JPA EntityManagerFactory for persistence unit 'default'
2025-01-22 00:35:13,394 INFO org.apache.kafka.clients.consumer.ConsumerConfig [main] ConsumerConfig values: 
	allow.auto.create.topics = true
	auto.commit.interval.ms = 1000
	auto.offset.reset = latest
	bootstrap.servers = [localhost:9092]
	check.crcs = true
	client.dns.lookup = use_all_dns_ips
	client.id = consumer-fraud-detection-group-1
	client.rack = 
	connections.max.idle.ms = 540000
	default.api.timeout.ms = 60000
	enable.auto.commit = true
	exclude.internal.topics = true
	fetch.max.bytes = 52428800
	fetch.max.wait.ms = 500
	fetch.min.bytes = 1
	group.id = fraud-detection-group
	group.instance.id = null
	heartbeat.interval.ms = 3000
	interceptor.classes = []
	internal.leave.group.on.close = true
	internal.throw.on.fetch.stable.offset.unsupported = false
	isolation.level = read_uncommitted
	key.deserializer = class org.apache.kafka.common.serialization.StringDeserializer
	max.partition.fetch.bytes = 1048576
	max.poll.interval.ms = 300000
	max.poll.records = 500
	metadata.max.age.ms = 300000
	metric.reporters = []
	metrics.num.samples = 2
	metrics.recording.level = INFO
	metrics.sample.window.ms = 30000
	partition.assignment.strategy = [class org.apache.kafka.clients.consumer.RangeAssignor]
	receive.buffer.bytes = 65536
	reconnect.backoff.max.ms = 1000
	reconnect.backoff.ms = 50
	request.timeout.ms = 30000
	retry.backoff.ms = 100
	sasl.client.callback.handler.class = null
	sasl.jaas.config = null
	sasl.kerberos.kinit.cmd = /usr/bin/kinit
	sasl.kerberos.min.time.before.relogin = 60000
	sasl.kerberos.service.name = null
	sasl.kerberos.ticket.renew.jitter = 0.05
	sasl.kerberos.ticket.renew.window.factor = 0.8
	sasl.login.callback.handler.class = null
	sasl.login.class = null
	sasl.login.refresh.buffer.seconds = 300
	sasl.login.refresh.min.period.seconds = 60
	sasl.login.refresh.window.factor = 0.8
	sasl.login.refresh.window.jitter = 0.05
	sasl.mechanism = GSSAPI
	security.protocol = PLAINTEXT
	security.providers = null
	send.buffer.bytes = 131072
	session.timeout.ms = 30000
	socket.connection.setup.timeout.max.ms = 127000
	socket.connection.setup.timeout.ms = 10000
	ssl.cipher.suites = null
	ssl.enabled.protocols = [TLSv1.2]
	ssl.endpoint.identification.algorithm = https
	ssl.engine.factory.class = null
	ssl.key.password = null
	ssl.keymanager.algorithm = SunX509
	ssl.keystore.certificate.chain = null
	ssl.keystore.key = null
	ssl.keystore.location = null
	ssl.keystore.password = null
	ssl.keystore.type = JKS
	ssl.protocol = TLSv1.2
	ssl.provider = null
	ssl.secure.random.implementation = null
	ssl.trustmanager.algorithm = PKIX
	ssl.truststore.certificates = null
	ssl.truststore.location = null
	ssl.truststore.password = null
	ssl.truststore.type = JKS
	value.deserializer = class org.apache.kafka.common.serialization.StringDeserializer

2025-01-22 00:35:13,548 INFO org.apache.kafka.common.utils.AppInfoParser [main] Kafka version: 2.7.1
2025-01-22 00:35:13,548 INFO org.apache.kafka.common.utils.AppInfoParser [main] Kafka commitId: 61dbce85d0d41457
2025-01-22 00:35:13,548 INFO org.apache.kafka.common.utils.AppInfoParser [main] Kafka startTimeMs: 1737477313546
2025-01-22 00:35:13,552 INFO org.apache.kafka.clients.consumer.KafkaConsumer [pool-1-thread-1] [Consumer clientId=consumer-fraud-detection-group-1, groupId=fraud-detection-group] Subscribed to topic(s): fraud-detection-topic
2025-01-22 00:35:14,153 WARN org.springframework.boot.autoconfigure.orm.jpa.JpaBaseConfiguration$JpaWebConfiguration [main] spring.jpa.open-in-view is enabled by default. Therefore, database queries may be performed during view rendering. Explicitly configure spring.jpa.open-in-view to disable this warning
2025-01-22 00:35:14,293 INFO org.apache.kafka.clients.Metadata [pool-1-thread-1] [Consumer clientId=consumer-fraud-detection-group-1, groupId=fraud-detection-group] Cluster ID: YMIwkYKRRA68ysH0Laa-Lg
2025-01-22 00:35:14,295 INFO org.apache.kafka.clients.consumer.internals.AbstractCoordinator [pool-1-thread-1] [Consumer clientId=consumer-fraud-detection-group-1, groupId=fraud-detection-group] Discovered group coordinator sventaomac:9092 (id: 2147483647 rack: null)
2025-01-22 00:35:14,299 INFO org.apache.kafka.clients.consumer.internals.AbstractCoordinator [pool-1-thread-1] [Consumer clientId=consumer-fraud-detection-group-1, groupId=fraud-detection-group] (Re-)joining group
2025-01-22 00:35:14,315 INFO org.apache.kafka.clients.consumer.internals.AbstractCoordinator [pool-1-thread-1] [Consumer clientId=consumer-fraud-detection-group-1, groupId=fraud-detection-group] (Re-)joining group
2025-01-22 00:35:14,585 INFO org.springframework.boot.autoconfigure.h2.H2ConsoleAutoConfiguration [main] H2 console available at '/h2-console'. Database available at 'jdbc:h2:mem:fraud_db'
2025-01-22 00:35:15,117 INFO com.example.frauddetection.FraudDetectionApplicationTests [main] Started FraudDetectionApplicationTests in 6.09 seconds (JVM running for 7.372)
2025-01-22 00:35:15,241 INFO org.springframework.boot.test.context.SpringBootTestContextBootstrapper [main] Neither @ContextConfiguration nor @ContextHierarchy found for test class [com.example.frauddetection.FraudDetectionControllerTest], using SpringBootContextLoader
2025-01-22 00:35:15,242 INFO org.springframework.test.context.support.AbstractContextLoader [main] Could not detect default resource locations for test class [com.example.frauddetection.FraudDetectionControllerTest]: no resource found for suffixes {-context.xml, Context.groovy}.
2025-01-22 00:35:15,257 INFO org.springframework.boot.test.context.SpringBootTestContextBootstrapper [main] Loaded default TestExecutionListener class names from location [META-INF/spring.factories]: [org.springframework.boot.test.mock.mockito.MockitoTestExecutionListener, org.springframework.boot.test.mock.mockito.ResetMocksTestExecutionListener, org.springframework.boot.test.autoconfigure.restdocs.RestDocsTestExecutionListener, org.springframework.boot.test.autoconfigure.web.client.MockRestServiceServerResetTestExecutionListener, org.springframework.boot.test.autoconfigure.web.servlet.MockMvcPrintOnlyOnFailureTestExecutionListener, org.springframework.boot.test.autoconfigure.web.servlet.WebDriverTestExecutionListener, org.springframework.boot.test.autoconfigure.webservices.client.MockWebServiceServerTestExecutionListener, org.springframework.test.context.web.ServletTestExecutionListener, org.springframework.test.context.support.DirtiesContextBeforeModesTestExecutionListener, org.springframework.test.context.event.ApplicationEventsTestExecutionListener, org.springframework.test.context.support.DependencyInjectionTestExecutionListener, org.springframework.test.context.support.DirtiesContextTestExecutionListener, org.springframework.test.context.transaction.TransactionalTestExecutionListener, org.springframework.test.context.jdbc.SqlScriptsTestExecutionListener, org.springframework.test.context.event.EventPublishingTestExecutionListener]
2025-01-22 00:35:15,258 INFO org.springframework.boot.test.context.SpringBootTestContextBootstrapper [main] Using TestExecutionListeners: [org.springframework.test.context.web.ServletTestExecutionListener@6f9a3325, org.springframework.test.context.support.DirtiesContextBeforeModesTestExecutionListener@72ceafeb, org.springframework.test.context.event.ApplicationEventsTestExecutionListener@65b2ee36, org.springframework.boot.test.mock.mockito.MockitoTestExecutionListener@28e91f6d, org.springframework.boot.test.autoconfigure.SpringBootDependencyInjectionTestExecutionListener@16d4024e, org.springframework.test.context.support.DirtiesContextTestExecutionListener@11e24688, org.springframework.test.context.transaction.TransactionalTestExecutionListener@63d3c9dc, org.springframework.test.context.jdbc.SqlScriptsTestExecutionListener@3a1a0bc, org.springframework.test.context.event.EventPublishingTestExecutionListener@35d114f4, org.springframework.boot.test.mock.mockito.ResetMocksTestExecutionListener@3684d2c0, org.springframework.boot.test.autoconfigure.restdocs.RestDocsTestExecutionListener@4be460e5, org.springframework.boot.test.autoconfigure.web.client.MockRestServiceServerResetTestExecutionListener@454e9d65, org.springframework.boot.test.autoconfigure.web.servlet.MockMvcPrintOnlyOnFailureTestExecutionListener@7805478c, org.springframework.boot.test.autoconfigure.web.servlet.WebDriverTestExecutionListener@6807989e, org.springframework.boot.test.autoconfigure.webservices.client.MockWebServiceServerTestExecutionListener@c2e33]
2025-01-22 00:35:15,307 INFO com.example.frauddetection.FraudDetectionControllerTest [main] Starting FraudDetectionControllerTest using Java 1.8.0_231 on sventaoMac with PID 41016 (started by sventao in /Users/sventao/Documents/GK_CODE/fraud-detection)
2025-01-22 00:35:15,309 INFO com.example.frauddetection.FraudDetectionControllerTest [main] No active profile set, falling back to default profiles: default
2025-01-22 00:35:15,557 INFO org.springframework.data.repository.config.RepositoryConfigurationDelegate [main] Bootstrapping Spring Data JPA repositories in DEFAULT mode.
2025-01-22 00:35:15,571 INFO org.springframework.data.repository.config.RepositoryConfigurationDelegate [main] Finished Spring Data repository scanning in 13 ms. Found 2 JPA repository interfaces.
2025-01-22 00:35:15,711 INFO com.zaxxer.hikari.HikariDataSource [main] HikariPool-2 - Starting...
2025-01-22 00:35:15,713 INFO com.zaxxer.hikari.HikariDataSource [main] HikariPool-2 - Start completed.
2025-01-22 00:35:15,753 INFO org.hibernate.jpa.internal.util.LogHelper [main] HHH000204: Processing PersistenceUnitInfo [name: default]
2025-01-22 00:35:15,758 INFO org.hibernate.dialect.Dialect [main] HHH000400: Using dialect: org.hibernate.dialect.H2Dialect
2025-01-22 00:35:15,823 INFO org.hibernate.engine.transaction.jta.platform.internal.JtaPlatformInitiator [main] HHH000490: Using JtaPlatform implementation: [org.hibernate.engine.transaction.jta.platform.internal.NoJtaPlatform]
2025-01-22 00:35:15,823 INFO org.springframework.orm.jpa.LocalContainerEntityManagerFactoryBean [main] Initialized JPA EntityManagerFactory for persistence unit 'default'
2025-01-22 00:35:16,004 INFO org.apache.kafka.clients.consumer.ConsumerConfig [main] ConsumerConfig values: 
	allow.auto.create.topics = true
	auto.commit.interval.ms = 1000
	auto.offset.reset = latest
	bootstrap.servers = [localhost:9092]
	check.crcs = true
	client.dns.lookup = use_all_dns_ips
	client.id = consumer-fraud-detection-group-2
	client.rack = 
	connections.max.idle.ms = 540000
	default.api.timeout.ms = 60000
	enable.auto.commit = true
	exclude.internal.topics = true
	fetch.max.bytes = 52428800
	fetch.max.wait.ms = 500
	fetch.min.bytes = 1
	group.id = fraud-detection-group
	group.instance.id = null
	heartbeat.interval.ms = 3000
	interceptor.classes = []
	internal.leave.group.on.close = true
	internal.throw.on.fetch.stable.offset.unsupported = false
	isolation.level = read_uncommitted
	key.deserializer = class org.apache.kafka.common.serialization.StringDeserializer
	max.partition.fetch.bytes = 1048576
	max.poll.interval.ms = 300000
	max.poll.records = 500
	metadata.max.age.ms = 300000
	metric.reporters = []
	metrics.num.samples = 2
	metrics.recording.level = INFO
	metrics.sample.window.ms = 30000
	partition.assignment.strategy = [class org.apache.kafka.clients.consumer.RangeAssignor]
	receive.buffer.bytes = 65536
	reconnect.backoff.max.ms = 1000
	reconnect.backoff.ms = 50
	request.timeout.ms = 30000
	retry.backoff.ms = 100
	sasl.client.callback.handler.class = null
	sasl.jaas.config = null
	sasl.kerberos.kinit.cmd = /usr/bin/kinit
	sasl.kerberos.min.time.before.relogin = 60000
	sasl.kerberos.service.name = null
	sasl.kerberos.ticket.renew.jitter = 0.05
	sasl.kerberos.ticket.renew.window.factor = 0.8
	sasl.login.callback.handler.class = null
	sasl.login.class = null
	sasl.login.refresh.buffer.seconds = 300
	sasl.login.refresh.min.period.seconds = 60
	sasl.login.refresh.window.factor = 0.8
	sasl.login.refresh.window.jitter = 0.05
	sasl.mechanism = GSSAPI
	security.protocol = PLAINTEXT
	security.providers = null
	send.buffer.bytes = 131072
	session.timeout.ms = 30000
	socket.connection.setup.timeout.max.ms = 127000
	socket.connection.setup.timeout.ms = 10000
	ssl.cipher.suites = null
	ssl.enabled.protocols = [TLSv1.2]
	ssl.endpoint.identification.algorithm = https
	ssl.engine.factory.class = null
	ssl.key.password = null
	ssl.keymanager.algorithm = SunX509
	ssl.keystore.certificate.chain = null
	ssl.keystore.key = null
	ssl.keystore.location = null
	ssl.keystore.password = null
	ssl.keystore.type = JKS
	ssl.protocol = TLSv1.2
	ssl.provider = null
	ssl.secure.random.implementation = null
	ssl.trustmanager.algorithm = PKIX
	ssl.truststore.certificates = null
	ssl.truststore.location = null
	ssl.truststore.password = null
	ssl.truststore.type = JKS
	value.deserializer = class org.apache.kafka.common.serialization.StringDeserializer

2025-01-22 00:35:16,014 INFO org.apache.kafka.common.utils.AppInfoParser [main] Kafka version: 2.7.1
2025-01-22 00:35:16,014 INFO org.apache.kafka.common.utils.AppInfoParser [main] Kafka commitId: 61dbce85d0d41457
2025-01-22 00:35:16,014 INFO org.apache.kafka.common.utils.AppInfoParser [main] Kafka startTimeMs: 1737477316014
2025-01-22 00:35:16,015 INFO org.apache.kafka.clients.consumer.KafkaConsumer [pool-4-thread-1] [Consumer clientId=consumer-fraud-detection-group-2, groupId=fraud-detection-group] Subscribed to topic(s): fraud-detection-topic
2025-01-22 00:35:16,024 INFO org.apache.kafka.clients.Metadata [pool-4-thread-1] [Consumer clientId=consumer-fraud-detection-group-2, groupId=fraud-detection-group] Cluster ID: YMIwkYKRRA68ysH0Laa-Lg
2025-01-22 00:35:16,028 INFO org.apache.kafka.clients.consumer.internals.AbstractCoordinator [pool-4-thread-1] [Consumer clientId=consumer-fraud-detection-group-2, groupId=fraud-detection-group] Discovered group coordinator sventaomac:9092 (id: 2147483647 rack: null)
2025-01-22 00:35:16,030 INFO org.apache.kafka.clients.consumer.internals.AbstractCoordinator [pool-4-thread-1] [Consumer clientId=consumer-fraud-detection-group-2, groupId=fraud-detection-group] (Re-)joining group
2025-01-22 00:35:16,038 INFO org.apache.kafka.clients.consumer.internals.AbstractCoordinator [pool-4-thread-1] [Consumer clientId=consumer-fraud-detection-group-2, groupId=fraud-detection-group] (Re-)joining group
2025-01-22 00:35:16,149 WARN org.springframework.boot.autoconfigure.orm.jpa.JpaBaseConfiguration$JpaWebConfiguration [main] spring.jpa.open-in-view is enabled by default. Therefore, database queries may be performed during view rendering. Explicitly configure spring.jpa.open-in-view to disable this warning
2025-01-22 00:35:16,290 INFO org.springframework.boot.autoconfigure.h2.H2ConsoleAutoConfiguration [main] H2 console available at '/h2-console'. Database available at 'jdbc:h2:mem:fraud_db'
2025-01-22 00:35:16,574 INFO org.springframework.boot.test.mock.web.SpringBootMockServletContext [main] Initializing Spring TestDispatcherServlet ''
2025-01-22 00:35:16,574 INFO org.springframework.test.web.servlet.TestDispatcherServlet [main] Initializing Servlet ''
2025-01-22 00:35:16,575 INFO org.springframework.test.web.servlet.TestDispatcherServlet [main] Completed initialization in 1 ms
2025-01-22 00:35:16,588 INFO com.example.frauddetection.FraudDetectionControllerTest [main] Started FraudDetectionControllerTest in 1.325 seconds (JVM running for 8.842)
2025-01-22 00:35:16,995 INFO org.apache.kafka.clients.producer.ProducerConfig [main] ProducerConfig values: 
	acks = 1
	batch.size = 16384
	bootstrap.servers = [localhost:9092]
	buffer.memory = 33554432
	client.dns.lookup = use_all_dns_ips
	client.id = producer-1
	compression.type = none
	connections.max.idle.ms = 540000
	delivery.timeout.ms = 120000
	enable.idempotence = false
	interceptor.classes = []
	internal.auto.downgrade.txn.commit = false
	key.serializer = class org.apache.kafka.common.serialization.StringSerializer
	linger.ms = 0
	max.block.ms = 60000
	max.in.flight.requests.per.connection = 5
	max.request.size = 1048576
	metadata.max.age.ms = 300000
	metadata.max.idle.ms = 300000
	metric.reporters = []
	metrics.num.samples = 2
	metrics.recording.level = INFO
	metrics.sample.window.ms = 30000
	partitioner.class = class org.apache.kafka.clients.producer.internals.DefaultPartitioner
	receive.buffer.bytes = 32768
	reconnect.backoff.max.ms = 1000
	reconnect.backoff.ms = 50
	request.timeout.ms = 30000
	retries = 2147483647
	retry.backoff.ms = 100
	sasl.client.callback.handler.class = null
	sasl.jaas.config = null
	sasl.kerberos.kinit.cmd = /usr/bin/kinit
	sasl.kerberos.min.time.before.relogin = 60000
	sasl.kerberos.service.name = null
	sasl.kerberos.ticket.renew.jitter = 0.05
	sasl.kerberos.ticket.renew.window.factor = 0.8
	sasl.login.callback.handler.class = null
	sasl.login.class = null
	sasl.login.refresh.buffer.seconds = 300
	sasl.login.refresh.min.period.seconds = 60
	sasl.login.refresh.window.factor = 0.8
	sasl.login.refresh.window.jitter = 0.05
	sasl.mechanism = GSSAPI
	security.protocol = PLAINTEXT
	security.providers = null
	send.buffer.bytes = 131072
	socket.connection.setup.timeout.max.ms = 127000
	socket.connection.setup.timeout.ms = 10000
	ssl.cipher.suites = null
	ssl.enabled.protocols = [TLSv1.2]
	ssl.endpoint.identification.algorithm = https
	ssl.engine.factory.class = null
	ssl.key.password = null
	ssl.keymanager.algorithm = SunX509
	ssl.keystore.certificate.chain = null
	ssl.keystore.key = null
	ssl.keystore.location = null
	ssl.keystore.password = null
	ssl.keystore.type = JKS
	ssl.protocol = TLSv1.2
	ssl.provider = null
	ssl.secure.random.implementation = null
	ssl.trustmanager.algorithm = PKIX
	ssl.truststore.certificates = null
	ssl.truststore.location = null
	ssl.truststore.password = null
	ssl.truststore.type = JKS
	transaction.timeout.ms = 60000
	transactional.id = null
	value.serializer = class org.springframework.kafka.support.serializer.JsonSerializer

2025-01-22 00:35:17,028 INFO org.apache.kafka.common.utils.AppInfoParser [main] Kafka version: 2.7.1
2025-01-22 00:35:17,028 INFO org.apache.kafka.common.utils.AppInfoParser [main] Kafka commitId: 61dbce85d0d41457
2025-01-22 00:35:17,028 INFO org.apache.kafka.common.utils.AppInfoParser [main] Kafka startTimeMs: 1737477317028
2025-01-22 00:35:17,037 INFO org.apache.kafka.clients.Metadata [kafka-producer-network-thread | producer-1] [Producer clientId=producer-1] Cluster ID: YMIwkYKRRA68ysH0Laa-Lg
2025-01-22 00:35:17,072 INFO com.example.frauddetection.kafka.FraudDetectionProducer [main] sendTransaction success， message：TransactionDTO(transactionId=transactionId401, userId=111, amount=100, ip=null, bussTime=null) 
2025-01-22 00:35:22,136 INFO org.springframework.boot.test.context.SpringBootTestContextBootstrapper [main] Neither @ContextConfiguration nor @ContextHierarchy found for test class [com.example.frauddetection.FraudDetectionRetryServiceTest], using SpringBootContextLoader
2025-01-22 00:35:22,137 INFO org.springframework.test.context.support.AbstractContextLoader [main] Could not detect default resource locations for test class [com.example.frauddetection.FraudDetectionRetryServiceTest]: no resource found for suffixes {-context.xml, Context.groovy}.
2025-01-22 00:35:22,143 INFO org.springframework.boot.test.context.SpringBootTestContextBootstrapper [main] Loaded default TestExecutionListener class names from location [META-INF/spring.factories]: [org.springframework.boot.test.mock.mockito.MockitoTestExecutionListener, org.springframework.boot.test.mock.mockito.ResetMocksTestExecutionListener, org.springframework.boot.test.autoconfigure.restdocs.RestDocsTestExecutionListener, org.springframework.boot.test.autoconfigure.web.client.MockRestServiceServerResetTestExecutionListener, org.springframework.boot.test.autoconfigure.web.servlet.MockMvcPrintOnlyOnFailureTestExecutionListener, org.springframework.boot.test.autoconfigure.web.servlet.WebDriverTestExecutionListener, org.springframework.boot.test.autoconfigure.webservices.client.MockWebServiceServerTestExecutionListener, org.springframework.test.context.web.ServletTestExecutionListener, org.springframework.test.context.support.DirtiesContextBeforeModesTestExecutionListener, org.springframework.test.context.event.ApplicationEventsTestExecutionListener, org.springframework.test.context.support.DependencyInjectionTestExecutionListener, org.springframework.test.context.support.DirtiesContextTestExecutionListener, org.springframework.test.context.transaction.TransactionalTestExecutionListener, org.springframework.test.context.jdbc.SqlScriptsTestExecutionListener, org.springframework.test.context.event.EventPublishingTestExecutionListener]
2025-01-22 00:35:22,144 INFO org.springframework.boot.test.context.SpringBootTestContextBootstrapper [main] Using TestExecutionListeners: [org.springframework.test.context.web.ServletTestExecutionListener@c0521e5, org.springframework.test.context.support.DirtiesContextBeforeModesTestExecutionListener@2e20c20b, org.springframework.test.context.event.ApplicationEventsTestExecutionListener@1d167630, org.springframework.boot.test.mock.mockito.MockitoTestExecutionListener@3bc18fec, org.springframework.boot.test.autoconfigure.SpringBootDependencyInjectionTestExecutionListener@1eee9b78, org.springframework.test.context.support.DirtiesContextTestExecutionListener@36762234, org.springframework.test.context.transaction.TransactionalTestExecutionListener@18ff753c, org.springframework.test.context.jdbc.SqlScriptsTestExecutionListener@2ff62720, org.springframework.test.context.event.EventPublishingTestExecutionListener@45295cfd, org.springframework.boot.test.mock.mockito.ResetMocksTestExecutionListener@42c9b1ee, org.springframework.boot.test.autoconfigure.restdocs.RestDocsTestExecutionListener@217c6a1e, org.springframework.boot.test.autoconfigure.web.client.MockRestServiceServerResetTestExecutionListener@3fad8636, org.springframework.boot.test.autoconfigure.web.servlet.MockMvcPrintOnlyOnFailureTestExecutionListener@306cfb8a, org.springframework.boot.test.autoconfigure.web.servlet.WebDriverTestExecutionListener@3fa57aa8, org.springframework.boot.test.autoconfigure.webservices.client.MockWebServiceServerTestExecutionListener@7d4bdbd8]
2025-01-22 00:35:22,311 INFO com.example.frauddetection.service.FraudDetectionRetryService [main] doRetry start, time:1737477322
2025-01-22 00:35:22,311 INFO com.example.frauddetection.service.FraudDetectionRetryService [main] doRetry end, time:1737477322
2025-01-22 00:35:22,341 INFO com.example.frauddetection.service.FraudDetectionRetryService [main] doRetry start, time:1737477322
2025-01-22 00:35:22,342 INFO com.example.frauddetection.service.FraudDetectionRetryService [main] doRetry retryEntity:FraudDetectRetryEntity(id=2, transactionId=transactionId10086, transactionRecord={"amount":100,"bussTime":1737477322338,"transactionId":"transactionId10086","userId":101}, retryStat=1, retryTimes=0, createdAt=1737477322338, updatedAt=1737477322338)
2025-01-22 00:35:22,402 INFO com.example.frauddetection.service.FraudDetectionRetryService [main] doRetry end, time:1737477322
2025-01-22 00:35:22,421 INFO org.apache.kafka.clients.producer.ProducerConfig [main] ProducerConfig values: 
	acks = 1
	batch.size = 16384
	bootstrap.servers = [localhost:9092]
	buffer.memory = 33554432
	client.dns.lookup = use_all_dns_ips
	client.id = producer-2
	compression.type = none
	connections.max.idle.ms = 540000
	delivery.timeout.ms = 120000
	enable.idempotence = false
	interceptor.classes = []
	internal.auto.downgrade.txn.commit = false
	key.serializer = class org.apache.kafka.common.serialization.StringSerializer
	linger.ms = 0
	max.block.ms = 60000
	max.in.flight.requests.per.connection = 5
	max.request.size = 1048576
	metadata.max.age.ms = 300000
	metadata.max.idle.ms = 300000
	metric.reporters = []
	metrics.num.samples = 2
	metrics.recording.level = INFO
	metrics.sample.window.ms = 30000
	partitioner.class = class org.apache.kafka.clients.producer.internals.DefaultPartitioner
	receive.buffer.bytes = 32768
	reconnect.backoff.max.ms = 1000
	reconnect.backoff.ms = 50
	request.timeout.ms = 30000
	retries = 2147483647
	retry.backoff.ms = 100
	sasl.client.callback.handler.class = null
	sasl.jaas.config = null
	sasl.kerberos.kinit.cmd = /usr/bin/kinit
	sasl.kerberos.min.time.before.relogin = 60000
	sasl.kerberos.service.name = null
	sasl.kerberos.ticket.renew.jitter = 0.05
	sasl.kerberos.ticket.renew.window.factor = 0.8
	sasl.login.callback.handler.class = null
	sasl.login.class = null
	sasl.login.refresh.buffer.seconds = 300
	sasl.login.refresh.min.period.seconds = 60
	sasl.login.refresh.window.factor = 0.8
	sasl.login.refresh.window.jitter = 0.05
	sasl.mechanism = GSSAPI
	security.protocol = PLAINTEXT
	security.providers = null
	send.buffer.bytes = 131072
	socket.connection.setup.timeout.max.ms = 127000
	socket.connection.setup.timeout.ms = 10000
	ssl.cipher.suites = null
	ssl.enabled.protocols = [TLSv1.2]
	ssl.endpoint.identification.algorithm = https
	ssl.engine.factory.class = null
	ssl.key.password = null
	ssl.keymanager.algorithm = SunX509
	ssl.keystore.certificate.chain = null
	ssl.keystore.key = null
	ssl.keystore.location = null
	ssl.keystore.password = null
	ssl.keystore.type = JKS
	ssl.protocol = TLSv1.2
	ssl.provider = null
	ssl.secure.random.implementation = null
	ssl.trustmanager.algorithm = PKIX
	ssl.truststore.certificates = null
	ssl.truststore.location = null
	ssl.truststore.password = null
	ssl.truststore.type = JKS
	transaction.timeout.ms = 60000
	transactional.id = null
	value.serializer = class org.springframework.kafka.support.serializer.JsonSerializer

2025-01-22 00:35:22,430 INFO org.apache.kafka.common.utils.AppInfoParser [main] Kafka version: 2.7.1
2025-01-22 00:35:22,430 INFO org.apache.kafka.common.utils.AppInfoParser [main] Kafka commitId: 61dbce85d0d41457
2025-01-22 00:35:22,430 INFO org.apache.kafka.common.utils.AppInfoParser [main] Kafka startTimeMs: 1737477322430
2025-01-22 00:35:22,447 INFO org.apache.kafka.clients.Metadata [kafka-producer-network-thread | producer-2] [Producer clientId=producer-2] Cluster ID: YMIwkYKRRA68ysH0Laa-Lg
2025-01-22 00:35:22,451 INFO com.example.frauddetection.kafka.FraudDetectionProducer [main] sendTransaction success， message：TransactionDTO(transactionId=transactionId10088, userId=null, amount=100, ip=null, bussTime=1737477322420) 
2025-01-22 00:35:27,459 INFO org.springframework.boot.test.context.SpringBootTestContextBootstrapper [main] Neither @ContextConfiguration nor @ContextHierarchy found for test class [com.example.frauddetection.FraudDetectionConsumerTest], using SpringBootContextLoader
2025-01-22 00:35:27,460 INFO org.springframework.test.context.support.AbstractContextLoader [main] Could not detect default resource locations for test class [com.example.frauddetection.FraudDetectionConsumerTest]: no resource found for suffixes {-context.xml, Context.groovy}.
2025-01-22 00:35:27,464 INFO org.springframework.boot.test.context.SpringBootTestContextBootstrapper [main] Loaded default TestExecutionListener class names from location [META-INF/spring.factories]: [org.springframework.boot.test.mock.mockito.MockitoTestExecutionListener, org.springframework.boot.test.mock.mockito.ResetMocksTestExecutionListener, org.springframework.boot.test.autoconfigure.restdocs.RestDocsTestExecutionListener, org.springframework.boot.test.autoconfigure.web.client.MockRestServiceServerResetTestExecutionListener, org.springframework.boot.test.autoconfigure.web.servlet.MockMvcPrintOnlyOnFailureTestExecutionListener, org.springframework.boot.test.autoconfigure.web.servlet.WebDriverTestExecutionListener, org.springframework.boot.test.autoconfigure.webservices.client.MockWebServiceServerTestExecutionListener, org.springframework.test.context.web.ServletTestExecutionListener, org.springframework.test.context.support.DirtiesContextBeforeModesTestExecutionListener, org.springframework.test.context.event.ApplicationEventsTestExecutionListener, org.springframework.test.context.support.DependencyInjectionTestExecutionListener, org.springframework.test.context.support.DirtiesContextTestExecutionListener, org.springframework.test.context.transaction.TransactionalTestExecutionListener, org.springframework.test.context.jdbc.SqlScriptsTestExecutionListener, org.springframework.test.context.event.EventPublishingTestExecutionListener]
2025-01-22 00:35:27,465 INFO org.springframework.boot.test.context.SpringBootTestContextBootstrapper [main] Using TestExecutionListeners: [org.springframework.test.context.web.ServletTestExecutionListener@1cfb7450, org.springframework.test.context.support.DirtiesContextBeforeModesTestExecutionListener@478c84aa, org.springframework.test.context.event.ApplicationEventsTestExecutionListener@1d1deb11, org.springframework.boot.test.mock.mockito.MockitoTestExecutionListener@18d1d137, org.springframework.boot.test.autoconfigure.SpringBootDependencyInjectionTestExecutionListener@5f4f6f89, org.springframework.test.context.support.DirtiesContextTestExecutionListener@7c45191e, org.springframework.test.context.transaction.TransactionalTestExecutionListener@ef220e4, org.springframework.test.context.jdbc.SqlScriptsTestExecutionListener@18bc1064, org.springframework.test.context.event.EventPublishingTestExecutionListener@3cab07dd, org.springframework.boot.test.mock.mockito.ResetMocksTestExecutionListener@68f264bf, org.springframework.boot.test.autoconfigure.restdocs.RestDocsTestExecutionListener@77988c45, org.springframework.boot.test.autoconfigure.web.client.MockRestServiceServerResetTestExecutionListener@f5f8de2, org.springframework.boot.test.autoconfigure.web.servlet.MockMvcPrintOnlyOnFailureTestExecutionListener@6baee63b, org.springframework.boot.test.autoconfigure.web.servlet.WebDriverTestExecutionListener@1002b06d, org.springframework.boot.test.autoconfigure.webservices.client.MockWebServiceServerTestExecutionListener@234bfc8c]
2025-01-22 00:35:27,733 INFO org.apache.kafka.clients.consumer.internals.AbstractCoordinator [pool-1-thread-1] [Consumer clientId=consumer-fraud-detection-group-1, groupId=fraud-detection-group] Successfully joined group with generation Generation{generationId=567, memberId='consumer-fraud-detection-group-1-f1b52c00-0155-416f-a02a-3f15f69c43df', protocol='range'}
2025-01-22 00:35:27,733 INFO org.apache.kafka.clients.consumer.internals.AbstractCoordinator [pool-4-thread-1] [Consumer clientId=consumer-fraud-detection-group-2, groupId=fraud-detection-group] Successfully joined group with generation Generation{generationId=567, memberId='consumer-fraud-detection-group-2-8796a3b3-48d1-4571-895b-863803d00d33', protocol='range'}
2025-01-22 00:35:27,736 INFO org.apache.kafka.clients.consumer.internals.ConsumerCoordinator [pool-4-thread-1] [Consumer clientId=consumer-fraud-detection-group-2, groupId=fraud-detection-group] Finished assignment for group at generation 567: {consumer-fraud-detection-group-2-8796a3b3-48d1-4571-895b-863803d00d33=Assignment(partitions=[]), consumer-fraud-detection-group-1-f1b52c00-0155-416f-a02a-3f15f69c43df=Assignment(partitions=[fraud-detection-topic-0])}
2025-01-22 00:35:27,743 INFO org.apache.kafka.clients.consumer.internals.AbstractCoordinator [pool-4-thread-1] [Consumer clientId=consumer-fraud-detection-group-2, groupId=fraud-detection-group] Successfully synced group in generation Generation{generationId=567, memberId='consumer-fraud-detection-group-2-8796a3b3-48d1-4571-895b-863803d00d33', protocol='range'}
2025-01-22 00:35:27,743 INFO org.apache.kafka.clients.consumer.internals.AbstractCoordinator [pool-1-thread-1] [Consumer clientId=consumer-fraud-detection-group-1, groupId=fraud-detection-group] Successfully synced group in generation Generation{generationId=567, memberId='consumer-fraud-detection-group-1-f1b52c00-0155-416f-a02a-3f15f69c43df', protocol='range'}
2025-01-22 00:35:27,744 INFO org.apache.kafka.clients.consumer.internals.ConsumerCoordinator [pool-4-thread-1] [Consumer clientId=consumer-fraud-detection-group-2, groupId=fraud-detection-group] Notifying assignor about the new Assignment(partitions=[])
2025-01-22 00:35:27,744 INFO org.apache.kafka.clients.consumer.internals.ConsumerCoordinator [pool-1-thread-1] [Consumer clientId=consumer-fraud-detection-group-1, groupId=fraud-detection-group] Notifying assignor about the new Assignment(partitions=[fraud-detection-topic-0])
2025-01-22 00:35:27,744 INFO org.apache.kafka.clients.consumer.internals.ConsumerCoordinator [pool-4-thread-1] [Consumer clientId=consumer-fraud-detection-group-2, groupId=fraud-detection-group] Adding newly assigned partitions: 
2025-01-22 00:35:27,752 INFO org.apache.kafka.clients.consumer.internals.ConsumerCoordinator [pool-1-thread-1] [Consumer clientId=consumer-fraud-detection-group-1, groupId=fraud-detection-group] Adding newly assigned partitions: fraud-detection-topic-0
2025-01-22 00:35:27,771 INFO org.apache.kafka.clients.consumer.internals.ConsumerCoordinator [pool-1-thread-1] [Consumer clientId=consumer-fraud-detection-group-1, groupId=fraud-detection-group] Setting offset for partition fraud-detection-topic-0 to the committed offset FetchPosition{offset=416, offsetEpoch=Optional[0], currentLeader=LeaderAndEpoch{leader=Optional[sventaomac:9092 (id: 0 rack: null)], epoch=0}}
2025-01-22 00:35:27,826 ERROR com.example.frauddetection.kafka.FraudDetectionConsumer [pool-1-thread-1] consumeMsg message：{"transactionId":"transactionId10088","userId":null,"amount":100,"ip":null,"bussTime":1737477322420} fail, input parameter error
2025-01-22 00:35:27,828 ERROR com.example.frauddetection.kafka.MessageConsumer [pool-1-thread-1] consumeMsg fail.
com.example.frauddetection.exception.ParaErrException: input parameter error
	at com.example.frauddetection.kafka.FraudDetectionConsumer.consumeMsg(FraudDetectionConsumer.java:54)
	at com.example.frauddetection.kafka.MessageConsumer.lambda$startListening$0(MessageConsumer.java:87)
	at java.util.concurrent.FutureTask.run(FutureTask.java:266)
	at java.util.concurrent.ThreadPoolExecutor.runWorker(ThreadPoolExecutor.java:1149)
	at java.util.concurrent.ThreadPoolExecutor$Worker.run(ThreadPoolExecutor.java:624)
	at java.lang.Thread.run(Thread.java:748)
2025-01-22 00:35:28,477 ERROR com.example.frauddetection.kafka.FraudDetectionConsumer [main] consumeMsg message：{"amount":100,"bussTime":1737477328476,"transactionId":"transactionId01"} fail, input parameter error
2025-01-22 00:35:29,505 ERROR com.example.frauddetection.kafka.FraudDetectionConsumer [main] consumeMsg message：{"amount":100,"bussTime":1737477329492,"transactionId":"transactionId04","userId":111} fail, too busy
2025-01-22 00:35:29,521 INFO org.apache.kafka.clients.producer.KafkaProducer [SpringApplicationShutdownHook] [Producer clientId=producer-2] Closing the Kafka producer with timeoutMillis = 30000 ms.
2025-01-22 00:35:29,528 INFO org.apache.kafka.common.metrics.Metrics [SpringApplicationShutdownHook] Metrics scheduler closed
2025-01-22 00:35:29,529 INFO org.apache.kafka.common.metrics.Metrics [SpringApplicationShutdownHook] Closing reporter org.apache.kafka.common.metrics.JmxReporter
2025-01-22 00:35:29,529 INFO org.apache.kafka.common.metrics.Metrics [SpringApplicationShutdownHook] Metrics reporters closed
2025-01-22 00:35:29,530 INFO org.apache.kafka.common.utils.AppInfoParser [SpringApplicationShutdownHook] App info kafka.producer for producer-2 unregistered
2025-01-22 00:35:29,531 INFO org.springframework.orm.jpa.LocalContainerEntityManagerFactoryBean [SpringApplicationShutdownHook] Closing JPA EntityManagerFactory for persistence unit 'default'
2025-01-22 00:35:29,532 INFO org.hibernate.tool.schema.internal.SchemaDropperImpl$DelayedDropActionImpl [SpringApplicationShutdownHook] HHH000477: Starting delayed evictData of schema as part of SessionFactory shut-down'
2025-01-22 00:35:29,535 WARN org.hibernate.engine.jdbc.spi.SqlExceptionHelper [SpringApplicationShutdownHook] SQL Error: 90121, SQLState: 90121
2025-01-22 00:35:29,536 ERROR org.hibernate.engine.jdbc.spi.SqlExceptionHelper [SpringApplicationShutdownHook] Database is already closed (to disable automatic closing at VM shutdown, add ";DB_CLOSE_ON_EXIT=FALSE" to the db URL) [90121-200]
2025-01-22 00:35:29,537 WARN org.hibernate.engine.jdbc.spi.SqlExceptionHelper [SpringApplicationShutdownHook] SQL Error: 90121, SQLState: 90121
2025-01-22 00:35:29,537 ERROR org.hibernate.engine.jdbc.spi.SqlExceptionHelper [SpringApplicationShutdownHook] Database is already closed (to disable automatic closing at VM shutdown, add ";DB_CLOSE_ON_EXIT=FALSE" to the db URL) [90121-200]
2025-01-22 00:35:29,537 WARN org.springframework.beans.factory.support.DisposableBeanAdapter [SpringApplicationShutdownHook] Invocation of destroy method failed on bean with name 'entityManagerFactory': org.hibernate.exception.JDBCConnectionException: Unable to release JDBC Connection used for DDL execution
2025-01-22 00:35:29,538 INFO com.zaxxer.hikari.HikariDataSource [SpringApplicationShutdownHook] HikariPool-1 - Shutdown initiated...
2025-01-22 00:35:29,542 INFO com.zaxxer.hikari.HikariDataSource [SpringApplicationShutdownHook] HikariPool-1 - Shutdown completed.
2025-01-22 00:35:29,546 INFO org.apache.kafka.clients.producer.KafkaProducer [SpringApplicationShutdownHook] [Producer clientId=producer-1] Closing the Kafka producer with timeoutMillis = 30000 ms.
2025-01-22 00:35:29,550 INFO org.apache.kafka.common.metrics.Metrics [SpringApplicationShutdownHook] Metrics scheduler closed
2025-01-22 00:35:29,550 INFO org.apache.kafka.common.metrics.Metrics [SpringApplicationShutdownHook] Closing reporter org.apache.kafka.common.metrics.JmxReporter
2025-01-22 00:35:29,550 INFO org.apache.kafka.common.metrics.Metrics [SpringApplicationShutdownHook] Metrics reporters closed
2025-01-22 00:35:29,551 INFO org.apache.kafka.common.utils.AppInfoParser [SpringApplicationShutdownHook] App info kafka.producer for producer-1 unregistered
2025-01-22 00:35:29,551 INFO org.springframework.orm.jpa.LocalContainerEntityManagerFactoryBean [SpringApplicationShutdownHook] Closing JPA EntityManagerFactory for persistence unit 'default'
2025-01-22 00:35:29,552 INFO org.hibernate.tool.schema.internal.SchemaDropperImpl$DelayedDropActionImpl [SpringApplicationShutdownHook] HHH000477: Starting delayed evictData of schema as part of SessionFactory shut-down'
2025-01-22 00:35:29,562 INFO com.zaxxer.hikari.HikariDataSource [SpringApplicationShutdownHook] HikariPool-2 - Shutdown initiated...
2025-01-22 00:35:29,566 INFO com.zaxxer.hikari.HikariDataSource [SpringApplicationShutdownHook] HikariPool-2 - Shutdown completed.
2025-01-22 00:44:22,540 INFO org.springframework.boot.test.context.SpringBootTestContextBootstrapper [main] Neither @ContextConfiguration nor @ContextHierarchy found for test class [com.example.frauddetection.FraudDetectionApplicationTests], using SpringBootContextLoader
2025-01-22 00:44:22,549 INFO org.springframework.test.context.support.AbstractContextLoader [main] Could not detect default resource locations for test class [com.example.frauddetection.FraudDetectionApplicationTests]: no resource found for suffixes {-context.xml, Context.groovy}.
2025-01-22 00:44:22,550 INFO org.springframework.test.context.support.AnnotationConfigContextLoaderUtils [main] Could not detect default configuration classes for test class [com.example.frauddetection.FraudDetectionApplicationTests]: FraudDetectionApplicationTests does not declare any static, non-private, non-final, nested classes annotated with @Configuration.
2025-01-22 00:44:22,690 INFO org.springframework.boot.test.context.SpringBootTestContextBootstrapper [main] Found @SpringBootConfiguration com.example.frauddetection.FraudDetectionApplication for test class com.example.frauddetection.FraudDetectionApplicationTests
2025-01-22 00:44:22,820 INFO org.springframework.boot.test.context.SpringBootTestContextBootstrapper [main] Loaded default TestExecutionListener class names from location [META-INF/spring.factories]: [org.springframework.boot.test.mock.mockito.MockitoTestExecutionListener, org.springframework.boot.test.mock.mockito.ResetMocksTestExecutionListener, org.springframework.boot.test.autoconfigure.restdocs.RestDocsTestExecutionListener, org.springframework.boot.test.autoconfigure.web.client.MockRestServiceServerResetTestExecutionListener, org.springframework.boot.test.autoconfigure.web.servlet.MockMvcPrintOnlyOnFailureTestExecutionListener, org.springframework.boot.test.autoconfigure.web.servlet.WebDriverTestExecutionListener, org.springframework.boot.test.autoconfigure.webservices.client.MockWebServiceServerTestExecutionListener, org.springframework.test.context.web.ServletTestExecutionListener, org.springframework.test.context.support.DirtiesContextBeforeModesTestExecutionListener, org.springframework.test.context.event.ApplicationEventsTestExecutionListener, org.springframework.test.context.support.DependencyInjectionTestExecutionListener, org.springframework.test.context.support.DirtiesContextTestExecutionListener, org.springframework.test.context.transaction.TransactionalTestExecutionListener, org.springframework.test.context.jdbc.SqlScriptsTestExecutionListener, org.springframework.test.context.event.EventPublishingTestExecutionListener]
2025-01-22 00:44:22,847 INFO org.springframework.boot.test.context.SpringBootTestContextBootstrapper [main] Using TestExecutionListeners: [org.springframework.test.context.web.ServletTestExecutionListener@4c2bb6e0, org.springframework.test.context.support.DirtiesContextBeforeModesTestExecutionListener@3e62d773, org.springframework.test.context.event.ApplicationEventsTestExecutionListener@4ef74c30, org.springframework.boot.test.mock.mockito.MockitoTestExecutionListener@7283d3eb, org.springframework.boot.test.autoconfigure.SpringBootDependencyInjectionTestExecutionListener@638ef7ed, org.springframework.test.context.support.DirtiesContextTestExecutionListener@4bff7da0, org.springframework.test.context.transaction.TransactionalTestExecutionListener@3f1d2e23, org.springframework.test.context.jdbc.SqlScriptsTestExecutionListener@536dbea0, org.springframework.test.context.event.EventPublishingTestExecutionListener@47c81abf, org.springframework.boot.test.mock.mockito.ResetMocksTestExecutionListener@776a6d9b, org.springframework.boot.test.autoconfigure.restdocs.RestDocsTestExecutionListener@21d03963, org.springframework.boot.test.autoconfigure.web.client.MockRestServiceServerResetTestExecutionListener@1f760b47, org.springframework.boot.test.autoconfigure.web.servlet.MockMvcPrintOnlyOnFailureTestExecutionListener@18ece7f4, org.springframework.boot.test.autoconfigure.web.servlet.WebDriverTestExecutionListener@3cce57c7, org.springframework.boot.test.autoconfigure.webservices.client.MockWebServiceServerTestExecutionListener@1cf56a1c]
2025-01-22 00:44:23,295 INFO com.example.frauddetection.FraudDetectionApplicationTests [main] Starting FraudDetectionApplicationTests using Java 1.8.0_231 on sventaoMac with PID 41227 (started by sventao in /Users/sventao/Documents/GK_CODE/fraud-detection)
2025-01-22 00:44:23,297 INFO com.example.frauddetection.FraudDetectionApplicationTests [main] No active profile set, falling back to default profiles: default
2025-01-22 00:44:24,090 INFO org.springframework.data.repository.config.RepositoryConfigurationDelegate [main] Bootstrapping Spring Data JPA repositories in DEFAULT mode.
2025-01-22 00:44:24,175 INFO org.springframework.data.repository.config.RepositoryConfigurationDelegate [main] Finished Spring Data repository scanning in 73 ms. Found 2 JPA repository interfaces.
2025-01-22 00:44:24,762 INFO com.zaxxer.hikari.HikariDataSource [main] HikariPool-1 - Starting...
2025-01-22 00:44:25,171 INFO com.zaxxer.hikari.HikariDataSource [main] HikariPool-1 - Start completed.
2025-01-22 00:44:25,425 INFO org.hibernate.jpa.internal.util.LogHelper [main] HHH000204: Processing PersistenceUnitInfo [name: default]
2025-01-22 00:44:25,499 INFO org.hibernate.Version [main] HHH000412: Hibernate ORM core version 5.4.32.Final
2025-01-22 00:44:25,758 INFO org.hibernate.annotations.common.Version [main] HCANN000001: Hibernate Commons Annotations {5.1.2.Final}
2025-01-22 00:44:25,945 INFO org.hibernate.dialect.Dialect [main] HHH000400: Using dialect: org.hibernate.dialect.H2Dialect
2025-01-22 00:44:26,904 INFO org.hibernate.engine.transaction.jta.platform.internal.JtaPlatformInitiator [main] HHH000490: Using JtaPlatform implementation: [org.hibernate.engine.transaction.jta.platform.internal.NoJtaPlatform]
2025-01-22 00:44:26,920 INFO org.springframework.orm.jpa.LocalContainerEntityManagerFactoryBean [main] Initialized JPA EntityManagerFactory for persistence unit 'default'
2025-01-22 00:44:28,081 INFO org.apache.kafka.clients.consumer.ConsumerConfig [main] ConsumerConfig values: 
	allow.auto.create.topics = true
	auto.commit.interval.ms = 1000
	auto.offset.reset = latest
	bootstrap.servers = [localhost:9092]
	check.crcs = true
	client.dns.lookup = use_all_dns_ips
	client.id = consumer-fraud-detection-group-1
	client.rack = 
	connections.max.idle.ms = 540000
	default.api.timeout.ms = 60000
	enable.auto.commit = true
	exclude.internal.topics = true
	fetch.max.bytes = 52428800
	fetch.max.wait.ms = 500
	fetch.min.bytes = 1
	group.id = fraud-detection-group
	group.instance.id = null
	heartbeat.interval.ms = 3000
	interceptor.classes = []
	internal.leave.group.on.close = true
	internal.throw.on.fetch.stable.offset.unsupported = false
	isolation.level = read_uncommitted
	key.deserializer = class org.apache.kafka.common.serialization.StringDeserializer
	max.partition.fetch.bytes = 1048576
	max.poll.interval.ms = 300000
	max.poll.records = 500
	metadata.max.age.ms = 300000
	metric.reporters = []
	metrics.num.samples = 2
	metrics.recording.level = INFO
	metrics.sample.window.ms = 30000
	partition.assignment.strategy = [class org.apache.kafka.clients.consumer.RangeAssignor]
	receive.buffer.bytes = 65536
	reconnect.backoff.max.ms = 1000
	reconnect.backoff.ms = 50
	request.timeout.ms = 30000
	retry.backoff.ms = 100
	sasl.client.callback.handler.class = null
	sasl.jaas.config = null
	sasl.kerberos.kinit.cmd = /usr/bin/kinit
	sasl.kerberos.min.time.before.relogin = 60000
	sasl.kerberos.service.name = null
	sasl.kerberos.ticket.renew.jitter = 0.05
	sasl.kerberos.ticket.renew.window.factor = 0.8
	sasl.login.callback.handler.class = null
	sasl.login.class = null
	sasl.login.refresh.buffer.seconds = 300
	sasl.login.refresh.min.period.seconds = 60
	sasl.login.refresh.window.factor = 0.8
	sasl.login.refresh.window.jitter = 0.05
	sasl.mechanism = GSSAPI
	security.protocol = PLAINTEXT
	security.providers = null
	send.buffer.bytes = 131072
	session.timeout.ms = 30000
	socket.connection.setup.timeout.max.ms = 127000
	socket.connection.setup.timeout.ms = 10000
	ssl.cipher.suites = null
	ssl.enabled.protocols = [TLSv1.2]
	ssl.endpoint.identification.algorithm = https
	ssl.engine.factory.class = null
	ssl.key.password = null
	ssl.keymanager.algorithm = SunX509
	ssl.keystore.certificate.chain = null
	ssl.keystore.key = null
	ssl.keystore.location = null
	ssl.keystore.password = null
	ssl.keystore.type = JKS
	ssl.protocol = TLSv1.2
	ssl.provider = null
	ssl.secure.random.implementation = null
	ssl.trustmanager.algorithm = PKIX
	ssl.truststore.certificates = null
	ssl.truststore.location = null
	ssl.truststore.password = null
	ssl.truststore.type = JKS
	value.deserializer = class org.apache.kafka.common.serialization.StringDeserializer

2025-01-22 00:44:28,413 INFO org.apache.kafka.common.utils.AppInfoParser [main] Kafka version: 2.7.1
2025-01-22 00:44:28,413 INFO org.apache.kafka.common.utils.AppInfoParser [main] Kafka commitId: 61dbce85d0d41457
2025-01-22 00:44:28,413 INFO org.apache.kafka.common.utils.AppInfoParser [main] Kafka startTimeMs: 1737477868410
2025-01-22 00:44:28,418 INFO org.apache.kafka.clients.consumer.KafkaConsumer [pool-1-thread-1] [Consumer clientId=consumer-fraud-detection-group-1, groupId=fraud-detection-group] Subscribed to topic(s): fraud-detection-topic
2025-01-22 00:44:28,989 WARN org.springframework.boot.autoconfigure.orm.jpa.JpaBaseConfiguration$JpaWebConfiguration [main] spring.jpa.open-in-view is enabled by default. Therefore, database queries may be performed during view rendering. Explicitly configure spring.jpa.open-in-view to disable this warning
2025-01-22 00:44:29,162 INFO org.apache.kafka.clients.Metadata [pool-1-thread-1] [Consumer clientId=consumer-fraud-detection-group-1, groupId=fraud-detection-group] Cluster ID: YMIwkYKRRA68ysH0Laa-Lg
2025-01-22 00:44:29,165 INFO org.apache.kafka.clients.consumer.internals.AbstractCoordinator [pool-1-thread-1] [Consumer clientId=consumer-fraud-detection-group-1, groupId=fraud-detection-group] Discovered group coordinator sventaomac:9092 (id: 2147483647 rack: null)
2025-01-22 00:44:29,170 INFO org.apache.kafka.clients.consumer.internals.AbstractCoordinator [pool-1-thread-1] [Consumer clientId=consumer-fraud-detection-group-1, groupId=fraud-detection-group] (Re-)joining group
2025-01-22 00:44:29,201 INFO org.apache.kafka.clients.consumer.internals.AbstractCoordinator [pool-1-thread-1] [Consumer clientId=consumer-fraud-detection-group-1, groupId=fraud-detection-group] (Re-)joining group
2025-01-22 00:44:29,223 INFO org.apache.kafka.clients.consumer.internals.AbstractCoordinator [pool-1-thread-1] [Consumer clientId=consumer-fraud-detection-group-1, groupId=fraud-detection-group] Successfully joined group with generation Generation{generationId=569, memberId='consumer-fraud-detection-group-1-407b1ec5-2736-48ca-ab1c-27a9590df80f', protocol='range'}
2025-01-22 00:44:29,227 INFO org.apache.kafka.clients.consumer.internals.ConsumerCoordinator [pool-1-thread-1] [Consumer clientId=consumer-fraud-detection-group-1, groupId=fraud-detection-group] Finished assignment for group at generation 569: {consumer-fraud-detection-group-1-407b1ec5-2736-48ca-ab1c-27a9590df80f=Assignment(partitions=[fraud-detection-topic-0])}
2025-01-22 00:44:29,269 INFO org.apache.kafka.clients.consumer.internals.AbstractCoordinator [pool-1-thread-1] [Consumer clientId=consumer-fraud-detection-group-1, groupId=fraud-detection-group] Successfully synced group in generation Generation{generationId=569, memberId='consumer-fraud-detection-group-1-407b1ec5-2736-48ca-ab1c-27a9590df80f', protocol='range'}
2025-01-22 00:44:29,270 INFO org.apache.kafka.clients.consumer.internals.ConsumerCoordinator [pool-1-thread-1] [Consumer clientId=consumer-fraud-detection-group-1, groupId=fraud-detection-group] Notifying assignor about the new Assignment(partitions=[fraud-detection-topic-0])
2025-01-22 00:44:29,274 INFO org.apache.kafka.clients.consumer.internals.ConsumerCoordinator [pool-1-thread-1] [Consumer clientId=consumer-fraud-detection-group-1, groupId=fraud-detection-group] Adding newly assigned partitions: fraud-detection-topic-0
2025-01-22 00:44:29,293 INFO org.apache.kafka.clients.consumer.internals.ConsumerCoordinator [pool-1-thread-1] [Consumer clientId=consumer-fraud-detection-group-1, groupId=fraud-detection-group] Setting offset for partition fraud-detection-topic-0 to the committed offset FetchPosition{offset=418, offsetEpoch=Optional[0], currentLeader=LeaderAndEpoch{leader=Optional[sventaomac:9092 (id: 0 rack: null)], epoch=0}}
2025-01-22 00:44:29,466 INFO org.springframework.boot.autoconfigure.h2.H2ConsoleAutoConfiguration [main] H2 console available at '/h2-console'. Database available at 'jdbc:h2:mem:fraud_db'
2025-01-22 00:44:29,994 INFO com.example.frauddetection.FraudDetectionApplicationTests [main] Started FraudDetectionApplicationTests in 7.102 seconds (JVM running for 8.369)
2025-01-22 00:44:30,115 INFO org.springframework.boot.test.context.SpringBootTestContextBootstrapper [main] Neither @ContextConfiguration nor @ContextHierarchy found for test class [com.example.frauddetection.FraudDetectionControllerTest], using SpringBootContextLoader
2025-01-22 00:44:30,116 INFO org.springframework.test.context.support.AbstractContextLoader [main] Could not detect default resource locations for test class [com.example.frauddetection.FraudDetectionControllerTest]: no resource found for suffixes {-context.xml, Context.groovy}.
2025-01-22 00:44:30,130 INFO org.springframework.boot.test.context.SpringBootTestContextBootstrapper [main] Loaded default TestExecutionListener class names from location [META-INF/spring.factories]: [org.springframework.boot.test.mock.mockito.MockitoTestExecutionListener, org.springframework.boot.test.mock.mockito.ResetMocksTestExecutionListener, org.springframework.boot.test.autoconfigure.restdocs.RestDocsTestExecutionListener, org.springframework.boot.test.autoconfigure.web.client.MockRestServiceServerResetTestExecutionListener, org.springframework.boot.test.autoconfigure.web.servlet.MockMvcPrintOnlyOnFailureTestExecutionListener, org.springframework.boot.test.autoconfigure.web.servlet.WebDriverTestExecutionListener, org.springframework.boot.test.autoconfigure.webservices.client.MockWebServiceServerTestExecutionListener, org.springframework.test.context.web.ServletTestExecutionListener, org.springframework.test.context.support.DirtiesContextBeforeModesTestExecutionListener, org.springframework.test.context.event.ApplicationEventsTestExecutionListener, org.springframework.test.context.support.DependencyInjectionTestExecutionListener, org.springframework.test.context.support.DirtiesContextTestExecutionListener, org.springframework.test.context.transaction.TransactionalTestExecutionListener, org.springframework.test.context.jdbc.SqlScriptsTestExecutionListener, org.springframework.test.context.event.EventPublishingTestExecutionListener]
2025-01-22 00:44:30,130 INFO org.springframework.boot.test.context.SpringBootTestContextBootstrapper [main] Using TestExecutionListeners: [org.springframework.test.context.web.ServletTestExecutionListener@1ab9c735, org.springframework.test.context.support.DirtiesContextBeforeModesTestExecutionListener@6e4e60f5, org.springframework.test.context.event.ApplicationEventsTestExecutionListener@464a3430, org.springframework.boot.test.mock.mockito.MockitoTestExecutionListener@3bcedb06, org.springframework.boot.test.autoconfigure.SpringBootDependencyInjectionTestExecutionListener@6f9a3325, org.springframework.test.context.support.DirtiesContextTestExecutionListener@72ceafeb, org.springframework.test.context.transaction.TransactionalTestExecutionListener@65b2ee36, org.springframework.test.context.jdbc.SqlScriptsTestExecutionListener@28e91f6d, org.springframework.test.context.event.EventPublishingTestExecutionListener@16d4024e, org.springframework.boot.test.mock.mockito.ResetMocksTestExecutionListener@11e24688, org.springframework.boot.test.autoconfigure.restdocs.RestDocsTestExecutionListener@63d3c9dc, org.springframework.boot.test.autoconfigure.web.client.MockRestServiceServerResetTestExecutionListener@3a1a0bc, org.springframework.boot.test.autoconfigure.web.servlet.MockMvcPrintOnlyOnFailureTestExecutionListener@35d114f4, org.springframework.boot.test.autoconfigure.web.servlet.WebDriverTestExecutionListener@3684d2c0, org.springframework.boot.test.autoconfigure.webservices.client.MockWebServiceServerTestExecutionListener@4be460e5]
2025-01-22 00:44:30,172 INFO com.example.frauddetection.FraudDetectionControllerTest [main] Starting FraudDetectionControllerTest using Java 1.8.0_231 on sventaoMac with PID 41227 (started by sventao in /Users/sventao/Documents/GK_CODE/fraud-detection)
2025-01-22 00:44:30,173 INFO com.example.frauddetection.FraudDetectionControllerTest [main] No active profile set, falling back to default profiles: default
2025-01-22 00:44:30,378 INFO org.springframework.data.repository.config.RepositoryConfigurationDelegate [main] Bootstrapping Spring Data JPA repositories in DEFAULT mode.
2025-01-22 00:44:30,396 INFO org.springframework.data.repository.config.RepositoryConfigurationDelegate [main] Finished Spring Data repository scanning in 17 ms. Found 2 JPA repository interfaces.
2025-01-22 00:44:30,552 INFO com.zaxxer.hikari.HikariDataSource [main] HikariPool-2 - Starting...
2025-01-22 00:44:30,554 INFO com.zaxxer.hikari.HikariDataSource [main] HikariPool-2 - Start completed.
2025-01-22 00:44:30,610 INFO org.hibernate.jpa.internal.util.LogHelper [main] HHH000204: Processing PersistenceUnitInfo [name: default]
2025-01-22 00:44:30,617 INFO org.hibernate.dialect.Dialect [main] HHH000400: Using dialect: org.hibernate.dialect.H2Dialect
2025-01-22 00:44:30,689 INFO org.hibernate.engine.transaction.jta.platform.internal.JtaPlatformInitiator [main] HHH000490: Using JtaPlatform implementation: [org.hibernate.engine.transaction.jta.platform.internal.NoJtaPlatform]
2025-01-22 00:44:30,689 INFO org.springframework.orm.jpa.LocalContainerEntityManagerFactoryBean [main] Initialized JPA EntityManagerFactory for persistence unit 'default'
2025-01-22 00:44:30,871 INFO org.apache.kafka.clients.consumer.ConsumerConfig [main] ConsumerConfig values: 
	allow.auto.create.topics = true
	auto.commit.interval.ms = 1000
	auto.offset.reset = latest
	bootstrap.servers = [localhost:9092]
	check.crcs = true
	client.dns.lookup = use_all_dns_ips
	client.id = consumer-fraud-detection-group-2
	client.rack = 
	connections.max.idle.ms = 540000
	default.api.timeout.ms = 60000
	enable.auto.commit = true
	exclude.internal.topics = true
	fetch.max.bytes = 52428800
	fetch.max.wait.ms = 500
	fetch.min.bytes = 1
	group.id = fraud-detection-group
	group.instance.id = null
	heartbeat.interval.ms = 3000
	interceptor.classes = []
	internal.leave.group.on.close = true
	internal.throw.on.fetch.stable.offset.unsupported = false
	isolation.level = read_uncommitted
	key.deserializer = class org.apache.kafka.common.serialization.StringDeserializer
	max.partition.fetch.bytes = 1048576
	max.poll.interval.ms = 300000
	max.poll.records = 500
	metadata.max.age.ms = 300000
	metric.reporters = []
	metrics.num.samples = 2
	metrics.recording.level = INFO
	metrics.sample.window.ms = 30000
	partition.assignment.strategy = [class org.apache.kafka.clients.consumer.RangeAssignor]
	receive.buffer.bytes = 65536
	reconnect.backoff.max.ms = 1000
	reconnect.backoff.ms = 50
	request.timeout.ms = 30000
	retry.backoff.ms = 100
	sasl.client.callback.handler.class = null
	sasl.jaas.config = null
	sasl.kerberos.kinit.cmd = /usr/bin/kinit
	sasl.kerberos.min.time.before.relogin = 60000
	sasl.kerberos.service.name = null
	sasl.kerberos.ticket.renew.jitter = 0.05
	sasl.kerberos.ticket.renew.window.factor = 0.8
	sasl.login.callback.handler.class = null
	sasl.login.class = null
	sasl.login.refresh.buffer.seconds = 300
	sasl.login.refresh.min.period.seconds = 60
	sasl.login.refresh.window.factor = 0.8
	sasl.login.refresh.window.jitter = 0.05
	sasl.mechanism = GSSAPI
	security.protocol = PLAINTEXT
	security.providers = null
	send.buffer.bytes = 131072
	session.timeout.ms = 30000
	socket.connection.setup.timeout.max.ms = 127000
	socket.connection.setup.timeout.ms = 10000
	ssl.cipher.suites = null
	ssl.enabled.protocols = [TLSv1.2]
	ssl.endpoint.identification.algorithm = https
	ssl.engine.factory.class = null
	ssl.key.password = null
	ssl.keymanager.algorithm = SunX509
	ssl.keystore.certificate.chain = null
	ssl.keystore.key = null
	ssl.keystore.location = null
	ssl.keystore.password = null
	ssl.keystore.type = JKS
	ssl.protocol = TLSv1.2
	ssl.provider = null
	ssl.secure.random.implementation = null
	ssl.trustmanager.algorithm = PKIX
	ssl.truststore.certificates = null
	ssl.truststore.location = null
	ssl.truststore.password = null
	ssl.truststore.type = JKS
	value.deserializer = class org.apache.kafka.common.serialization.StringDeserializer

2025-01-22 00:44:30,884 INFO org.apache.kafka.common.utils.AppInfoParser [main] Kafka version: 2.7.1
2025-01-22 00:44:30,884 INFO org.apache.kafka.common.utils.AppInfoParser [main] Kafka commitId: 61dbce85d0d41457
2025-01-22 00:44:30,884 INFO org.apache.kafka.common.utils.AppInfoParser [main] Kafka startTimeMs: 1737477870884
2025-01-22 00:44:30,886 INFO org.apache.kafka.clients.consumer.KafkaConsumer [pool-4-thread-1] [Consumer clientId=consumer-fraud-detection-group-2, groupId=fraud-detection-group] Subscribed to topic(s): fraud-detection-topic
2025-01-22 00:44:30,894 INFO org.apache.kafka.clients.Metadata [pool-4-thread-1] [Consumer clientId=consumer-fraud-detection-group-2, groupId=fraud-detection-group] Cluster ID: YMIwkYKRRA68ysH0Laa-Lg
2025-01-22 00:44:30,896 INFO org.apache.kafka.clients.consumer.internals.AbstractCoordinator [pool-4-thread-1] [Consumer clientId=consumer-fraud-detection-group-2, groupId=fraud-detection-group] Discovered group coordinator sventaomac:9092 (id: 2147483647 rack: null)
2025-01-22 00:44:30,901 INFO org.apache.kafka.clients.consumer.internals.AbstractCoordinator [pool-4-thread-1] [Consumer clientId=consumer-fraud-detection-group-2, groupId=fraud-detection-group] (Re-)joining group
2025-01-22 00:44:30,909 INFO org.apache.kafka.clients.consumer.internals.AbstractCoordinator [pool-4-thread-1] [Consumer clientId=consumer-fraud-detection-group-2, groupId=fraud-detection-group] (Re-)joining group
2025-01-22 00:44:31,069 WARN org.springframework.boot.autoconfigure.orm.jpa.JpaBaseConfiguration$JpaWebConfiguration [main] spring.jpa.open-in-view is enabled by default. Therefore, database queries may be performed during view rendering. Explicitly configure spring.jpa.open-in-view to disable this warning
2025-01-22 00:44:31,220 INFO org.springframework.boot.autoconfigure.h2.H2ConsoleAutoConfiguration [main] H2 console available at '/h2-console'. Database available at 'jdbc:h2:mem:fraud_db'
2025-01-22 00:44:31,594 INFO org.springframework.boot.test.mock.web.SpringBootMockServletContext [main] Initializing Spring TestDispatcherServlet ''
2025-01-22 00:44:31,595 INFO org.springframework.test.web.servlet.TestDispatcherServlet [main] Initializing Servlet ''
2025-01-22 00:44:31,596 INFO org.springframework.test.web.servlet.TestDispatcherServlet [main] Completed initialization in 1 ms
2025-01-22 00:44:31,608 INFO com.example.frauddetection.FraudDetectionControllerTest [main] Started FraudDetectionControllerTest in 1.475 seconds (JVM running for 9.983)
2025-01-22 00:44:32,136 INFO org.apache.kafka.clients.producer.ProducerConfig [main] ProducerConfig values: 
	acks = 1
	batch.size = 16384
	bootstrap.servers = [localhost:9092]
	buffer.memory = 33554432
	client.dns.lookup = use_all_dns_ips
	client.id = producer-1
	compression.type = none
	connections.max.idle.ms = 540000
	delivery.timeout.ms = 120000
	enable.idempotence = false
	interceptor.classes = []
	internal.auto.downgrade.txn.commit = false
	key.serializer = class org.apache.kafka.common.serialization.StringSerializer
	linger.ms = 0
	max.block.ms = 60000
	max.in.flight.requests.per.connection = 5
	max.request.size = 1048576
	metadata.max.age.ms = 300000
	metadata.max.idle.ms = 300000
	metric.reporters = []
	metrics.num.samples = 2
	metrics.recording.level = INFO
	metrics.sample.window.ms = 30000
	partitioner.class = class org.apache.kafka.clients.producer.internals.DefaultPartitioner
	receive.buffer.bytes = 32768
	reconnect.backoff.max.ms = 1000
	reconnect.backoff.ms = 50
	request.timeout.ms = 30000
	retries = 2147483647
	retry.backoff.ms = 100
	sasl.client.callback.handler.class = null
	sasl.jaas.config = null
	sasl.kerberos.kinit.cmd = /usr/bin/kinit
	sasl.kerberos.min.time.before.relogin = 60000
	sasl.kerberos.service.name = null
	sasl.kerberos.ticket.renew.jitter = 0.05
	sasl.kerberos.ticket.renew.window.factor = 0.8
	sasl.login.callback.handler.class = null
	sasl.login.class = null
	sasl.login.refresh.buffer.seconds = 300
	sasl.login.refresh.min.period.seconds = 60
	sasl.login.refresh.window.factor = 0.8
	sasl.login.refresh.window.jitter = 0.05
	sasl.mechanism = GSSAPI
	security.protocol = PLAINTEXT
	security.providers = null
	send.buffer.bytes = 131072
	socket.connection.setup.timeout.max.ms = 127000
	socket.connection.setup.timeout.ms = 10000
	ssl.cipher.suites = null
	ssl.enabled.protocols = [TLSv1.2]
	ssl.endpoint.identification.algorithm = https
	ssl.engine.factory.class = null
	ssl.key.password = null
	ssl.keymanager.algorithm = SunX509
	ssl.keystore.certificate.chain = null
	ssl.keystore.key = null
	ssl.keystore.location = null
	ssl.keystore.password = null
	ssl.keystore.type = JKS
	ssl.protocol = TLSv1.2
	ssl.provider = null
	ssl.secure.random.implementation = null
	ssl.trustmanager.algorithm = PKIX
	ssl.truststore.certificates = null
	ssl.truststore.location = null
	ssl.truststore.password = null
	ssl.truststore.type = JKS
	transaction.timeout.ms = 60000
	transactional.id = null
	value.serializer = class org.springframework.kafka.support.serializer.JsonSerializer

2025-01-22 00:44:32,185 INFO org.apache.kafka.common.utils.AppInfoParser [main] Kafka version: 2.7.1
2025-01-22 00:44:32,185 INFO org.apache.kafka.common.utils.AppInfoParser [main] Kafka commitId: 61dbce85d0d41457
2025-01-22 00:44:32,186 INFO org.apache.kafka.common.utils.AppInfoParser [main] Kafka startTimeMs: 1737477872185
2025-01-22 00:44:32,195 INFO org.apache.kafka.clients.Metadata [kafka-producer-network-thread | producer-1] [Producer clientId=producer-1] Cluster ID: YMIwkYKRRA68ysH0Laa-Lg
2025-01-22 00:44:32,230 INFO org.apache.kafka.clients.consumer.internals.AbstractCoordinator [pool-1-thread-1] [Consumer clientId=consumer-fraud-detection-group-1, groupId=fraud-detection-group] Attempt to heartbeat failed since group is rebalancing
2025-01-22 00:44:32,241 INFO org.apache.kafka.clients.consumer.internals.ConsumerCoordinator [pool-1-thread-1] [Consumer clientId=consumer-fraud-detection-group-1, groupId=fraud-detection-group] Revoke previously assigned partitions fraud-detection-topic-0
2025-01-22 00:44:32,242 INFO org.apache.kafka.clients.consumer.internals.AbstractCoordinator [pool-1-thread-1] [Consumer clientId=consumer-fraud-detection-group-1, groupId=fraud-detection-group] (Re-)joining group
2025-01-22 00:44:32,246 INFO org.apache.kafka.clients.consumer.internals.AbstractCoordinator [pool-1-thread-1] [Consumer clientId=consumer-fraud-detection-group-1, groupId=fraud-detection-group] Successfully joined group with generation Generation{generationId=570, memberId='consumer-fraud-detection-group-1-407b1ec5-2736-48ca-ab1c-27a9590df80f', protocol='range'}
2025-01-22 00:44:32,246 INFO org.apache.kafka.clients.consumer.internals.AbstractCoordinator [pool-4-thread-1] [Consumer clientId=consumer-fraud-detection-group-2, groupId=fraud-detection-group] Successfully joined group with generation Generation{generationId=570, memberId='consumer-fraud-detection-group-2-a601c773-769e-42f7-a0f5-0402dd046f4d', protocol='range'}
2025-01-22 00:44:32,246 INFO org.apache.kafka.clients.consumer.internals.ConsumerCoordinator [pool-1-thread-1] [Consumer clientId=consumer-fraud-detection-group-1, groupId=fraud-detection-group] Finished assignment for group at generation 570: {consumer-fraud-detection-group-2-a601c773-769e-42f7-a0f5-0402dd046f4d=Assignment(partitions=[]), consumer-fraud-detection-group-1-407b1ec5-2736-48ca-ab1c-27a9590df80f=Assignment(partitions=[fraud-detection-topic-0])}
2025-01-22 00:44:32,253 INFO org.apache.kafka.clients.consumer.internals.AbstractCoordinator [pool-4-thread-1] [Consumer clientId=consumer-fraud-detection-group-2, groupId=fraud-detection-group] Successfully synced group in generation Generation{generationId=570, memberId='consumer-fraud-detection-group-2-a601c773-769e-42f7-a0f5-0402dd046f4d', protocol='range'}
2025-01-22 00:44:32,253 INFO org.apache.kafka.clients.consumer.internals.AbstractCoordinator [pool-1-thread-1] [Consumer clientId=consumer-fraud-detection-group-1, groupId=fraud-detection-group] Successfully synced group in generation Generation{generationId=570, memberId='consumer-fraud-detection-group-1-407b1ec5-2736-48ca-ab1c-27a9590df80f', protocol='range'}
2025-01-22 00:44:32,253 INFO org.apache.kafka.clients.consumer.internals.ConsumerCoordinator [pool-1-thread-1] [Consumer clientId=consumer-fraud-detection-group-1, groupId=fraud-detection-group] Notifying assignor about the new Assignment(partitions=[fraud-detection-topic-0])
2025-01-22 00:44:32,253 INFO org.apache.kafka.clients.consumer.internals.ConsumerCoordinator [pool-4-thread-1] [Consumer clientId=consumer-fraud-detection-group-2, groupId=fraud-detection-group] Notifying assignor about the new Assignment(partitions=[])
2025-01-22 00:44:32,253 INFO org.apache.kafka.clients.consumer.internals.ConsumerCoordinator [pool-1-thread-1] [Consumer clientId=consumer-fraud-detection-group-1, groupId=fraud-detection-group] Adding newly assigned partitions: fraud-detection-topic-0
2025-01-22 00:44:32,253 INFO org.apache.kafka.clients.consumer.internals.ConsumerCoordinator [pool-4-thread-1] [Consumer clientId=consumer-fraud-detection-group-2, groupId=fraud-detection-group] Adding newly assigned partitions: 
2025-01-22 00:44:32,256 INFO org.apache.kafka.clients.consumer.internals.ConsumerCoordinator [pool-1-thread-1] [Consumer clientId=consumer-fraud-detection-group-1, groupId=fraud-detection-group] Setting offset for partition fraud-detection-topic-0 to the committed offset FetchPosition{offset=418, offsetEpoch=Optional[0], currentLeader=LeaderAndEpoch{leader=Optional[sventaomac:9092 (id: 0 rack: null)], epoch=0}}
2025-01-22 00:44:32,257 INFO com.example.frauddetection.kafka.FraudDetectionProducer [main] sendTransaction success， message：TransactionDTO(transactionId=transactionId401, userId=111, amount=100, ip=null, bussTime=null) 
2025-01-22 00:44:37,286 INFO org.springframework.boot.test.context.SpringBootTestContextBootstrapper [main] Neither @ContextConfiguration nor @ContextHierarchy found for test class [com.example.frauddetection.FraudDetectionRetryServiceTest], using SpringBootContextLoader
2025-01-22 00:44:37,288 INFO org.springframework.test.context.support.AbstractContextLoader [main] Could not detect default resource locations for test class [com.example.frauddetection.FraudDetectionRetryServiceTest]: no resource found for suffixes {-context.xml, Context.groovy}.
2025-01-22 00:44:37,295 INFO org.springframework.boot.test.context.SpringBootTestContextBootstrapper [main] Loaded default TestExecutionListener class names from location [META-INF/spring.factories]: [org.springframework.boot.test.mock.mockito.MockitoTestExecutionListener, org.springframework.boot.test.mock.mockito.ResetMocksTestExecutionListener, org.springframework.boot.test.autoconfigure.restdocs.RestDocsTestExecutionListener, org.springframework.boot.test.autoconfigure.web.client.MockRestServiceServerResetTestExecutionListener, org.springframework.boot.test.autoconfigure.web.servlet.MockMvcPrintOnlyOnFailureTestExecutionListener, org.springframework.boot.test.autoconfigure.web.servlet.WebDriverTestExecutionListener, org.springframework.boot.test.autoconfigure.webservices.client.MockWebServiceServerTestExecutionListener, org.springframework.test.context.web.ServletTestExecutionListener, org.springframework.test.context.support.DirtiesContextBeforeModesTestExecutionListener, org.springframework.test.context.event.ApplicationEventsTestExecutionListener, org.springframework.test.context.support.DependencyInjectionTestExecutionListener, org.springframework.test.context.support.DirtiesContextTestExecutionListener, org.springframework.test.context.transaction.TransactionalTestExecutionListener, org.springframework.test.context.jdbc.SqlScriptsTestExecutionListener, org.springframework.test.context.event.EventPublishingTestExecutionListener]
2025-01-22 00:44:37,296 INFO org.springframework.boot.test.context.SpringBootTestContextBootstrapper [main] Using TestExecutionListeners: [org.springframework.test.context.web.ServletTestExecutionListener@52325940, org.springframework.test.context.support.DirtiesContextBeforeModesTestExecutionListener@7f792530, org.springframework.test.context.event.ApplicationEventsTestExecutionListener@1adfb5b8, org.springframework.boot.test.mock.mockito.MockitoTestExecutionListener@254cc548, org.springframework.boot.test.autoconfigure.SpringBootDependencyInjectionTestExecutionListener@65f470f8, org.springframework.test.context.support.DirtiesContextTestExecutionListener@531299d3, org.springframework.test.context.transaction.TransactionalTestExecutionListener@3487947c, org.springframework.test.context.jdbc.SqlScriptsTestExecutionListener@77226121, org.springframework.test.context.event.EventPublishingTestExecutionListener@3117ac8d, org.springframework.boot.test.mock.mockito.ResetMocksTestExecutionListener@760c777d, org.springframework.boot.test.autoconfigure.restdocs.RestDocsTestExecutionListener@7ea039b4, org.springframework.boot.test.autoconfigure.web.client.MockRestServiceServerResetTestExecutionListener@1aef7428, org.springframework.boot.test.autoconfigure.web.servlet.MockMvcPrintOnlyOnFailureTestExecutionListener@1610c03c, org.springframework.boot.test.autoconfigure.web.servlet.WebDriverTestExecutionListener@332fa1c, org.springframework.boot.test.autoconfigure.webservices.client.MockWebServiceServerTestExecutionListener@7c200e57]
2025-01-22 00:44:37,376 INFO com.example.frauddetection.service.FraudDetectionRetryService [main] doRetry start, time:1737477877
2025-01-22 00:44:37,376 INFO com.example.frauddetection.service.FraudDetectionRetryService [main] doRetry end, time:1737477877
2025-01-22 00:44:37,402 INFO com.example.frauddetection.service.FraudDetectionRetryService [main] doRetry start, time:1737477877
2025-01-22 00:44:37,402 INFO com.example.frauddetection.service.FraudDetectionRetryService [main] doRetry retryEntity:FraudDetectRetryEntity(id=2, transactionId=transactionId10086, transactionRecord={"amount":100,"bussTime":1737477877398,"transactionId":"transactionId10086","userId":101}, retryStat=1, retryTimes=0, createdAt=1737477877398, updatedAt=1737477877398)
2025-01-22 00:44:37,415 INFO com.example.frauddetection.service.FraudDetectionRetryService [main] doRetry end, time:1737477877
2025-01-22 00:44:37,437 INFO org.apache.kafka.clients.producer.ProducerConfig [main] ProducerConfig values: 
	acks = 1
	batch.size = 16384
	bootstrap.servers = [localhost:9092]
	buffer.memory = 33554432
	client.dns.lookup = use_all_dns_ips
	client.id = producer-2
	compression.type = none
	connections.max.idle.ms = 540000
	delivery.timeout.ms = 120000
	enable.idempotence = false
	interceptor.classes = []
	internal.auto.downgrade.txn.commit = false
	key.serializer = class org.apache.kafka.common.serialization.StringSerializer
	linger.ms = 0
	max.block.ms = 60000
	max.in.flight.requests.per.connection = 5
	max.request.size = 1048576
	metadata.max.age.ms = 300000
	metadata.max.idle.ms = 300000
	metric.reporters = []
	metrics.num.samples = 2
	metrics.recording.level = INFO
	metrics.sample.window.ms = 30000
	partitioner.class = class org.apache.kafka.clients.producer.internals.DefaultPartitioner
	receive.buffer.bytes = 32768
	reconnect.backoff.max.ms = 1000
	reconnect.backoff.ms = 50
	request.timeout.ms = 30000
	retries = 2147483647
	retry.backoff.ms = 100
	sasl.client.callback.handler.class = null
	sasl.jaas.config = null
	sasl.kerberos.kinit.cmd = /usr/bin/kinit
	sasl.kerberos.min.time.before.relogin = 60000
	sasl.kerberos.service.name = null
	sasl.kerberos.ticket.renew.jitter = 0.05
	sasl.kerberos.ticket.renew.window.factor = 0.8
	sasl.login.callback.handler.class = null
	sasl.login.class = null
	sasl.login.refresh.buffer.seconds = 300
	sasl.login.refresh.min.period.seconds = 60
	sasl.login.refresh.window.factor = 0.8
	sasl.login.refresh.window.jitter = 0.05
	sasl.mechanism = GSSAPI
	security.protocol = PLAINTEXT
	security.providers = null
	send.buffer.bytes = 131072
	socket.connection.setup.timeout.max.ms = 127000
	socket.connection.setup.timeout.ms = 10000
	ssl.cipher.suites = null
	ssl.enabled.protocols = [TLSv1.2]
	ssl.endpoint.identification.algorithm = https
	ssl.engine.factory.class = null
	ssl.key.password = null
	ssl.keymanager.algorithm = SunX509
	ssl.keystore.certificate.chain = null
	ssl.keystore.key = null
	ssl.keystore.location = null
	ssl.keystore.password = null
	ssl.keystore.type = JKS
	ssl.protocol = TLSv1.2
	ssl.provider = null
	ssl.secure.random.implementation = null
	ssl.trustmanager.algorithm = PKIX
	ssl.truststore.certificates = null
	ssl.truststore.location = null
	ssl.truststore.password = null
	ssl.truststore.type = JKS
	transaction.timeout.ms = 60000
	transactional.id = null
	value.serializer = class org.springframework.kafka.support.serializer.JsonSerializer

2025-01-22 00:44:37,443 INFO org.apache.kafka.common.utils.AppInfoParser [main] Kafka version: 2.7.1
2025-01-22 00:44:37,443 INFO org.apache.kafka.common.utils.AppInfoParser [main] Kafka commitId: 61dbce85d0d41457
2025-01-22 00:44:37,445 INFO org.apache.kafka.common.utils.AppInfoParser [main] Kafka startTimeMs: 1737477877443
2025-01-22 00:44:37,452 INFO org.apache.kafka.clients.Metadata [kafka-producer-network-thread | producer-2] [Producer clientId=producer-2] Cluster ID: YMIwkYKRRA68ysH0Laa-Lg
2025-01-22 00:44:37,454 INFO com.example.frauddetection.kafka.FraudDetectionProducer [main] sendTransaction success， message：TransactionDTO(transactionId=transactionId10088, userId=null, amount=100, ip=null, bussTime=1737477877436) 
2025-01-22 00:44:37,463 ERROR com.example.frauddetection.kafka.FraudDetectionConsumer [pool-1-thread-1] consumeMsg message：{"transactionId":"transactionId10088","userId":null,"amount":100,"ip":null,"bussTime":1737477877436} fail, input parameter error
2025-01-22 00:44:37,467 ERROR com.example.frauddetection.kafka.MessageConsumer [pool-1-thread-1] consumeMsg fail.
com.example.frauddetection.exception.ParaErrException: input parameter error
	at com.example.frauddetection.kafka.FraudDetectionConsumer.consumeMsg(FraudDetectionConsumer.java:54)
	at com.example.frauddetection.kafka.MessageConsumer.lambda$startListening$0(MessageConsumer.java:87)
	at java.util.concurrent.FutureTask.run(FutureTask.java:266)
	at java.util.concurrent.ThreadPoolExecutor.runWorker(ThreadPoolExecutor.java:1149)
	at java.util.concurrent.ThreadPoolExecutor$Worker.run(ThreadPoolExecutor.java:624)
	at java.lang.Thread.run(Thread.java:748)
2025-01-22 00:44:42,461 INFO com.example.frauddetection.service.FraudDetectionRetryService [main] doRetry start, time:1737477882
2025-01-22 00:44:42,461 INFO com.example.frauddetection.service.FraudDetectionRetryService [main] doRetry end, time:1737477882
2025-01-22 00:44:42,469 INFO org.springframework.boot.test.context.SpringBootTestContextBootstrapper [main] Neither @ContextConfiguration nor @ContextHierarchy found for test class [com.example.frauddetection.FraudDetectionConsumerTest], using SpringBootContextLoader
2025-01-22 00:44:42,470 INFO org.springframework.test.context.support.AbstractContextLoader [main] Could not detect default resource locations for test class [com.example.frauddetection.FraudDetectionConsumerTest]: no resource found for suffixes {-context.xml, Context.groovy}.
2025-01-22 00:44:42,474 INFO org.springframework.boot.test.context.SpringBootTestContextBootstrapper [main] Loaded default TestExecutionListener class names from location [META-INF/spring.factories]: [org.springframework.boot.test.mock.mockito.MockitoTestExecutionListener, org.springframework.boot.test.mock.mockito.ResetMocksTestExecutionListener, org.springframework.boot.test.autoconfigure.restdocs.RestDocsTestExecutionListener, org.springframework.boot.test.autoconfigure.web.client.MockRestServiceServerResetTestExecutionListener, org.springframework.boot.test.autoconfigure.web.servlet.MockMvcPrintOnlyOnFailureTestExecutionListener, org.springframework.boot.test.autoconfigure.web.servlet.WebDriverTestExecutionListener, org.springframework.boot.test.autoconfigure.webservices.client.MockWebServiceServerTestExecutionListener, org.springframework.test.context.web.ServletTestExecutionListener, org.springframework.test.context.support.DirtiesContextBeforeModesTestExecutionListener, org.springframework.test.context.event.ApplicationEventsTestExecutionListener, org.springframework.test.context.support.DependencyInjectionTestExecutionListener, org.springframework.test.context.support.DirtiesContextTestExecutionListener, org.springframework.test.context.transaction.TransactionalTestExecutionListener, org.springframework.test.context.jdbc.SqlScriptsTestExecutionListener, org.springframework.test.context.event.EventPublishingTestExecutionListener]
2025-01-22 00:44:42,474 INFO org.springframework.boot.test.context.SpringBootTestContextBootstrapper [main] Using TestExecutionListeners: [org.springframework.test.context.web.ServletTestExecutionListener@21780905, org.springframework.test.context.support.DirtiesContextBeforeModesTestExecutionListener@47666b39, org.springframework.test.context.event.ApplicationEventsTestExecutionListener@2dbcee03, org.springframework.boot.test.mock.mockito.MockitoTestExecutionListener@6c8672b9, org.springframework.boot.test.autoconfigure.SpringBootDependencyInjectionTestExecutionListener@dd77e0d, org.springframework.test.context.support.DirtiesContextTestExecutionListener@799cf32d, org.springframework.test.context.transaction.TransactionalTestExecutionListener@331ad6eb, org.springframework.test.context.jdbc.SqlScriptsTestExecutionListener@6cd6698b, org.springframework.test.context.event.EventPublishingTestExecutionListener@5ac7550a, org.springframework.boot.test.mock.mockito.ResetMocksTestExecutionListener@44dcc0e4, org.springframework.boot.test.autoconfigure.restdocs.RestDocsTestExecutionListener@2114eb1a, org.springframework.boot.test.autoconfigure.web.client.MockRestServiceServerResetTestExecutionListener@7e514482, org.springframework.boot.test.autoconfigure.web.servlet.MockMvcPrintOnlyOnFailureTestExecutionListener@1e5e3147, org.springframework.boot.test.autoconfigure.web.servlet.WebDriverTestExecutionListener@3c271988, org.springframework.boot.test.autoconfigure.webservices.client.MockWebServiceServerTestExecutionListener@3aed692d]
2025-01-22 00:44:43,483 ERROR com.example.frauddetection.kafka.FraudDetectionConsumer [main] consumeMsg message：{"amount":100,"bussTime":1737477883483,"transactionId":"transactionId01"} fail, input parameter error
2025-01-22 00:44:44,529 ERROR com.example.frauddetection.kafka.FraudDetectionConsumer [main] consumeMsg message：{"amount":100,"bussTime":1737477884502,"transactionId":"transactionId04","userId":111} fail, too busy
2025-01-22 00:44:44,555 INFO org.apache.kafka.clients.producer.KafkaProducer [SpringApplicationShutdownHook] [Producer clientId=producer-2] Closing the Kafka producer with timeoutMillis = 30000 ms.
2025-01-22 00:44:44,570 INFO org.apache.kafka.common.metrics.Metrics [SpringApplicationShutdownHook] Metrics scheduler closed
2025-01-22 00:44:44,570 INFO org.apache.kafka.common.metrics.Metrics [SpringApplicationShutdownHook] Closing reporter org.apache.kafka.common.metrics.JmxReporter
2025-01-22 00:44:44,570 INFO org.apache.kafka.common.metrics.Metrics [SpringApplicationShutdownHook] Metrics reporters closed
2025-01-22 00:44:44,572 INFO org.apache.kafka.common.utils.AppInfoParser [SpringApplicationShutdownHook] App info kafka.producer for producer-2 unregistered
2025-01-22 00:44:44,574 INFO org.springframework.orm.jpa.LocalContainerEntityManagerFactoryBean [SpringApplicationShutdownHook] Closing JPA EntityManagerFactory for persistence unit 'default'
2025-01-22 00:44:44,574 INFO org.hibernate.tool.schema.internal.SchemaDropperImpl$DelayedDropActionImpl [SpringApplicationShutdownHook] HHH000477: Starting delayed evictData of schema as part of SessionFactory shut-down'
2025-01-22 00:44:44,577 WARN org.hibernate.engine.jdbc.spi.SqlExceptionHelper [SpringApplicationShutdownHook] SQL Error: 90121, SQLState: 90121
2025-01-22 00:44:44,578 ERROR org.hibernate.engine.jdbc.spi.SqlExceptionHelper [SpringApplicationShutdownHook] Database is already closed (to disable automatic closing at VM shutdown, add ";DB_CLOSE_ON_EXIT=FALSE" to the db URL) [90121-200]
2025-01-22 00:44:44,580 WARN org.hibernate.engine.jdbc.spi.SqlExceptionHelper [SpringApplicationShutdownHook] SQL Error: 90121, SQLState: 90121
2025-01-22 00:44:44,581 ERROR org.hibernate.engine.jdbc.spi.SqlExceptionHelper [SpringApplicationShutdownHook] Database is already closed (to disable automatic closing at VM shutdown, add ";DB_CLOSE_ON_EXIT=FALSE" to the db URL) [90121-200]
2025-01-22 00:44:44,581 WARN org.springframework.beans.factory.support.DisposableBeanAdapter [SpringApplicationShutdownHook] Invocation of destroy method failed on bean with name 'entityManagerFactory': org.hibernate.exception.JDBCConnectionException: Unable to release JDBC Connection used for DDL execution
2025-01-22 00:44:44,582 INFO com.zaxxer.hikari.HikariDataSource [SpringApplicationShutdownHook] HikariPool-1 - Shutdown initiated...
2025-01-22 00:44:44,588 INFO com.zaxxer.hikari.HikariDataSource [SpringApplicationShutdownHook] HikariPool-1 - Shutdown completed.
2025-01-22 00:44:44,608 INFO org.apache.kafka.clients.producer.KafkaProducer [SpringApplicationShutdownHook] [Producer clientId=producer-1] Closing the Kafka producer with timeoutMillis = 30000 ms.
2025-01-22 00:44:44,624 INFO org.apache.kafka.common.metrics.Metrics [SpringApplicationShutdownHook] Metrics scheduler closed
2025-01-22 00:44:44,625 INFO org.apache.kafka.common.metrics.Metrics [SpringApplicationShutdownHook] Closing reporter org.apache.kafka.common.metrics.JmxReporter
2025-01-22 00:44:44,630 INFO org.apache.kafka.common.metrics.Metrics [SpringApplicationShutdownHook] Metrics reporters closed
2025-01-22 00:44:44,630 INFO org.apache.kafka.common.utils.AppInfoParser [SpringApplicationShutdownHook] App info kafka.producer for producer-1 unregistered
2025-01-22 00:44:44,631 INFO org.springframework.orm.jpa.LocalContainerEntityManagerFactoryBean [SpringApplicationShutdownHook] Closing JPA EntityManagerFactory for persistence unit 'default'
2025-01-22 00:44:44,632 INFO org.hibernate.tool.schema.internal.SchemaDropperImpl$DelayedDropActionImpl [SpringApplicationShutdownHook] HHH000477: Starting delayed evictData of schema as part of SessionFactory shut-down'
2025-01-22 00:44:44,646 INFO com.zaxxer.hikari.HikariDataSource [SpringApplicationShutdownHook] HikariPool-2 - Shutdown initiated...
2025-01-22 00:44:44,651 INFO com.zaxxer.hikari.HikariDataSource [SpringApplicationShutdownHook] HikariPool-2 - Shutdown completed.
2025-01-22 00:46:05,180 INFO org.springframework.boot.test.context.SpringBootTestContextBootstrapper [main] Neither @ContextConfiguration nor @ContextHierarchy found for test class [com.example.frauddetection.FraudDetectionApplicationTests], using SpringBootContextLoader
2025-01-22 00:46:05,188 INFO org.springframework.test.context.support.AbstractContextLoader [main] Could not detect default resource locations for test class [com.example.frauddetection.FraudDetectionApplicationTests]: no resource found for suffixes {-context.xml, Context.groovy}.
2025-01-22 00:46:05,189 INFO org.springframework.test.context.support.AnnotationConfigContextLoaderUtils [main] Could not detect default configuration classes for test class [com.example.frauddetection.FraudDetectionApplicationTests]: FraudDetectionApplicationTests does not declare any static, non-private, non-final, nested classes annotated with @Configuration.
2025-01-22 00:46:05,329 INFO org.springframework.boot.test.context.SpringBootTestContextBootstrapper [main] Found @SpringBootConfiguration com.example.frauddetection.FraudDetectionApplication for test class com.example.frauddetection.FraudDetectionApplicationTests
2025-01-22 00:46:05,545 INFO org.springframework.boot.test.context.SpringBootTestContextBootstrapper [main] Loaded default TestExecutionListener class names from location [META-INF/spring.factories]: [org.springframework.boot.test.mock.mockito.MockitoTestExecutionListener, org.springframework.boot.test.mock.mockito.ResetMocksTestExecutionListener, org.springframework.boot.test.autoconfigure.restdocs.RestDocsTestExecutionListener, org.springframework.boot.test.autoconfigure.web.client.MockRestServiceServerResetTestExecutionListener, org.springframework.boot.test.autoconfigure.web.servlet.MockMvcPrintOnlyOnFailureTestExecutionListener, org.springframework.boot.test.autoconfigure.web.servlet.WebDriverTestExecutionListener, org.springframework.boot.test.autoconfigure.webservices.client.MockWebServiceServerTestExecutionListener, org.springframework.test.context.web.ServletTestExecutionListener, org.springframework.test.context.support.DirtiesContextBeforeModesTestExecutionListener, org.springframework.test.context.event.ApplicationEventsTestExecutionListener, org.springframework.test.context.support.DependencyInjectionTestExecutionListener, org.springframework.test.context.support.DirtiesContextTestExecutionListener, org.springframework.test.context.transaction.TransactionalTestExecutionListener, org.springframework.test.context.jdbc.SqlScriptsTestExecutionListener, org.springframework.test.context.event.EventPublishingTestExecutionListener]
2025-01-22 00:46:05,574 INFO org.springframework.boot.test.context.SpringBootTestContextBootstrapper [main] Using TestExecutionListeners: [org.springframework.test.context.web.ServletTestExecutionListener@3e62d773, org.springframework.test.context.support.DirtiesContextBeforeModesTestExecutionListener@4ef74c30, org.springframework.test.context.event.ApplicationEventsTestExecutionListener@7283d3eb, org.springframework.boot.test.mock.mockito.MockitoTestExecutionListener@638ef7ed, org.springframework.boot.test.autoconfigure.SpringBootDependencyInjectionTestExecutionListener@4bff7da0, org.springframework.test.context.support.DirtiesContextTestExecutionListener@3f1d2e23, org.springframework.test.context.transaction.TransactionalTestExecutionListener@536dbea0, org.springframework.test.context.jdbc.SqlScriptsTestExecutionListener@47c81abf, org.springframework.test.context.event.EventPublishingTestExecutionListener@776a6d9b, org.springframework.boot.test.mock.mockito.ResetMocksTestExecutionListener@21d03963, org.springframework.boot.test.autoconfigure.restdocs.RestDocsTestExecutionListener@1f760b47, org.springframework.boot.test.autoconfigure.web.client.MockRestServiceServerResetTestExecutionListener@18ece7f4, org.springframework.boot.test.autoconfigure.web.servlet.MockMvcPrintOnlyOnFailureTestExecutionListener@3cce57c7, org.springframework.boot.test.autoconfigure.web.servlet.WebDriverTestExecutionListener@1cf56a1c, org.springframework.boot.test.autoconfigure.webservices.client.MockWebServiceServerTestExecutionListener@33f676f6]
2025-01-22 00:46:05,947 INFO com.example.frauddetection.FraudDetectionApplicationTests [main] Starting FraudDetectionApplicationTests using Java 1.8.0_231 on sventaoMac with PID 41281 (started by sventao in /Users/sventao/Documents/GK_CODE/fraud-detection)
2025-01-22 00:46:05,950 INFO com.example.frauddetection.FraudDetectionApplicationTests [main] No active profile set, falling back to default profiles: default
2025-01-22 00:46:06,736 INFO org.springframework.data.repository.config.RepositoryConfigurationDelegate [main] Bootstrapping Spring Data JPA repositories in DEFAULT mode.
2025-01-22 00:46:06,826 INFO org.springframework.data.repository.config.RepositoryConfigurationDelegate [main] Finished Spring Data repository scanning in 78 ms. Found 2 JPA repository interfaces.
2025-01-22 00:46:07,440 INFO com.zaxxer.hikari.HikariDataSource [main] HikariPool-1 - Starting...
2025-01-22 00:46:07,851 INFO com.zaxxer.hikari.HikariDataSource [main] HikariPool-1 - Start completed.
2025-01-22 00:46:08,099 INFO org.hibernate.jpa.internal.util.LogHelper [main] HHH000204: Processing PersistenceUnitInfo [name: default]
2025-01-22 00:46:08,174 INFO org.hibernate.Version [main] HHH000412: Hibernate ORM core version 5.4.32.Final
2025-01-22 00:46:08,444 INFO org.hibernate.annotations.common.Version [main] HCANN000001: Hibernate Commons Annotations {5.1.2.Final}
2025-01-22 00:46:08,612 INFO org.hibernate.dialect.Dialect [main] HHH000400: Using dialect: org.hibernate.dialect.H2Dialect
2025-01-22 00:46:09,464 INFO org.hibernate.engine.transaction.jta.platform.internal.JtaPlatformInitiator [main] HHH000490: Using JtaPlatform implementation: [org.hibernate.engine.transaction.jta.platform.internal.NoJtaPlatform]
2025-01-22 00:46:09,477 INFO org.springframework.orm.jpa.LocalContainerEntityManagerFactoryBean [main] Initialized JPA EntityManagerFactory for persistence unit 'default'
2025-01-22 00:46:10,284 INFO org.apache.kafka.clients.consumer.ConsumerConfig [main] ConsumerConfig values: 
	allow.auto.create.topics = true
	auto.commit.interval.ms = 1000
	auto.offset.reset = latest
	bootstrap.servers = [localhost:9092]
	check.crcs = true
	client.dns.lookup = use_all_dns_ips
	client.id = consumer-fraud-detection-group-1
	client.rack = 
	connections.max.idle.ms = 540000
	default.api.timeout.ms = 60000
	enable.auto.commit = true
	exclude.internal.topics = true
	fetch.max.bytes = 52428800
	fetch.max.wait.ms = 500
	fetch.min.bytes = 1
	group.id = fraud-detection-group
	group.instance.id = null
	heartbeat.interval.ms = 3000
	interceptor.classes = []
	internal.leave.group.on.close = true
	internal.throw.on.fetch.stable.offset.unsupported = false
	isolation.level = read_uncommitted
	key.deserializer = class org.apache.kafka.common.serialization.StringDeserializer
	max.partition.fetch.bytes = 1048576
	max.poll.interval.ms = 300000
	max.poll.records = 500
	metadata.max.age.ms = 300000
	metric.reporters = []
	metrics.num.samples = 2
	metrics.recording.level = INFO
	metrics.sample.window.ms = 30000
	partition.assignment.strategy = [class org.apache.kafka.clients.consumer.RangeAssignor]
	receive.buffer.bytes = 65536
	reconnect.backoff.max.ms = 1000
	reconnect.backoff.ms = 50
	request.timeout.ms = 30000
	retry.backoff.ms = 100
	sasl.client.callback.handler.class = null
	sasl.jaas.config = null
	sasl.kerberos.kinit.cmd = /usr/bin/kinit
	sasl.kerberos.min.time.before.relogin = 60000
	sasl.kerberos.service.name = null
	sasl.kerberos.ticket.renew.jitter = 0.05
	sasl.kerberos.ticket.renew.window.factor = 0.8
	sasl.login.callback.handler.class = null
	sasl.login.class = null
	sasl.login.refresh.buffer.seconds = 300
	sasl.login.refresh.min.period.seconds = 60
	sasl.login.refresh.window.factor = 0.8
	sasl.login.refresh.window.jitter = 0.05
	sasl.mechanism = GSSAPI
	security.protocol = PLAINTEXT
	security.providers = null
	send.buffer.bytes = 131072
	session.timeout.ms = 30000
	socket.connection.setup.timeout.max.ms = 127000
	socket.connection.setup.timeout.ms = 10000
	ssl.cipher.suites = null
	ssl.enabled.protocols = [TLSv1.2]
	ssl.endpoint.identification.algorithm = https
	ssl.engine.factory.class = null
	ssl.key.password = null
	ssl.keymanager.algorithm = SunX509
	ssl.keystore.certificate.chain = null
	ssl.keystore.key = null
	ssl.keystore.location = null
	ssl.keystore.password = null
	ssl.keystore.type = JKS
	ssl.protocol = TLSv1.2
	ssl.provider = null
	ssl.secure.random.implementation = null
	ssl.trustmanager.algorithm = PKIX
	ssl.truststore.certificates = null
	ssl.truststore.location = null
	ssl.truststore.password = null
	ssl.truststore.type = JKS
	value.deserializer = class org.apache.kafka.common.serialization.StringDeserializer

2025-01-22 00:46:10,432 INFO org.apache.kafka.common.utils.AppInfoParser [main] Kafka version: 2.7.1
2025-01-22 00:46:10,432 INFO org.apache.kafka.common.utils.AppInfoParser [main] Kafka commitId: 61dbce85d0d41457
2025-01-22 00:46:10,432 INFO org.apache.kafka.common.utils.AppInfoParser [main] Kafka startTimeMs: 1737477970430
2025-01-22 00:46:10,436 INFO org.apache.kafka.clients.consumer.KafkaConsumer [pool-1-thread-1] [Consumer clientId=consumer-fraud-detection-group-1, groupId=fraud-detection-group] Subscribed to topic(s): fraud-detection-topic
2025-01-22 00:46:10,997 WARN org.springframework.boot.autoconfigure.orm.jpa.JpaBaseConfiguration$JpaWebConfiguration [main] spring.jpa.open-in-view is enabled by default. Therefore, database queries may be performed during view rendering. Explicitly configure spring.jpa.open-in-view to disable this warning
2025-01-22 00:46:11,118 INFO org.apache.kafka.clients.Metadata [pool-1-thread-1] [Consumer clientId=consumer-fraud-detection-group-1, groupId=fraud-detection-group] Cluster ID: YMIwkYKRRA68ysH0Laa-Lg
2025-01-22 00:46:11,120 INFO org.apache.kafka.clients.consumer.internals.AbstractCoordinator [pool-1-thread-1] [Consumer clientId=consumer-fraud-detection-group-1, groupId=fraud-detection-group] Discovered group coordinator sventaomac:9092 (id: 2147483647 rack: null)
2025-01-22 00:46:11,124 INFO org.apache.kafka.clients.consumer.internals.AbstractCoordinator [pool-1-thread-1] [Consumer clientId=consumer-fraud-detection-group-1, groupId=fraud-detection-group] (Re-)joining group
2025-01-22 00:46:11,143 INFO org.apache.kafka.clients.consumer.internals.AbstractCoordinator [pool-1-thread-1] [Consumer clientId=consumer-fraud-detection-group-1, groupId=fraud-detection-group] (Re-)joining group
2025-01-22 00:46:11,151 INFO org.apache.kafka.clients.consumer.internals.AbstractCoordinator [pool-1-thread-1] [Consumer clientId=consumer-fraud-detection-group-1, groupId=fraud-detection-group] Successfully joined group with generation Generation{generationId=572, memberId='consumer-fraud-detection-group-1-38288e60-7fa8-4c64-8cc0-a0fc6965a268', protocol='range'}
2025-01-22 00:46:11,154 INFO org.apache.kafka.clients.consumer.internals.ConsumerCoordinator [pool-1-thread-1] [Consumer clientId=consumer-fraud-detection-group-1, groupId=fraud-detection-group] Finished assignment for group at generation 572: {consumer-fraud-detection-group-1-38288e60-7fa8-4c64-8cc0-a0fc6965a268=Assignment(partitions=[fraud-detection-topic-0])}
2025-01-22 00:46:11,168 INFO org.apache.kafka.clients.consumer.internals.AbstractCoordinator [pool-1-thread-1] [Consumer clientId=consumer-fraud-detection-group-1, groupId=fraud-detection-group] Successfully synced group in generation Generation{generationId=572, memberId='consumer-fraud-detection-group-1-38288e60-7fa8-4c64-8cc0-a0fc6965a268', protocol='range'}
2025-01-22 00:46:11,169 INFO org.apache.kafka.clients.consumer.internals.ConsumerCoordinator [pool-1-thread-1] [Consumer clientId=consumer-fraud-detection-group-1, groupId=fraud-detection-group] Notifying assignor about the new Assignment(partitions=[fraud-detection-topic-0])
2025-01-22 00:46:11,172 INFO org.apache.kafka.clients.consumer.internals.ConsumerCoordinator [pool-1-thread-1] [Consumer clientId=consumer-fraud-detection-group-1, groupId=fraud-detection-group] Adding newly assigned partitions: fraud-detection-topic-0
2025-01-22 00:46:11,186 INFO org.apache.kafka.clients.consumer.internals.ConsumerCoordinator [pool-1-thread-1] [Consumer clientId=consumer-fraud-detection-group-1, groupId=fraud-detection-group] Setting offset for partition fraud-detection-topic-0 to the committed offset FetchPosition{offset=420, offsetEpoch=Optional[0], currentLeader=LeaderAndEpoch{leader=Optional[sventaomac:9092 (id: 0 rack: null)], epoch=0}}
2025-01-22 00:46:11,459 INFO org.springframework.boot.autoconfigure.h2.H2ConsoleAutoConfiguration [main] H2 console available at '/h2-console'. Database available at 'jdbc:h2:mem:fraud_db'
2025-01-22 00:46:12,085 INFO com.example.frauddetection.FraudDetectionApplicationTests [main] Started FraudDetectionApplicationTests in 6.466 seconds (JVM running for 7.808)
2025-01-22 00:46:12,215 INFO org.springframework.boot.test.context.SpringBootTestContextBootstrapper [main] Neither @ContextConfiguration nor @ContextHierarchy found for test class [com.example.frauddetection.FraudDetectionControllerTest], using SpringBootContextLoader
2025-01-22 00:46:12,216 INFO org.springframework.test.context.support.AbstractContextLoader [main] Could not detect default resource locations for test class [com.example.frauddetection.FraudDetectionControllerTest]: no resource found for suffixes {-context.xml, Context.groovy}.
2025-01-22 00:46:12,231 INFO org.springframework.boot.test.context.SpringBootTestContextBootstrapper [main] Loaded default TestExecutionListener class names from location [META-INF/spring.factories]: [org.springframework.boot.test.mock.mockito.MockitoTestExecutionListener, org.springframework.boot.test.mock.mockito.ResetMocksTestExecutionListener, org.springframework.boot.test.autoconfigure.restdocs.RestDocsTestExecutionListener, org.springframework.boot.test.autoconfigure.web.client.MockRestServiceServerResetTestExecutionListener, org.springframework.boot.test.autoconfigure.web.servlet.MockMvcPrintOnlyOnFailureTestExecutionListener, org.springframework.boot.test.autoconfigure.web.servlet.WebDriverTestExecutionListener, org.springframework.boot.test.autoconfigure.webservices.client.MockWebServiceServerTestExecutionListener, org.springframework.test.context.web.ServletTestExecutionListener, org.springframework.test.context.support.DirtiesContextBeforeModesTestExecutionListener, org.springframework.test.context.event.ApplicationEventsTestExecutionListener, org.springframework.test.context.support.DependencyInjectionTestExecutionListener, org.springframework.test.context.support.DirtiesContextTestExecutionListener, org.springframework.test.context.transaction.TransactionalTestExecutionListener, org.springframework.test.context.jdbc.SqlScriptsTestExecutionListener, org.springframework.test.context.event.EventPublishingTestExecutionListener]
2025-01-22 00:46:12,232 INFO org.springframework.boot.test.context.SpringBootTestContextBootstrapper [main] Using TestExecutionListeners: [org.springframework.test.context.web.ServletTestExecutionListener@31433df9, org.springframework.test.context.support.DirtiesContextBeforeModesTestExecutionListener@2d4a0671, org.springframework.test.context.event.ApplicationEventsTestExecutionListener@1ab9c735, org.springframework.boot.test.mock.mockito.MockitoTestExecutionListener@6e4e60f5, org.springframework.boot.test.autoconfigure.SpringBootDependencyInjectionTestExecutionListener@464a3430, org.springframework.test.context.support.DirtiesContextTestExecutionListener@3bcedb06, org.springframework.test.context.transaction.TransactionalTestExecutionListener@6f9a3325, org.springframework.test.context.jdbc.SqlScriptsTestExecutionListener@72ceafeb, org.springframework.test.context.event.EventPublishingTestExecutionListener@65b2ee36, org.springframework.boot.test.mock.mockito.ResetMocksTestExecutionListener@28e91f6d, org.springframework.boot.test.autoconfigure.restdocs.RestDocsTestExecutionListener@16d4024e, org.springframework.boot.test.autoconfigure.web.client.MockRestServiceServerResetTestExecutionListener@11e24688, org.springframework.boot.test.autoconfigure.web.servlet.MockMvcPrintOnlyOnFailureTestExecutionListener@63d3c9dc, org.springframework.boot.test.autoconfigure.web.servlet.WebDriverTestExecutionListener@3a1a0bc, org.springframework.boot.test.autoconfigure.webservices.client.MockWebServiceServerTestExecutionListener@35d114f4]
2025-01-22 00:46:12,285 INFO com.example.frauddetection.FraudDetectionControllerTest [main] Starting FraudDetectionControllerTest using Java 1.8.0_231 on sventaoMac with PID 41281 (started by sventao in /Users/sventao/Documents/GK_CODE/fraud-detection)
2025-01-22 00:46:12,288 INFO com.example.frauddetection.FraudDetectionControllerTest [main] No active profile set, falling back to default profiles: default
2025-01-22 00:46:12,519 INFO org.springframework.data.repository.config.RepositoryConfigurationDelegate [main] Bootstrapping Spring Data JPA repositories in DEFAULT mode.
2025-01-22 00:46:12,537 INFO org.springframework.data.repository.config.RepositoryConfigurationDelegate [main] Finished Spring Data repository scanning in 17 ms. Found 2 JPA repository interfaces.
2025-01-22 00:46:12,733 INFO com.zaxxer.hikari.HikariDataSource [main] HikariPool-2 - Starting...
2025-01-22 00:46:12,735 INFO com.zaxxer.hikari.HikariDataSource [main] HikariPool-2 - Start completed.
2025-01-22 00:46:12,792 INFO org.hibernate.jpa.internal.util.LogHelper [main] HHH000204: Processing PersistenceUnitInfo [name: default]
2025-01-22 00:46:12,798 INFO org.hibernate.dialect.Dialect [main] HHH000400: Using dialect: org.hibernate.dialect.H2Dialect
2025-01-22 00:46:12,866 INFO org.hibernate.engine.transaction.jta.platform.internal.JtaPlatformInitiator [main] HHH000490: Using JtaPlatform implementation: [org.hibernate.engine.transaction.jta.platform.internal.NoJtaPlatform]
2025-01-22 00:46:12,866 INFO org.springframework.orm.jpa.LocalContainerEntityManagerFactoryBean [main] Initialized JPA EntityManagerFactory for persistence unit 'default'
2025-01-22 00:46:13,190 INFO org.apache.kafka.clients.consumer.ConsumerConfig [main] ConsumerConfig values: 
	allow.auto.create.topics = true
	auto.commit.interval.ms = 1000
	auto.offset.reset = latest
	bootstrap.servers = [localhost:9092]
	check.crcs = true
	client.dns.lookup = use_all_dns_ips
	client.id = consumer-fraud-detection-group-2
	client.rack = 
	connections.max.idle.ms = 540000
	default.api.timeout.ms = 60000
	enable.auto.commit = true
	exclude.internal.topics = true
	fetch.max.bytes = 52428800
	fetch.max.wait.ms = 500
	fetch.min.bytes = 1
	group.id = fraud-detection-group
	group.instance.id = null
	heartbeat.interval.ms = 3000
	interceptor.classes = []
	internal.leave.group.on.close = true
	internal.throw.on.fetch.stable.offset.unsupported = false
	isolation.level = read_uncommitted
	key.deserializer = class org.apache.kafka.common.serialization.StringDeserializer
	max.partition.fetch.bytes = 1048576
	max.poll.interval.ms = 300000
	max.poll.records = 500
	metadata.max.age.ms = 300000
	metric.reporters = []
	metrics.num.samples = 2
	metrics.recording.level = INFO
	metrics.sample.window.ms = 30000
	partition.assignment.strategy = [class org.apache.kafka.clients.consumer.RangeAssignor]
	receive.buffer.bytes = 65536
	reconnect.backoff.max.ms = 1000
	reconnect.backoff.ms = 50
	request.timeout.ms = 30000
	retry.backoff.ms = 100
	sasl.client.callback.handler.class = null
	sasl.jaas.config = null
	sasl.kerberos.kinit.cmd = /usr/bin/kinit
	sasl.kerberos.min.time.before.relogin = 60000
	sasl.kerberos.service.name = null
	sasl.kerberos.ticket.renew.jitter = 0.05
	sasl.kerberos.ticket.renew.window.factor = 0.8
	sasl.login.callback.handler.class = null
	sasl.login.class = null
	sasl.login.refresh.buffer.seconds = 300
	sasl.login.refresh.min.period.seconds = 60
	sasl.login.refresh.window.factor = 0.8
	sasl.login.refresh.window.jitter = 0.05
	sasl.mechanism = GSSAPI
	security.protocol = PLAINTEXT
	security.providers = null
	send.buffer.bytes = 131072
	session.timeout.ms = 30000
	socket.connection.setup.timeout.max.ms = 127000
	socket.connection.setup.timeout.ms = 10000
	ssl.cipher.suites = null
	ssl.enabled.protocols = [TLSv1.2]
	ssl.endpoint.identification.algorithm = https
	ssl.engine.factory.class = null
	ssl.key.password = null
	ssl.keymanager.algorithm = SunX509
	ssl.keystore.certificate.chain = null
	ssl.keystore.key = null
	ssl.keystore.location = null
	ssl.keystore.password = null
	ssl.keystore.type = JKS
	ssl.protocol = TLSv1.2
	ssl.provider = null
	ssl.secure.random.implementation = null
	ssl.trustmanager.algorithm = PKIX
	ssl.truststore.certificates = null
	ssl.truststore.location = null
	ssl.truststore.password = null
	ssl.truststore.type = JKS
	value.deserializer = class org.apache.kafka.common.serialization.StringDeserializer

2025-01-22 00:46:13,207 INFO org.apache.kafka.common.utils.AppInfoParser [main] Kafka version: 2.7.1
2025-01-22 00:46:13,207 INFO org.apache.kafka.common.utils.AppInfoParser [main] Kafka commitId: 61dbce85d0d41457
2025-01-22 00:46:13,207 INFO org.apache.kafka.common.utils.AppInfoParser [main] Kafka startTimeMs: 1737477973207
2025-01-22 00:46:13,211 INFO org.apache.kafka.clients.consumer.KafkaConsumer [pool-4-thread-1] [Consumer clientId=consumer-fraud-detection-group-2, groupId=fraud-detection-group] Subscribed to topic(s): fraud-detection-topic
2025-01-22 00:46:13,244 INFO org.apache.kafka.clients.Metadata [pool-4-thread-1] [Consumer clientId=consumer-fraud-detection-group-2, groupId=fraud-detection-group] Cluster ID: YMIwkYKRRA68ysH0Laa-Lg
2025-01-22 00:46:13,249 INFO org.apache.kafka.clients.consumer.internals.AbstractCoordinator [pool-4-thread-1] [Consumer clientId=consumer-fraud-detection-group-2, groupId=fraud-detection-group] Discovered group coordinator sventaomac:9092 (id: 2147483647 rack: null)
2025-01-22 00:46:13,251 INFO org.apache.kafka.clients.consumer.internals.AbstractCoordinator [pool-4-thread-1] [Consumer clientId=consumer-fraud-detection-group-2, groupId=fraud-detection-group] (Re-)joining group
2025-01-22 00:46:13,266 INFO org.apache.kafka.clients.consumer.internals.AbstractCoordinator [pool-4-thread-1] [Consumer clientId=consumer-fraud-detection-group-2, groupId=fraud-detection-group] (Re-)joining group
2025-01-22 00:46:13,452 WARN org.springframework.boot.autoconfigure.orm.jpa.JpaBaseConfiguration$JpaWebConfiguration [main] spring.jpa.open-in-view is enabled by default. Therefore, database queries may be performed during view rendering. Explicitly configure spring.jpa.open-in-view to disable this warning
2025-01-22 00:46:13,635 INFO org.springframework.boot.autoconfigure.h2.H2ConsoleAutoConfiguration [main] H2 console available at '/h2-console'. Database available at 'jdbc:h2:mem:fraud_db'
2025-01-22 00:46:14,158 INFO org.apache.kafka.clients.consumer.internals.AbstractCoordinator [pool-1-thread-1] [Consumer clientId=consumer-fraud-detection-group-1, groupId=fraud-detection-group] Attempt to heartbeat failed since group is rebalancing
2025-01-22 00:46:14,162 INFO org.apache.kafka.clients.consumer.internals.ConsumerCoordinator [pool-1-thread-1] [Consumer clientId=consumer-fraud-detection-group-1, groupId=fraud-detection-group] Revoke previously assigned partitions fraud-detection-topic-0
2025-01-22 00:46:14,163 INFO org.apache.kafka.clients.consumer.internals.AbstractCoordinator [pool-1-thread-1] [Consumer clientId=consumer-fraud-detection-group-1, groupId=fraud-detection-group] (Re-)joining group
2025-01-22 00:46:14,166 INFO org.apache.kafka.clients.consumer.internals.AbstractCoordinator [pool-1-thread-1] [Consumer clientId=consumer-fraud-detection-group-1, groupId=fraud-detection-group] Successfully joined group with generation Generation{generationId=573, memberId='consumer-fraud-detection-group-1-38288e60-7fa8-4c64-8cc0-a0fc6965a268', protocol='range'}
2025-01-22 00:46:14,166 INFO org.apache.kafka.clients.consumer.internals.AbstractCoordinator [pool-4-thread-1] [Consumer clientId=consumer-fraud-detection-group-2, groupId=fraud-detection-group] Successfully joined group with generation Generation{generationId=573, memberId='consumer-fraud-detection-group-2-350bfb7f-58c5-4eb1-8503-3192ce3a16f8', protocol='range'}
2025-01-22 00:46:14,167 INFO org.apache.kafka.clients.consumer.internals.ConsumerCoordinator [pool-1-thread-1] [Consumer clientId=consumer-fraud-detection-group-1, groupId=fraud-detection-group] Finished assignment for group at generation 573: {consumer-fraud-detection-group-2-350bfb7f-58c5-4eb1-8503-3192ce3a16f8=Assignment(partitions=[]), consumer-fraud-detection-group-1-38288e60-7fa8-4c64-8cc0-a0fc6965a268=Assignment(partitions=[fraud-detection-topic-0])}
2025-01-22 00:46:14,171 INFO org.apache.kafka.clients.consumer.internals.AbstractCoordinator [pool-4-thread-1] [Consumer clientId=consumer-fraud-detection-group-2, groupId=fraud-detection-group] Successfully synced group in generation Generation{generationId=573, memberId='consumer-fraud-detection-group-2-350bfb7f-58c5-4eb1-8503-3192ce3a16f8', protocol='range'}
2025-01-22 00:46:14,171 INFO org.apache.kafka.clients.consumer.internals.AbstractCoordinator [pool-1-thread-1] [Consumer clientId=consumer-fraud-detection-group-1, groupId=fraud-detection-group] Successfully synced group in generation Generation{generationId=573, memberId='consumer-fraud-detection-group-1-38288e60-7fa8-4c64-8cc0-a0fc6965a268', protocol='range'}
2025-01-22 00:46:14,172 INFO org.apache.kafka.clients.consumer.internals.ConsumerCoordinator [pool-4-thread-1] [Consumer clientId=consumer-fraud-detection-group-2, groupId=fraud-detection-group] Notifying assignor about the new Assignment(partitions=[])
2025-01-22 00:46:14,172 INFO org.apache.kafka.clients.consumer.internals.ConsumerCoordinator [pool-1-thread-1] [Consumer clientId=consumer-fraud-detection-group-1, groupId=fraud-detection-group] Notifying assignor about the new Assignment(partitions=[fraud-detection-topic-0])
2025-01-22 00:46:14,172 INFO org.apache.kafka.clients.consumer.internals.ConsumerCoordinator [pool-4-thread-1] [Consumer clientId=consumer-fraud-detection-group-2, groupId=fraud-detection-group] Adding newly assigned partitions: 
2025-01-22 00:46:14,172 INFO org.apache.kafka.clients.consumer.internals.ConsumerCoordinator [pool-1-thread-1] [Consumer clientId=consumer-fraud-detection-group-1, groupId=fraud-detection-group] Adding newly assigned partitions: fraud-detection-topic-0
2025-01-22 00:46:14,175 INFO org.apache.kafka.clients.consumer.internals.ConsumerCoordinator [pool-1-thread-1] [Consumer clientId=consumer-fraud-detection-group-1, groupId=fraud-detection-group] Setting offset for partition fraud-detection-topic-0 to the committed offset FetchPosition{offset=420, offsetEpoch=Optional[0], currentLeader=LeaderAndEpoch{leader=Optional[sventaomac:9092 (id: 0 rack: null)], epoch=0}}
2025-01-22 00:46:14,258 INFO org.springframework.boot.test.mock.web.SpringBootMockServletContext [main] Initializing Spring TestDispatcherServlet ''
2025-01-22 00:46:14,258 INFO org.springframework.test.web.servlet.TestDispatcherServlet [main] Initializing Servlet ''
2025-01-22 00:46:14,260 INFO org.springframework.test.web.servlet.TestDispatcherServlet [main] Completed initialization in 1 ms
2025-01-22 00:46:14,274 INFO com.example.frauddetection.FraudDetectionControllerTest [main] Started FraudDetectionControllerTest in 2.035 seconds (JVM running for 9.997)
2025-01-22 00:46:14,724 INFO org.apache.kafka.clients.producer.ProducerConfig [main] ProducerConfig values: 
	acks = 1
	batch.size = 16384
	bootstrap.servers = [localhost:9092]
	buffer.memory = 33554432
	client.dns.lookup = use_all_dns_ips
	client.id = producer-1
	compression.type = none
	connections.max.idle.ms = 540000
	delivery.timeout.ms = 120000
	enable.idempotence = false
	interceptor.classes = []
	internal.auto.downgrade.txn.commit = false
	key.serializer = class org.apache.kafka.common.serialization.StringSerializer
	linger.ms = 0
	max.block.ms = 60000
	max.in.flight.requests.per.connection = 5
	max.request.size = 1048576
	metadata.max.age.ms = 300000
	metadata.max.idle.ms = 300000
	metric.reporters = []
	metrics.num.samples = 2
	metrics.recording.level = INFO
	metrics.sample.window.ms = 30000
	partitioner.class = class org.apache.kafka.clients.producer.internals.DefaultPartitioner
	receive.buffer.bytes = 32768
	reconnect.backoff.max.ms = 1000
	reconnect.backoff.ms = 50
	request.timeout.ms = 30000
	retries = 2147483647
	retry.backoff.ms = 100
	sasl.client.callback.handler.class = null
	sasl.jaas.config = null
	sasl.kerberos.kinit.cmd = /usr/bin/kinit
	sasl.kerberos.min.time.before.relogin = 60000
	sasl.kerberos.service.name = null
	sasl.kerberos.ticket.renew.jitter = 0.05
	sasl.kerberos.ticket.renew.window.factor = 0.8
	sasl.login.callback.handler.class = null
	sasl.login.class = null
	sasl.login.refresh.buffer.seconds = 300
	sasl.login.refresh.min.period.seconds = 60
	sasl.login.refresh.window.factor = 0.8
	sasl.login.refresh.window.jitter = 0.05
	sasl.mechanism = GSSAPI
	security.protocol = PLAINTEXT
	security.providers = null
	send.buffer.bytes = 131072
	socket.connection.setup.timeout.max.ms = 127000
	socket.connection.setup.timeout.ms = 10000
	ssl.cipher.suites = null
	ssl.enabled.protocols = [TLSv1.2]
	ssl.endpoint.identification.algorithm = https
	ssl.engine.factory.class = null
	ssl.key.password = null
	ssl.keymanager.algorithm = SunX509
	ssl.keystore.certificate.chain = null
	ssl.keystore.key = null
	ssl.keystore.location = null
	ssl.keystore.password = null
	ssl.keystore.type = JKS
	ssl.protocol = TLSv1.2
	ssl.provider = null
	ssl.secure.random.implementation = null
	ssl.trustmanager.algorithm = PKIX
	ssl.truststore.certificates = null
	ssl.truststore.location = null
	ssl.truststore.password = null
	ssl.truststore.type = JKS
	transaction.timeout.ms = 60000
	transactional.id = null
	value.serializer = class org.springframework.kafka.support.serializer.JsonSerializer

2025-01-22 00:46:14,753 INFO org.apache.kafka.common.utils.AppInfoParser [main] Kafka version: 2.7.1
2025-01-22 00:46:14,753 INFO org.apache.kafka.common.utils.AppInfoParser [main] Kafka commitId: 61dbce85d0d41457
2025-01-22 00:46:14,754 INFO org.apache.kafka.common.utils.AppInfoParser [main] Kafka startTimeMs: 1737477974753
2025-01-22 00:46:14,761 INFO org.apache.kafka.clients.Metadata [kafka-producer-network-thread | producer-1] [Producer clientId=producer-1] Cluster ID: YMIwkYKRRA68ysH0Laa-Lg
2025-01-22 00:46:14,801 INFO com.example.frauddetection.kafka.FraudDetectionProducer [main] sendTransaction success， message：TransactionDTO(transactionId=transactionId401, userId=111, amount=100, ip=null, bussTime=null) 
2025-01-22 00:46:19,832 INFO org.springframework.boot.test.context.SpringBootTestContextBootstrapper [main] Neither @ContextConfiguration nor @ContextHierarchy found for test class [com.example.frauddetection.FraudDetectionRetryServiceTest], using SpringBootContextLoader
2025-01-22 00:46:19,833 INFO org.springframework.test.context.support.AbstractContextLoader [main] Could not detect default resource locations for test class [com.example.frauddetection.FraudDetectionRetryServiceTest]: no resource found for suffixes {-context.xml, Context.groovy}.
2025-01-22 00:46:19,839 INFO org.springframework.boot.test.context.SpringBootTestContextBootstrapper [main] Loaded default TestExecutionListener class names from location [META-INF/spring.factories]: [org.springframework.boot.test.mock.mockito.MockitoTestExecutionListener, org.springframework.boot.test.mock.mockito.ResetMocksTestExecutionListener, org.springframework.boot.test.autoconfigure.restdocs.RestDocsTestExecutionListener, org.springframework.boot.test.autoconfigure.web.client.MockRestServiceServerResetTestExecutionListener, org.springframework.boot.test.autoconfigure.web.servlet.MockMvcPrintOnlyOnFailureTestExecutionListener, org.springframework.boot.test.autoconfigure.web.servlet.WebDriverTestExecutionListener, org.springframework.boot.test.autoconfigure.webservices.client.MockWebServiceServerTestExecutionListener, org.springframework.test.context.web.ServletTestExecutionListener, org.springframework.test.context.support.DirtiesContextBeforeModesTestExecutionListener, org.springframework.test.context.event.ApplicationEventsTestExecutionListener, org.springframework.test.context.support.DependencyInjectionTestExecutionListener, org.springframework.test.context.support.DirtiesContextTestExecutionListener, org.springframework.test.context.transaction.TransactionalTestExecutionListener, org.springframework.test.context.jdbc.SqlScriptsTestExecutionListener, org.springframework.test.context.event.EventPublishingTestExecutionListener]
2025-01-22 00:46:19,840 INFO org.springframework.boot.test.context.SpringBootTestContextBootstrapper [main] Using TestExecutionListeners: [org.springframework.test.context.web.ServletTestExecutionListener@20d3fff4, org.springframework.test.context.support.DirtiesContextBeforeModesTestExecutionListener@52325940, org.springframework.test.context.event.ApplicationEventsTestExecutionListener@7f792530, org.springframework.boot.test.mock.mockito.MockitoTestExecutionListener@1adfb5b8, org.springframework.boot.test.autoconfigure.SpringBootDependencyInjectionTestExecutionListener@254cc548, org.springframework.test.context.support.DirtiesContextTestExecutionListener@65f470f8, org.springframework.test.context.transaction.TransactionalTestExecutionListener@531299d3, org.springframework.test.context.jdbc.SqlScriptsTestExecutionListener@3487947c, org.springframework.test.context.event.EventPublishingTestExecutionListener@77226121, org.springframework.boot.test.mock.mockito.ResetMocksTestExecutionListener@3117ac8d, org.springframework.boot.test.autoconfigure.restdocs.RestDocsTestExecutionListener@760c777d, org.springframework.boot.test.autoconfigure.web.client.MockRestServiceServerResetTestExecutionListener@7ea039b4, org.springframework.boot.test.autoconfigure.web.servlet.MockMvcPrintOnlyOnFailureTestExecutionListener@1aef7428, org.springframework.boot.test.autoconfigure.web.servlet.WebDriverTestExecutionListener@1610c03c, org.springframework.boot.test.autoconfigure.webservices.client.MockWebServiceServerTestExecutionListener@332fa1c]
2025-01-22 00:46:19,896 INFO com.example.frauddetection.service.FraudDetectionRetryService [main] doRetry start, time:1737477979
2025-01-22 00:46:19,896 INFO com.example.frauddetection.service.FraudDetectionRetryService [main] doRetry end, time:1737477979
2025-01-22 00:46:19,919 INFO com.example.frauddetection.service.FraudDetectionRetryService [main] doRetry start, time:1737477979
2025-01-22 00:46:19,920 INFO com.example.frauddetection.service.FraudDetectionRetryService [main] doRetry retryEntity:FraudDetectRetryEntity(id=2, transactionId=transactionId10086, transactionRecord={"amount":100,"bussTime":1737477979915,"transactionId":"transactionId10086","userId":101}, retryStat=1, retryTimes=0, createdAt=1737477979915, updatedAt=1737477979915)
2025-01-22 00:46:19,931 INFO com.example.frauddetection.service.FraudDetectionRetryService [main] doRetry end, time:1737477979
2025-01-22 00:46:19,948 INFO org.apache.kafka.clients.producer.ProducerConfig [main] ProducerConfig values: 
	acks = 1
	batch.size = 16384
	bootstrap.servers = [localhost:9092]
	buffer.memory = 33554432
	client.dns.lookup = use_all_dns_ips
	client.id = producer-2
	compression.type = none
	connections.max.idle.ms = 540000
	delivery.timeout.ms = 120000
	enable.idempotence = false
	interceptor.classes = []
	internal.auto.downgrade.txn.commit = false
	key.serializer = class org.apache.kafka.common.serialization.StringSerializer
	linger.ms = 0
	max.block.ms = 60000
	max.in.flight.requests.per.connection = 5
	max.request.size = 1048576
	metadata.max.age.ms = 300000
	metadata.max.idle.ms = 300000
	metric.reporters = []
	metrics.num.samples = 2
	metrics.recording.level = INFO
	metrics.sample.window.ms = 30000
	partitioner.class = class org.apache.kafka.clients.producer.internals.DefaultPartitioner
	receive.buffer.bytes = 32768
	reconnect.backoff.max.ms = 1000
	reconnect.backoff.ms = 50
	request.timeout.ms = 30000
	retries = 2147483647
	retry.backoff.ms = 100
	sasl.client.callback.handler.class = null
	sasl.jaas.config = null
	sasl.kerberos.kinit.cmd = /usr/bin/kinit
	sasl.kerberos.min.time.before.relogin = 60000
	sasl.kerberos.service.name = null
	sasl.kerberos.ticket.renew.jitter = 0.05
	sasl.kerberos.ticket.renew.window.factor = 0.8
	sasl.login.callback.handler.class = null
	sasl.login.class = null
	sasl.login.refresh.buffer.seconds = 300
	sasl.login.refresh.min.period.seconds = 60
	sasl.login.refresh.window.factor = 0.8
	sasl.login.refresh.window.jitter = 0.05
	sasl.mechanism = GSSAPI
	security.protocol = PLAINTEXT
	security.providers = null
	send.buffer.bytes = 131072
	socket.connection.setup.timeout.max.ms = 127000
	socket.connection.setup.timeout.ms = 10000
	ssl.cipher.suites = null
	ssl.enabled.protocols = [TLSv1.2]
	ssl.endpoint.identification.algorithm = https
	ssl.engine.factory.class = null
	ssl.key.password = null
	ssl.keymanager.algorithm = SunX509
	ssl.keystore.certificate.chain = null
	ssl.keystore.key = null
	ssl.keystore.location = null
	ssl.keystore.password = null
	ssl.keystore.type = JKS
	ssl.protocol = TLSv1.2
	ssl.provider = null
	ssl.secure.random.implementation = null
	ssl.trustmanager.algorithm = PKIX
	ssl.truststore.certificates = null
	ssl.truststore.location = null
	ssl.truststore.password = null
	ssl.truststore.type = JKS
	transaction.timeout.ms = 60000
	transactional.id = null
	value.serializer = class org.springframework.kafka.support.serializer.JsonSerializer

2025-01-22 00:46:19,953 INFO org.apache.kafka.common.utils.AppInfoParser [main] Kafka version: 2.7.1
2025-01-22 00:46:19,953 INFO org.apache.kafka.common.utils.AppInfoParser [main] Kafka commitId: 61dbce85d0d41457
2025-01-22 00:46:19,954 INFO org.apache.kafka.common.utils.AppInfoParser [main] Kafka startTimeMs: 1737477979953
2025-01-22 00:46:19,958 INFO org.apache.kafka.clients.Metadata [kafka-producer-network-thread | producer-2] [Producer clientId=producer-2] Cluster ID: YMIwkYKRRA68ysH0Laa-Lg
2025-01-22 00:46:19,960 INFO com.example.frauddetection.kafka.FraudDetectionProducer [main] sendTransaction success， message：TransactionDTO(transactionId=transactionId10088, userId=null, amount=100, ip=null, bussTime=1737477979947) 
2025-01-22 00:46:19,969 ERROR com.example.frauddetection.kafka.FraudDetectionConsumer [pool-1-thread-1] consumeMsg message：{"transactionId":"transactionId10088","userId":null,"amount":100,"ip":null,"bussTime":1737477979947} fail, input parameter error
2025-01-22 00:46:19,973 ERROR com.example.frauddetection.kafka.MessageConsumer [pool-1-thread-1] consumeMsg fail.
com.example.frauddetection.exception.ParaErrException: input parameter error
	at com.example.frauddetection.kafka.FraudDetectionConsumer.consumeMsg(FraudDetectionConsumer.java:54)
	at com.example.frauddetection.kafka.MessageConsumer.lambda$startListening$0(MessageConsumer.java:87)
	at java.util.concurrent.FutureTask.run(FutureTask.java:266)
	at java.util.concurrent.ThreadPoolExecutor.runWorker(ThreadPoolExecutor.java:1149)
	at java.util.concurrent.ThreadPoolExecutor$Worker.run(ThreadPoolExecutor.java:624)
	at java.lang.Thread.run(Thread.java:748)
2025-01-22 00:46:24,967 INFO com.example.frauddetection.service.FraudDetectionRetryService [main] doRetry start, time:1737477984
2025-01-22 00:46:24,968 INFO com.example.frauddetection.service.FraudDetectionRetryService [main] doRetry end, time:1737477984
2025-01-22 00:46:24,975 INFO org.springframework.boot.test.context.SpringBootTestContextBootstrapper [main] Neither @ContextConfiguration nor @ContextHierarchy found for test class [com.example.frauddetection.FraudDetectionConsumerTest], using SpringBootContextLoader
2025-01-22 00:46:24,975 INFO org.springframework.test.context.support.AbstractContextLoader [main] Could not detect default resource locations for test class [com.example.frauddetection.FraudDetectionConsumerTest]: no resource found for suffixes {-context.xml, Context.groovy}.
2025-01-22 00:46:24,978 INFO org.springframework.boot.test.context.SpringBootTestContextBootstrapper [main] Loaded default TestExecutionListener class names from location [META-INF/spring.factories]: [org.springframework.boot.test.mock.mockito.MockitoTestExecutionListener, org.springframework.boot.test.mock.mockito.ResetMocksTestExecutionListener, org.springframework.boot.test.autoconfigure.restdocs.RestDocsTestExecutionListener, org.springframework.boot.test.autoconfigure.web.client.MockRestServiceServerResetTestExecutionListener, org.springframework.boot.test.autoconfigure.web.servlet.MockMvcPrintOnlyOnFailureTestExecutionListener, org.springframework.boot.test.autoconfigure.web.servlet.WebDriverTestExecutionListener, org.springframework.boot.test.autoconfigure.webservices.client.MockWebServiceServerTestExecutionListener, org.springframework.test.context.web.ServletTestExecutionListener, org.springframework.test.context.support.DirtiesContextBeforeModesTestExecutionListener, org.springframework.test.context.event.ApplicationEventsTestExecutionListener, org.springframework.test.context.support.DependencyInjectionTestExecutionListener, org.springframework.test.context.support.DirtiesContextTestExecutionListener, org.springframework.test.context.transaction.TransactionalTestExecutionListener, org.springframework.test.context.jdbc.SqlScriptsTestExecutionListener, org.springframework.test.context.event.EventPublishingTestExecutionListener]
2025-01-22 00:46:24,978 INFO org.springframework.boot.test.context.SpringBootTestContextBootstrapper [main] Using TestExecutionListeners: [org.springframework.test.context.web.ServletTestExecutionListener@212c0aff, org.springframework.test.context.support.DirtiesContextBeforeModesTestExecutionListener@21780905, org.springframework.test.context.event.ApplicationEventsTestExecutionListener@47666b39, org.springframework.boot.test.mock.mockito.MockitoTestExecutionListener@2dbcee03, org.springframework.boot.test.autoconfigure.SpringBootDependencyInjectionTestExecutionListener@6c8672b9, org.springframework.test.context.support.DirtiesContextTestExecutionListener@dd77e0d, org.springframework.test.context.transaction.TransactionalTestExecutionListener@799cf32d, org.springframework.test.context.jdbc.SqlScriptsTestExecutionListener@331ad6eb, org.springframework.test.context.event.EventPublishingTestExecutionListener@6cd6698b, org.springframework.boot.test.mock.mockito.ResetMocksTestExecutionListener@5ac7550a, org.springframework.boot.test.autoconfigure.restdocs.RestDocsTestExecutionListener@44dcc0e4, org.springframework.boot.test.autoconfigure.web.client.MockRestServiceServerResetTestExecutionListener@2114eb1a, org.springframework.boot.test.autoconfigure.web.servlet.MockMvcPrintOnlyOnFailureTestExecutionListener@7e514482, org.springframework.boot.test.autoconfigure.web.servlet.WebDriverTestExecutionListener@1e5e3147, org.springframework.boot.test.autoconfigure.webservices.client.MockWebServiceServerTestExecutionListener@3c271988]
2025-01-22 00:46:25,992 ERROR com.example.frauddetection.kafka.FraudDetectionConsumer [main] consumeMsg message：{"amount":100,"bussTime":1737477985992,"transactionId":"transactionId01"} fail, input parameter error
2025-01-22 00:46:27,020 ERROR com.example.frauddetection.kafka.FraudDetectionConsumer [main] consumeMsg message：{"amount":100,"bussTime":1737477987008,"transactionId":"transactionId04","userId":111} fail, too busy
2025-01-22 00:46:27,034 INFO org.apache.kafka.clients.producer.KafkaProducer [SpringApplicationShutdownHook] [Producer clientId=producer-2] Closing the Kafka producer with timeoutMillis = 30000 ms.
2025-01-22 00:46:27,042 INFO org.apache.kafka.common.metrics.Metrics [SpringApplicationShutdownHook] Metrics scheduler closed
2025-01-22 00:46:27,042 INFO org.apache.kafka.common.metrics.Metrics [SpringApplicationShutdownHook] Closing reporter org.apache.kafka.common.metrics.JmxReporter
2025-01-22 00:46:27,043 INFO org.apache.kafka.common.metrics.Metrics [SpringApplicationShutdownHook] Metrics reporters closed
2025-01-22 00:46:27,044 INFO org.apache.kafka.common.utils.AppInfoParser [SpringApplicationShutdownHook] App info kafka.producer for producer-2 unregistered
2025-01-22 00:46:27,045 INFO org.springframework.orm.jpa.LocalContainerEntityManagerFactoryBean [SpringApplicationShutdownHook] Closing JPA EntityManagerFactory for persistence unit 'default'
2025-01-22 00:46:27,046 INFO org.hibernate.tool.schema.internal.SchemaDropperImpl$DelayedDropActionImpl [SpringApplicationShutdownHook] HHH000477: Starting delayed evictData of schema as part of SessionFactory shut-down'
2025-01-22 00:46:27,049 WARN org.hibernate.engine.jdbc.spi.SqlExceptionHelper [SpringApplicationShutdownHook] SQL Error: 90121, SQLState: 90121
2025-01-22 00:46:27,049 ERROR org.hibernate.engine.jdbc.spi.SqlExceptionHelper [SpringApplicationShutdownHook] Database is already closed (to disable automatic closing at VM shutdown, add ";DB_CLOSE_ON_EXIT=FALSE" to the db URL) [90121-200]
2025-01-22 00:46:27,050 WARN org.hibernate.engine.jdbc.spi.SqlExceptionHelper [SpringApplicationShutdownHook] SQL Error: 90121, SQLState: 90121
2025-01-22 00:46:27,050 ERROR org.hibernate.engine.jdbc.spi.SqlExceptionHelper [SpringApplicationShutdownHook] Database is already closed (to disable automatic closing at VM shutdown, add ";DB_CLOSE_ON_EXIT=FALSE" to the db URL) [90121-200]
2025-01-22 00:46:27,050 WARN org.springframework.beans.factory.support.DisposableBeanAdapter [SpringApplicationShutdownHook] Invocation of destroy method failed on bean with name 'entityManagerFactory': org.hibernate.exception.JDBCConnectionException: Unable to release JDBC Connection used for DDL execution
2025-01-22 00:46:27,051 INFO com.zaxxer.hikari.HikariDataSource [SpringApplicationShutdownHook] HikariPool-1 - Shutdown initiated...
2025-01-22 00:46:27,053 INFO com.zaxxer.hikari.HikariDataSource [SpringApplicationShutdownHook] HikariPool-1 - Shutdown completed.
2025-01-22 00:46:27,058 INFO org.apache.kafka.clients.producer.KafkaProducer [SpringApplicationShutdownHook] [Producer clientId=producer-1] Closing the Kafka producer with timeoutMillis = 30000 ms.
2025-01-22 00:46:27,060 INFO org.apache.kafka.common.metrics.Metrics [SpringApplicationShutdownHook] Metrics scheduler closed
2025-01-22 00:46:27,061 INFO org.apache.kafka.common.metrics.Metrics [SpringApplicationShutdownHook] Closing reporter org.apache.kafka.common.metrics.JmxReporter
2025-01-22 00:46:27,061 INFO org.apache.kafka.common.metrics.Metrics [SpringApplicationShutdownHook] Metrics reporters closed
2025-01-22 00:46:27,061 INFO org.apache.kafka.common.utils.AppInfoParser [SpringApplicationShutdownHook] App info kafka.producer for producer-1 unregistered
2025-01-22 00:46:27,062 INFO org.springframework.orm.jpa.LocalContainerEntityManagerFactoryBean [SpringApplicationShutdownHook] Closing JPA EntityManagerFactory for persistence unit 'default'
2025-01-22 00:46:27,062 INFO org.hibernate.tool.schema.internal.SchemaDropperImpl$DelayedDropActionImpl [SpringApplicationShutdownHook] HHH000477: Starting delayed evictData of schema as part of SessionFactory shut-down'
2025-01-22 00:46:27,071 INFO com.zaxxer.hikari.HikariDataSource [SpringApplicationShutdownHook] HikariPool-2 - Shutdown initiated...
2025-01-22 00:46:27,075 INFO com.zaxxer.hikari.HikariDataSource [SpringApplicationShutdownHook] HikariPool-2 - Shutdown completed.
2025-01-22 00:46:43,558 INFO org.springframework.boot.test.context.SpringBootTestContextBootstrapper [main] Neither @ContextConfiguration nor @ContextHierarchy found for test class [com.example.frauddetection.FraudDetectionApplicationTests], using SpringBootContextLoader
2025-01-22 00:46:43,567 INFO org.springframework.test.context.support.AbstractContextLoader [main] Could not detect default resource locations for test class [com.example.frauddetection.FraudDetectionApplicationTests]: no resource found for suffixes {-context.xml, Context.groovy}.
2025-01-22 00:46:43,568 INFO org.springframework.test.context.support.AnnotationConfigContextLoaderUtils [main] Could not detect default configuration classes for test class [com.example.frauddetection.FraudDetectionApplicationTests]: FraudDetectionApplicationTests does not declare any static, non-private, non-final, nested classes annotated with @Configuration.
2025-01-22 00:46:43,740 INFO org.springframework.boot.test.context.SpringBootTestContextBootstrapper [main] Found @SpringBootConfiguration com.example.frauddetection.FraudDetectionApplication for test class com.example.frauddetection.FraudDetectionApplicationTests
2025-01-22 00:46:43,913 INFO org.springframework.boot.test.context.SpringBootTestContextBootstrapper [main] Loaded default TestExecutionListener class names from location [META-INF/spring.factories]: [org.springframework.boot.test.mock.mockito.MockitoTestExecutionListener, org.springframework.boot.test.mock.mockito.ResetMocksTestExecutionListener, org.springframework.boot.test.autoconfigure.restdocs.RestDocsTestExecutionListener, org.springframework.boot.test.autoconfigure.web.client.MockRestServiceServerResetTestExecutionListener, org.springframework.boot.test.autoconfigure.web.servlet.MockMvcPrintOnlyOnFailureTestExecutionListener, org.springframework.boot.test.autoconfigure.web.servlet.WebDriverTestExecutionListener, org.springframework.boot.test.autoconfigure.webservices.client.MockWebServiceServerTestExecutionListener, org.springframework.test.context.web.ServletTestExecutionListener, org.springframework.test.context.support.DirtiesContextBeforeModesTestExecutionListener, org.springframework.test.context.event.ApplicationEventsTestExecutionListener, org.springframework.test.context.support.DependencyInjectionTestExecutionListener, org.springframework.test.context.support.DirtiesContextTestExecutionListener, org.springframework.test.context.transaction.TransactionalTestExecutionListener, org.springframework.test.context.jdbc.SqlScriptsTestExecutionListener, org.springframework.test.context.event.EventPublishingTestExecutionListener]
2025-01-22 00:46:43,933 INFO org.springframework.boot.test.context.SpringBootTestContextBootstrapper [main] Using TestExecutionListeners: [org.springframework.test.context.web.ServletTestExecutionListener@1f760b47, org.springframework.test.context.support.DirtiesContextBeforeModesTestExecutionListener@18ece7f4, org.springframework.test.context.event.ApplicationEventsTestExecutionListener@3cce57c7, org.springframework.boot.test.mock.mockito.MockitoTestExecutionListener@1cf56a1c, org.springframework.boot.test.autoconfigure.SpringBootDependencyInjectionTestExecutionListener@33f676f6, org.springframework.test.context.support.DirtiesContextTestExecutionListener@4c5ae43b, org.springframework.test.context.transaction.TransactionalTestExecutionListener@264f218, org.springframework.test.context.jdbc.SqlScriptsTestExecutionListener@3576ddc2, org.springframework.test.context.event.EventPublishingTestExecutionListener@35b74c5c, org.springframework.boot.test.mock.mockito.ResetMocksTestExecutionListener@2e570ded, org.springframework.boot.test.autoconfigure.restdocs.RestDocsTestExecutionListener@b86de0d, org.springframework.boot.test.autoconfigure.web.client.MockRestServiceServerResetTestExecutionListener@81d9a72, org.springframework.boot.test.autoconfigure.web.servlet.MockMvcPrintOnlyOnFailureTestExecutionListener@747f281, org.springframework.boot.test.autoconfigure.web.servlet.WebDriverTestExecutionListener@1169afe1, org.springframework.boot.test.autoconfigure.webservices.client.MockWebServiceServerTestExecutionListener@2ca26d77]
2025-01-22 00:46:44,387 INFO com.example.frauddetection.FraudDetectionApplicationTests [main] Starting FraudDetectionApplicationTests using Java 1.8.0_231 on sventaoMac with PID 41318 (started by sventao in /Users/sventao/Documents/GK_CODE/fraud-detection)
2025-01-22 00:46:44,391 INFO com.example.frauddetection.FraudDetectionApplicationTests [main] No active profile set, falling back to default profiles: default
2025-01-22 00:46:45,621 INFO org.springframework.data.repository.config.RepositoryConfigurationDelegate [main] Bootstrapping Spring Data JPA repositories in DEFAULT mode.
2025-01-22 00:46:45,707 INFO org.springframework.data.repository.config.RepositoryConfigurationDelegate [main] Finished Spring Data repository scanning in 72 ms. Found 2 JPA repository interfaces.
2025-01-22 00:46:46,439 INFO com.zaxxer.hikari.HikariDataSource [main] HikariPool-1 - Starting...
2025-01-22 00:46:46,821 INFO com.zaxxer.hikari.HikariDataSource [main] HikariPool-1 - Start completed.
2025-01-22 00:46:47,070 INFO org.hibernate.jpa.internal.util.LogHelper [main] HHH000204: Processing PersistenceUnitInfo [name: default]
2025-01-22 00:46:47,151 INFO org.hibernate.Version [main] HHH000412: Hibernate ORM core version 5.4.32.Final
2025-01-22 00:46:47,436 INFO org.hibernate.annotations.common.Version [main] HCANN000001: Hibernate Commons Annotations {5.1.2.Final}
2025-01-22 00:46:47,668 INFO org.hibernate.dialect.Dialect [main] HHH000400: Using dialect: org.hibernate.dialect.H2Dialect
2025-01-22 00:46:48,604 INFO org.hibernate.engine.transaction.jta.platform.internal.JtaPlatformInitiator [main] HHH000490: Using JtaPlatform implementation: [org.hibernate.engine.transaction.jta.platform.internal.NoJtaPlatform]
2025-01-22 00:46:48,617 INFO org.springframework.orm.jpa.LocalContainerEntityManagerFactoryBean [main] Initialized JPA EntityManagerFactory for persistence unit 'default'
2025-01-22 00:46:49,349 INFO org.apache.kafka.clients.consumer.ConsumerConfig [main] ConsumerConfig values: 
	allow.auto.create.topics = true
	auto.commit.interval.ms = 1000
	auto.offset.reset = latest
	bootstrap.servers = [localhost:9092]
	check.crcs = true
	client.dns.lookup = use_all_dns_ips
	client.id = consumer-fraud-detection-group-1
	client.rack = 
	connections.max.idle.ms = 540000
	default.api.timeout.ms = 60000
	enable.auto.commit = true
	exclude.internal.topics = true
	fetch.max.bytes = 52428800
	fetch.max.wait.ms = 500
	fetch.min.bytes = 1
	group.id = fraud-detection-group
	group.instance.id = null
	heartbeat.interval.ms = 3000
	interceptor.classes = []
	internal.leave.group.on.close = true
	internal.throw.on.fetch.stable.offset.unsupported = false
	isolation.level = read_uncommitted
	key.deserializer = class org.apache.kafka.common.serialization.StringDeserializer
	max.partition.fetch.bytes = 1048576
	max.poll.interval.ms = 300000
	max.poll.records = 500
	metadata.max.age.ms = 300000
	metric.reporters = []
	metrics.num.samples = 2
	metrics.recording.level = INFO
	metrics.sample.window.ms = 30000
	partition.assignment.strategy = [class org.apache.kafka.clients.consumer.RangeAssignor]
	receive.buffer.bytes = 65536
	reconnect.backoff.max.ms = 1000
	reconnect.backoff.ms = 50
	request.timeout.ms = 30000
	retry.backoff.ms = 100
	sasl.client.callback.handler.class = null
	sasl.jaas.config = null
	sasl.kerberos.kinit.cmd = /usr/bin/kinit
	sasl.kerberos.min.time.before.relogin = 60000
	sasl.kerberos.service.name = null
	sasl.kerberos.ticket.renew.jitter = 0.05
	sasl.kerberos.ticket.renew.window.factor = 0.8
	sasl.login.callback.handler.class = null
	sasl.login.class = null
	sasl.login.refresh.buffer.seconds = 300
	sasl.login.refresh.min.period.seconds = 60
	sasl.login.refresh.window.factor = 0.8
	sasl.login.refresh.window.jitter = 0.05
	sasl.mechanism = GSSAPI
	security.protocol = PLAINTEXT
	security.providers = null
	send.buffer.bytes = 131072
	session.timeout.ms = 30000
	socket.connection.setup.timeout.max.ms = 127000
	socket.connection.setup.timeout.ms = 10000
	ssl.cipher.suites = null
	ssl.enabled.protocols = [TLSv1.2]
	ssl.endpoint.identification.algorithm = https
	ssl.engine.factory.class = null
	ssl.key.password = null
	ssl.keymanager.algorithm = SunX509
	ssl.keystore.certificate.chain = null
	ssl.keystore.key = null
	ssl.keystore.location = null
	ssl.keystore.password = null
	ssl.keystore.type = JKS
	ssl.protocol = TLSv1.2
	ssl.provider = null
	ssl.secure.random.implementation = null
	ssl.trustmanager.algorithm = PKIX
	ssl.truststore.certificates = null
	ssl.truststore.location = null
	ssl.truststore.password = null
	ssl.truststore.type = JKS
	value.deserializer = class org.apache.kafka.common.serialization.StringDeserializer

2025-01-22 00:46:49,576 INFO org.apache.kafka.common.utils.AppInfoParser [main] Kafka version: 2.7.1
2025-01-22 00:46:49,576 INFO org.apache.kafka.common.utils.AppInfoParser [main] Kafka commitId: 61dbce85d0d41457
2025-01-22 00:46:49,576 INFO org.apache.kafka.common.utils.AppInfoParser [main] Kafka startTimeMs: 1737478009574
2025-01-22 00:46:49,580 INFO org.apache.kafka.clients.consumer.KafkaConsumer [pool-1-thread-1] [Consumer clientId=consumer-fraud-detection-group-1, groupId=fraud-detection-group] Subscribed to topic(s): fraud-detection-topic
2025-01-22 00:46:50,217 WARN org.springframework.boot.autoconfigure.orm.jpa.JpaBaseConfiguration$JpaWebConfiguration [main] spring.jpa.open-in-view is enabled by default. Therefore, database queries may be performed during view rendering. Explicitly configure spring.jpa.open-in-view to disable this warning
2025-01-22 00:46:50,362 INFO org.apache.kafka.clients.Metadata [pool-1-thread-1] [Consumer clientId=consumer-fraud-detection-group-1, groupId=fraud-detection-group] Cluster ID: YMIwkYKRRA68ysH0Laa-Lg
2025-01-22 00:46:50,364 INFO org.apache.kafka.clients.consumer.internals.AbstractCoordinator [pool-1-thread-1] [Consumer clientId=consumer-fraud-detection-group-1, groupId=fraud-detection-group] Discovered group coordinator sventaomac:9092 (id: 2147483647 rack: null)
2025-01-22 00:46:50,369 INFO org.apache.kafka.clients.consumer.internals.AbstractCoordinator [pool-1-thread-1] [Consumer clientId=consumer-fraud-detection-group-1, groupId=fraud-detection-group] (Re-)joining group
2025-01-22 00:46:50,385 INFO org.apache.kafka.clients.consumer.internals.AbstractCoordinator [pool-1-thread-1] [Consumer clientId=consumer-fraud-detection-group-1, groupId=fraud-detection-group] (Re-)joining group
2025-01-22 00:46:50,672 INFO org.springframework.boot.autoconfigure.h2.H2ConsoleAutoConfiguration [main] H2 console available at '/h2-console'. Database available at 'jdbc:h2:mem:fraud_db'
2025-01-22 00:46:51,320 INFO com.example.frauddetection.FraudDetectionApplicationTests [main] Started FraudDetectionApplicationTests in 7.346 seconds (JVM running for 8.656)
2025-01-22 00:46:51,473 INFO org.springframework.boot.test.context.SpringBootTestContextBootstrapper [main] Neither @ContextConfiguration nor @ContextHierarchy found for test class [com.example.frauddetection.FraudDetectionControllerTest], using SpringBootContextLoader
2025-01-22 00:46:51,474 INFO org.springframework.test.context.support.AbstractContextLoader [main] Could not detect default resource locations for test class [com.example.frauddetection.FraudDetectionControllerTest]: no resource found for suffixes {-context.xml, Context.groovy}.
2025-01-22 00:46:51,490 INFO org.springframework.boot.test.context.SpringBootTestContextBootstrapper [main] Loaded default TestExecutionListener class names from location [META-INF/spring.factories]: [org.springframework.boot.test.mock.mockito.MockitoTestExecutionListener, org.springframework.boot.test.mock.mockito.ResetMocksTestExecutionListener, org.springframework.boot.test.autoconfigure.restdocs.RestDocsTestExecutionListener, org.springframework.boot.test.autoconfigure.web.client.MockRestServiceServerResetTestExecutionListener, org.springframework.boot.test.autoconfigure.web.servlet.MockMvcPrintOnlyOnFailureTestExecutionListener, org.springframework.boot.test.autoconfigure.web.servlet.WebDriverTestExecutionListener, org.springframework.boot.test.autoconfigure.webservices.client.MockWebServiceServerTestExecutionListener, org.springframework.test.context.web.ServletTestExecutionListener, org.springframework.test.context.support.DirtiesContextBeforeModesTestExecutionListener, org.springframework.test.context.event.ApplicationEventsTestExecutionListener, org.springframework.test.context.support.DependencyInjectionTestExecutionListener, org.springframework.test.context.support.DirtiesContextTestExecutionListener, org.springframework.test.context.transaction.TransactionalTestExecutionListener, org.springframework.test.context.jdbc.SqlScriptsTestExecutionListener, org.springframework.test.context.event.EventPublishingTestExecutionListener]
2025-01-22 00:46:51,491 INFO org.springframework.boot.test.context.SpringBootTestContextBootstrapper [main] Using TestExecutionListeners: [org.springframework.test.context.web.ServletTestExecutionListener@464a3430, org.springframework.test.context.support.DirtiesContextBeforeModesTestExecutionListener@3bcedb06, org.springframework.test.context.event.ApplicationEventsTestExecutionListener@6f9a3325, org.springframework.boot.test.mock.mockito.MockitoTestExecutionListener@72ceafeb, org.springframework.boot.test.autoconfigure.SpringBootDependencyInjectionTestExecutionListener@65b2ee36, org.springframework.test.context.support.DirtiesContextTestExecutionListener@28e91f6d, org.springframework.test.context.transaction.TransactionalTestExecutionListener@16d4024e, org.springframework.test.context.jdbc.SqlScriptsTestExecutionListener@11e24688, org.springframework.test.context.event.EventPublishingTestExecutionListener@63d3c9dc, org.springframework.boot.test.mock.mockito.ResetMocksTestExecutionListener@3a1a0bc, org.springframework.boot.test.autoconfigure.restdocs.RestDocsTestExecutionListener@35d114f4, org.springframework.boot.test.autoconfigure.web.client.MockRestServiceServerResetTestExecutionListener@3684d2c0, org.springframework.boot.test.autoconfigure.web.servlet.MockMvcPrintOnlyOnFailureTestExecutionListener@4be460e5, org.springframework.boot.test.autoconfigure.web.servlet.WebDriverTestExecutionListener@454e9d65, org.springframework.boot.test.autoconfigure.webservices.client.MockWebServiceServerTestExecutionListener@7805478c]
2025-01-22 00:46:51,535 INFO com.example.frauddetection.FraudDetectionControllerTest [main] Starting FraudDetectionControllerTest using Java 1.8.0_231 on sventaoMac with PID 41318 (started by sventao in /Users/sventao/Documents/GK_CODE/fraud-detection)
2025-01-22 00:46:51,537 INFO com.example.frauddetection.FraudDetectionControllerTest [main] No active profile set, falling back to default profiles: default
2025-01-22 00:46:51,810 INFO org.springframework.data.repository.config.RepositoryConfigurationDelegate [main] Bootstrapping Spring Data JPA repositories in DEFAULT mode.
2025-01-22 00:46:51,832 INFO org.springframework.data.repository.config.RepositoryConfigurationDelegate [main] Finished Spring Data repository scanning in 21 ms. Found 2 JPA repository interfaces.
2025-01-22 00:46:52,019 INFO com.zaxxer.hikari.HikariDataSource [main] HikariPool-2 - Starting...
2025-01-22 00:46:52,020 INFO com.zaxxer.hikari.HikariDataSource [main] HikariPool-2 - Start completed.
2025-01-22 00:46:52,067 INFO org.hibernate.jpa.internal.util.LogHelper [main] HHH000204: Processing PersistenceUnitInfo [name: default]
2025-01-22 00:46:52,071 INFO org.hibernate.dialect.Dialect [main] HHH000400: Using dialect: org.hibernate.dialect.H2Dialect
2025-01-22 00:46:52,131 INFO org.hibernate.engine.transaction.jta.platform.internal.JtaPlatformInitiator [main] HHH000490: Using JtaPlatform implementation: [org.hibernate.engine.transaction.jta.platform.internal.NoJtaPlatform]
2025-01-22 00:46:52,131 INFO org.springframework.orm.jpa.LocalContainerEntityManagerFactoryBean [main] Initialized JPA EntityManagerFactory for persistence unit 'default'
2025-01-22 00:46:52,324 INFO org.apache.kafka.clients.consumer.ConsumerConfig [main] ConsumerConfig values: 
	allow.auto.create.topics = true
	auto.commit.interval.ms = 1000
	auto.offset.reset = latest
	bootstrap.servers = [localhost:9092]
	check.crcs = true
	client.dns.lookup = use_all_dns_ips
	client.id = consumer-fraud-detection-group-2
	client.rack = 
	connections.max.idle.ms = 540000
	default.api.timeout.ms = 60000
	enable.auto.commit = true
	exclude.internal.topics = true
	fetch.max.bytes = 52428800
	fetch.max.wait.ms = 500
	fetch.min.bytes = 1
	group.id = fraud-detection-group
	group.instance.id = null
	heartbeat.interval.ms = 3000
	interceptor.classes = []
	internal.leave.group.on.close = true
	internal.throw.on.fetch.stable.offset.unsupported = false
	isolation.level = read_uncommitted
	key.deserializer = class org.apache.kafka.common.serialization.StringDeserializer
	max.partition.fetch.bytes = 1048576
	max.poll.interval.ms = 300000
	max.poll.records = 500
	metadata.max.age.ms = 300000
	metric.reporters = []
	metrics.num.samples = 2
	metrics.recording.level = INFO
	metrics.sample.window.ms = 30000
	partition.assignment.strategy = [class org.apache.kafka.clients.consumer.RangeAssignor]
	receive.buffer.bytes = 65536
	reconnect.backoff.max.ms = 1000
	reconnect.backoff.ms = 50
	request.timeout.ms = 30000
	retry.backoff.ms = 100
	sasl.client.callback.handler.class = null
	sasl.jaas.config = null
	sasl.kerberos.kinit.cmd = /usr/bin/kinit
	sasl.kerberos.min.time.before.relogin = 60000
	sasl.kerberos.service.name = null
	sasl.kerberos.ticket.renew.jitter = 0.05
	sasl.kerberos.ticket.renew.window.factor = 0.8
	sasl.login.callback.handler.class = null
	sasl.login.class = null
	sasl.login.refresh.buffer.seconds = 300
	sasl.login.refresh.min.period.seconds = 60
	sasl.login.refresh.window.factor = 0.8
	sasl.login.refresh.window.jitter = 0.05
	sasl.mechanism = GSSAPI
	security.protocol = PLAINTEXT
	security.providers = null
	send.buffer.bytes = 131072
	session.timeout.ms = 30000
	socket.connection.setup.timeout.max.ms = 127000
	socket.connection.setup.timeout.ms = 10000
	ssl.cipher.suites = null
	ssl.enabled.protocols = [TLSv1.2]
	ssl.endpoint.identification.algorithm = https
	ssl.engine.factory.class = null
	ssl.key.password = null
	ssl.keymanager.algorithm = SunX509
	ssl.keystore.certificate.chain = null
	ssl.keystore.key = null
	ssl.keystore.location = null
	ssl.keystore.password = null
	ssl.keystore.type = JKS
	ssl.protocol = TLSv1.2
	ssl.provider = null
	ssl.secure.random.implementation = null
	ssl.trustmanager.algorithm = PKIX
	ssl.truststore.certificates = null
	ssl.truststore.location = null
	ssl.truststore.password = null
	ssl.truststore.type = JKS
	value.deserializer = class org.apache.kafka.common.serialization.StringDeserializer

2025-01-22 00:46:52,335 INFO org.apache.kafka.common.utils.AppInfoParser [main] Kafka version: 2.7.1
2025-01-22 00:46:52,335 INFO org.apache.kafka.common.utils.AppInfoParser [main] Kafka commitId: 61dbce85d0d41457
2025-01-22 00:46:52,335 INFO org.apache.kafka.common.utils.AppInfoParser [main] Kafka startTimeMs: 1737478012335
2025-01-22 00:46:52,336 INFO org.apache.kafka.clients.consumer.KafkaConsumer [pool-4-thread-1] [Consumer clientId=consumer-fraud-detection-group-2, groupId=fraud-detection-group] Subscribed to topic(s): fraud-detection-topic
2025-01-22 00:46:52,345 INFO org.apache.kafka.clients.Metadata [pool-4-thread-1] [Consumer clientId=consumer-fraud-detection-group-2, groupId=fraud-detection-group] Cluster ID: YMIwkYKRRA68ysH0Laa-Lg
2025-01-22 00:46:52,346 INFO org.apache.kafka.clients.consumer.internals.AbstractCoordinator [pool-4-thread-1] [Consumer clientId=consumer-fraud-detection-group-2, groupId=fraud-detection-group] Discovered group coordinator sventaomac:9092 (id: 2147483647 rack: null)
2025-01-22 00:46:52,346 INFO org.apache.kafka.clients.consumer.internals.AbstractCoordinator [pool-4-thread-1] [Consumer clientId=consumer-fraud-detection-group-2, groupId=fraud-detection-group] (Re-)joining group
2025-01-22 00:46:52,354 INFO org.apache.kafka.clients.consumer.internals.AbstractCoordinator [pool-4-thread-1] [Consumer clientId=consumer-fraud-detection-group-2, groupId=fraud-detection-group] (Re-)joining group
2025-01-22 00:46:52,474 WARN org.springframework.boot.autoconfigure.orm.jpa.JpaBaseConfiguration$JpaWebConfiguration [main] spring.jpa.open-in-view is enabled by default. Therefore, database queries may be performed during view rendering. Explicitly configure spring.jpa.open-in-view to disable this warning
2025-01-22 00:46:52,624 INFO org.springframework.boot.autoconfigure.h2.H2ConsoleAutoConfiguration [main] H2 console available at '/h2-console'. Database available at 'jdbc:h2:mem:fraud_db'
2025-01-22 00:46:52,956 INFO org.springframework.boot.test.mock.web.SpringBootMockServletContext [main] Initializing Spring TestDispatcherServlet ''
2025-01-22 00:46:52,957 INFO org.springframework.test.web.servlet.TestDispatcherServlet [main] Initializing Servlet ''
2025-01-22 00:46:52,958 INFO org.springframework.test.web.servlet.TestDispatcherServlet [main] Completed initialization in 1 ms
2025-01-22 00:46:52,972 INFO com.example.frauddetection.FraudDetectionControllerTest [main] Started FraudDetectionControllerTest in 1.478 seconds (JVM running for 10.308)
2025-01-22 00:46:53,518 INFO org.apache.kafka.clients.producer.ProducerConfig [main] ProducerConfig values: 
	acks = 1
	batch.size = 16384
	bootstrap.servers = [localhost:9092]
	buffer.memory = 33554432
	client.dns.lookup = use_all_dns_ips
	client.id = producer-1
	compression.type = none
	connections.max.idle.ms = 540000
	delivery.timeout.ms = 120000
	enable.idempotence = false
	interceptor.classes = []
	internal.auto.downgrade.txn.commit = false
	key.serializer = class org.apache.kafka.common.serialization.StringSerializer
	linger.ms = 0
	max.block.ms = 60000
	max.in.flight.requests.per.connection = 5
	max.request.size = 1048576
	metadata.max.age.ms = 300000
	metadata.max.idle.ms = 300000
	metric.reporters = []
	metrics.num.samples = 2
	metrics.recording.level = INFO
	metrics.sample.window.ms = 30000
	partitioner.class = class org.apache.kafka.clients.producer.internals.DefaultPartitioner
	receive.buffer.bytes = 32768
	reconnect.backoff.max.ms = 1000
	reconnect.backoff.ms = 50
	request.timeout.ms = 30000
	retries = 2147483647
	retry.backoff.ms = 100
	sasl.client.callback.handler.class = null
	sasl.jaas.config = null
	sasl.kerberos.kinit.cmd = /usr/bin/kinit
	sasl.kerberos.min.time.before.relogin = 60000
	sasl.kerberos.service.name = null
	sasl.kerberos.ticket.renew.jitter = 0.05
	sasl.kerberos.ticket.renew.window.factor = 0.8
	sasl.login.callback.handler.class = null
	sasl.login.class = null
	sasl.login.refresh.buffer.seconds = 300
	sasl.login.refresh.min.period.seconds = 60
	sasl.login.refresh.window.factor = 0.8
	sasl.login.refresh.window.jitter = 0.05
	sasl.mechanism = GSSAPI
	security.protocol = PLAINTEXT
	security.providers = null
	send.buffer.bytes = 131072
	socket.connection.setup.timeout.max.ms = 127000
	socket.connection.setup.timeout.ms = 10000
	ssl.cipher.suites = null
	ssl.enabled.protocols = [TLSv1.2]
	ssl.endpoint.identification.algorithm = https
	ssl.engine.factory.class = null
	ssl.key.password = null
	ssl.keymanager.algorithm = SunX509
	ssl.keystore.certificate.chain = null
	ssl.keystore.key = null
	ssl.keystore.location = null
	ssl.keystore.password = null
	ssl.keystore.type = JKS
	ssl.protocol = TLSv1.2
	ssl.provider = null
	ssl.secure.random.implementation = null
	ssl.trustmanager.algorithm = PKIX
	ssl.truststore.certificates = null
	ssl.truststore.location = null
	ssl.truststore.password = null
	ssl.truststore.type = JKS
	transaction.timeout.ms = 60000
	transactional.id = null
	value.serializer = class org.springframework.kafka.support.serializer.JsonSerializer

2025-01-22 00:46:53,555 INFO org.apache.kafka.common.utils.AppInfoParser [main] Kafka version: 2.7.1
2025-01-22 00:46:53,556 INFO org.apache.kafka.common.utils.AppInfoParser [main] Kafka commitId: 61dbce85d0d41457
2025-01-22 00:46:53,556 INFO org.apache.kafka.common.utils.AppInfoParser [main] Kafka startTimeMs: 1737478013555
2025-01-22 00:46:53,565 INFO org.apache.kafka.clients.Metadata [kafka-producer-network-thread | producer-1] [Producer clientId=producer-1] Cluster ID: YMIwkYKRRA68ysH0Laa-Lg
2025-01-22 00:46:53,613 INFO com.example.frauddetection.kafka.FraudDetectionProducer [main] sendTransaction success， message：TransactionDTO(transactionId=transactionId401, userId=111, amount=100, ip=null, bussTime=null) 
2025-01-22 00:46:57,189 INFO org.apache.kafka.clients.consumer.internals.AbstractCoordinator [pool-4-thread-1] [Consumer clientId=consumer-fraud-detection-group-2, groupId=fraud-detection-group] Successfully joined group with generation Generation{generationId=574, memberId='consumer-fraud-detection-group-2-041ddf44-75d1-48ac-a984-0c467a180e62', protocol='range'}
2025-01-22 00:46:57,189 INFO org.apache.kafka.clients.consumer.internals.AbstractCoordinator [pool-1-thread-1] [Consumer clientId=consumer-fraud-detection-group-1, groupId=fraud-detection-group] Successfully joined group with generation Generation{generationId=574, memberId='consumer-fraud-detection-group-1-f2aa4099-ed18-4c16-90ca-8f4954b4fd6f', protocol='range'}
2025-01-22 00:46:57,197 INFO org.apache.kafka.clients.consumer.internals.ConsumerCoordinator [pool-1-thread-1] [Consumer clientId=consumer-fraud-detection-group-1, groupId=fraud-detection-group] Finished assignment for group at generation 574: {consumer-fraud-detection-group-1-f2aa4099-ed18-4c16-90ca-8f4954b4fd6f=Assignment(partitions=[fraud-detection-topic-0]), consumer-fraud-detection-group-2-041ddf44-75d1-48ac-a984-0c467a180e62=Assignment(partitions=[])}
2025-01-22 00:46:57,205 INFO org.apache.kafka.clients.consumer.internals.AbstractCoordinator [pool-1-thread-1] [Consumer clientId=consumer-fraud-detection-group-1, groupId=fraud-detection-group] Successfully synced group in generation Generation{generationId=574, memberId='consumer-fraud-detection-group-1-f2aa4099-ed18-4c16-90ca-8f4954b4fd6f', protocol='range'}
2025-01-22 00:46:57,205 INFO org.apache.kafka.clients.consumer.internals.AbstractCoordinator [pool-4-thread-1] [Consumer clientId=consumer-fraud-detection-group-2, groupId=fraud-detection-group] Successfully synced group in generation Generation{generationId=574, memberId='consumer-fraud-detection-group-2-041ddf44-75d1-48ac-a984-0c467a180e62', protocol='range'}
2025-01-22 00:46:57,206 INFO org.apache.kafka.clients.consumer.internals.ConsumerCoordinator [pool-4-thread-1] [Consumer clientId=consumer-fraud-detection-group-2, groupId=fraud-detection-group] Notifying assignor about the new Assignment(partitions=[])
2025-01-22 00:46:57,206 INFO org.apache.kafka.clients.consumer.internals.ConsumerCoordinator [pool-1-thread-1] [Consumer clientId=consumer-fraud-detection-group-1, groupId=fraud-detection-group] Notifying assignor about the new Assignment(partitions=[fraud-detection-topic-0])
2025-01-22 00:46:57,207 INFO org.apache.kafka.clients.consumer.internals.ConsumerCoordinator [pool-4-thread-1] [Consumer clientId=consumer-fraud-detection-group-2, groupId=fraud-detection-group] Adding newly assigned partitions: 
2025-01-22 00:46:57,211 INFO org.apache.kafka.clients.consumer.internals.ConsumerCoordinator [pool-1-thread-1] [Consumer clientId=consumer-fraud-detection-group-1, groupId=fraud-detection-group] Adding newly assigned partitions: fraud-detection-topic-0
2025-01-22 00:46:57,225 INFO org.apache.kafka.clients.consumer.internals.ConsumerCoordinator [pool-1-thread-1] [Consumer clientId=consumer-fraud-detection-group-1, groupId=fraud-detection-group] Setting offset for partition fraud-detection-topic-0 to the committed offset FetchPosition{offset=422, offsetEpoch=Optional[0], currentLeader=LeaderAndEpoch{leader=Optional[sventaomac:9092 (id: 0 rack: null)], epoch=0}}
2025-01-22 00:46:58,637 INFO org.springframework.boot.test.context.SpringBootTestContextBootstrapper [main] Neither @ContextConfiguration nor @ContextHierarchy found for test class [com.example.frauddetection.FraudDetectionRetryServiceTest], using SpringBootContextLoader
2025-01-22 00:46:58,638 INFO org.springframework.test.context.support.AbstractContextLoader [main] Could not detect default resource locations for test class [com.example.frauddetection.FraudDetectionRetryServiceTest]: no resource found for suffixes {-context.xml, Context.groovy}.
2025-01-22 00:46:58,645 INFO org.springframework.boot.test.context.SpringBootTestContextBootstrapper [main] Loaded default TestExecutionListener class names from location [META-INF/spring.factories]: [org.springframework.boot.test.mock.mockito.MockitoTestExecutionListener, org.springframework.boot.test.mock.mockito.ResetMocksTestExecutionListener, org.springframework.boot.test.autoconfigure.restdocs.RestDocsTestExecutionListener, org.springframework.boot.test.autoconfigure.web.client.MockRestServiceServerResetTestExecutionListener, org.springframework.boot.test.autoconfigure.web.servlet.MockMvcPrintOnlyOnFailureTestExecutionListener, org.springframework.boot.test.autoconfigure.web.servlet.WebDriverTestExecutionListener, org.springframework.boot.test.autoconfigure.webservices.client.MockWebServiceServerTestExecutionListener, org.springframework.test.context.web.ServletTestExecutionListener, org.springframework.test.context.support.DirtiesContextBeforeModesTestExecutionListener, org.springframework.test.context.event.ApplicationEventsTestExecutionListener, org.springframework.test.context.support.DependencyInjectionTestExecutionListener, org.springframework.test.context.support.DirtiesContextTestExecutionListener, org.springframework.test.context.transaction.TransactionalTestExecutionListener, org.springframework.test.context.jdbc.SqlScriptsTestExecutionListener, org.springframework.test.context.event.EventPublishingTestExecutionListener]
2025-01-22 00:46:58,646 INFO org.springframework.boot.test.context.SpringBootTestContextBootstrapper [main] Using TestExecutionListeners: [org.springframework.test.context.web.ServletTestExecutionListener@3346e906, org.springframework.test.context.support.DirtiesContextBeforeModesTestExecutionListener@443ac5b8, org.springframework.test.context.event.ApplicationEventsTestExecutionListener@126d0868, org.springframework.boot.test.mock.mockito.MockitoTestExecutionListener@753e4eb5, org.springframework.boot.test.autoconfigure.SpringBootDependencyInjectionTestExecutionListener@713497cd, org.springframework.test.context.support.DirtiesContextTestExecutionListener@63318b56, org.springframework.test.context.transaction.TransactionalTestExecutionListener@19e5e110, org.springframework.test.context.jdbc.SqlScriptsTestExecutionListener@1e295f7f, org.springframework.test.context.event.EventPublishingTestExecutionListener@4b762988, org.springframework.boot.test.mock.mockito.ResetMocksTestExecutionListener@24f2608b, org.springframework.boot.test.autoconfigure.restdocs.RestDocsTestExecutionListener@12a9e864, org.springframework.boot.test.autoconfigure.web.client.MockRestServiceServerResetTestExecutionListener@462f8fe9, org.springframework.boot.test.autoconfigure.web.servlet.MockMvcPrintOnlyOnFailureTestExecutionListener@3c6fc4cd, org.springframework.boot.test.autoconfigure.web.servlet.WebDriverTestExecutionListener@b2e1df3, org.springframework.boot.test.autoconfigure.webservices.client.MockWebServiceServerTestExecutionListener@56193e3a]
2025-01-22 00:46:58,704 INFO com.example.frauddetection.service.FraudDetectionRetryService [main] doRetry start, time:1737478018
2025-01-22 00:46:58,704 INFO com.example.frauddetection.service.FraudDetectionRetryService [main] doRetry end, time:1737478018
2025-01-22 00:46:58,728 INFO com.example.frauddetection.service.FraudDetectionRetryService [main] doRetry start, time:1737478018
2025-01-22 00:46:58,729 INFO com.example.frauddetection.service.FraudDetectionRetryService [main] doRetry retryEntity:FraudDetectRetryEntity(id=2, transactionId=transactionId10086, transactionRecord={"amount":100,"bussTime":1737478018723,"transactionId":"transactionId10086","userId":101}, retryStat=1, retryTimes=0, createdAt=1737478018724, updatedAt=1737478018724)
2025-01-22 00:46:58,739 INFO com.example.frauddetection.service.FraudDetectionRetryService [main] doRetry end, time:1737478018
2025-01-22 00:46:58,759 INFO org.apache.kafka.clients.producer.ProducerConfig [main] ProducerConfig values: 
	acks = 1
	batch.size = 16384
	bootstrap.servers = [localhost:9092]
	buffer.memory = 33554432
	client.dns.lookup = use_all_dns_ips
	client.id = producer-2
	compression.type = none
	connections.max.idle.ms = 540000
	delivery.timeout.ms = 120000
	enable.idempotence = false
	interceptor.classes = []
	internal.auto.downgrade.txn.commit = false
	key.serializer = class org.apache.kafka.common.serialization.StringSerializer
	linger.ms = 0
	max.block.ms = 60000
	max.in.flight.requests.per.connection = 5
	max.request.size = 1048576
	metadata.max.age.ms = 300000
	metadata.max.idle.ms = 300000
	metric.reporters = []
	metrics.num.samples = 2
	metrics.recording.level = INFO
	metrics.sample.window.ms = 30000
	partitioner.class = class org.apache.kafka.clients.producer.internals.DefaultPartitioner
	receive.buffer.bytes = 32768
	reconnect.backoff.max.ms = 1000
	reconnect.backoff.ms = 50
	request.timeout.ms = 30000
	retries = 2147483647
	retry.backoff.ms = 100
	sasl.client.callback.handler.class = null
	sasl.jaas.config = null
	sasl.kerberos.kinit.cmd = /usr/bin/kinit
	sasl.kerberos.min.time.before.relogin = 60000
	sasl.kerberos.service.name = null
	sasl.kerberos.ticket.renew.jitter = 0.05
	sasl.kerberos.ticket.renew.window.factor = 0.8
	sasl.login.callback.handler.class = null
	sasl.login.class = null
	sasl.login.refresh.buffer.seconds = 300
	sasl.login.refresh.min.period.seconds = 60
	sasl.login.refresh.window.factor = 0.8
	sasl.login.refresh.window.jitter = 0.05
	sasl.mechanism = GSSAPI
	security.protocol = PLAINTEXT
	security.providers = null
	send.buffer.bytes = 131072
	socket.connection.setup.timeout.max.ms = 127000
	socket.connection.setup.timeout.ms = 10000
	ssl.cipher.suites = null
	ssl.enabled.protocols = [TLSv1.2]
	ssl.endpoint.identification.algorithm = https
	ssl.engine.factory.class = null
	ssl.key.password = null
	ssl.keymanager.algorithm = SunX509
	ssl.keystore.certificate.chain = null
	ssl.keystore.key = null
	ssl.keystore.location = null
	ssl.keystore.password = null
	ssl.keystore.type = JKS
	ssl.protocol = TLSv1.2
	ssl.provider = null
	ssl.secure.random.implementation = null
	ssl.trustmanager.algorithm = PKIX
	ssl.truststore.certificates = null
	ssl.truststore.location = null
	ssl.truststore.password = null
	ssl.truststore.type = JKS
	transaction.timeout.ms = 60000
	transactional.id = null
	value.serializer = class org.springframework.kafka.support.serializer.JsonSerializer

2025-01-22 00:46:58,768 INFO org.apache.kafka.common.utils.AppInfoParser [main] Kafka version: 2.7.1
2025-01-22 00:46:58,769 INFO org.apache.kafka.common.utils.AppInfoParser [main] Kafka commitId: 61dbce85d0d41457
2025-01-22 00:46:58,769 INFO org.apache.kafka.common.utils.AppInfoParser [main] Kafka startTimeMs: 1737478018768
2025-01-22 00:46:58,777 INFO org.apache.kafka.clients.Metadata [kafka-producer-network-thread | producer-2] [Producer clientId=producer-2] Cluster ID: YMIwkYKRRA68ysH0Laa-Lg
2025-01-22 00:46:58,781 INFO com.example.frauddetection.kafka.FraudDetectionProducer [main] sendTransaction success， message：TransactionDTO(transactionId=transactionId10088, userId=null, amount=100, ip=null, bussTime=1737478018758) 
2025-01-22 00:46:58,796 ERROR com.example.frauddetection.kafka.FraudDetectionConsumer [pool-1-thread-1] consumeMsg message：{"transactionId":"transactionId10088","userId":null,"amount":100,"ip":null,"bussTime":1737478018758} fail, input parameter error
2025-01-22 00:46:58,803 ERROR com.example.frauddetection.kafka.MessageConsumer [pool-1-thread-1] consumeMsg fail.
com.example.frauddetection.exception.ParaErrException: input parameter error
	at com.example.frauddetection.kafka.FraudDetectionConsumer.consumeMsg(FraudDetectionConsumer.java:54)
	at com.example.frauddetection.kafka.MessageConsumer.lambda$startListening$0(MessageConsumer.java:87)
	at java.util.concurrent.FutureTask.run(FutureTask.java:266)
	at java.util.concurrent.ThreadPoolExecutor.runWorker(ThreadPoolExecutor.java:1149)
	at java.util.concurrent.ThreadPoolExecutor$Worker.run(ThreadPoolExecutor.java:624)
	at java.lang.Thread.run(Thread.java:748)
2025-01-22 00:47:03,788 INFO com.example.frauddetection.service.FraudDetectionRetryService [main] doRetry start, time:1737478023
2025-01-22 00:47:03,789 INFO com.example.frauddetection.service.FraudDetectionRetryService [main] doRetry end, time:1737478023
2025-01-22 00:47:03,798 INFO org.springframework.boot.test.context.SpringBootTestContextBootstrapper [main] Neither @ContextConfiguration nor @ContextHierarchy found for test class [com.example.frauddetection.FraudDetectionConsumerTest], using SpringBootContextLoader
2025-01-22 00:47:03,799 INFO org.springframework.test.context.support.AbstractContextLoader [main] Could not detect default resource locations for test class [com.example.frauddetection.FraudDetectionConsumerTest]: no resource found for suffixes {-context.xml, Context.groovy}.
2025-01-22 00:47:03,801 INFO org.springframework.boot.test.context.SpringBootTestContextBootstrapper [main] Loaded default TestExecutionListener class names from location [META-INF/spring.factories]: [org.springframework.boot.test.mock.mockito.MockitoTestExecutionListener, org.springframework.boot.test.mock.mockito.ResetMocksTestExecutionListener, org.springframework.boot.test.autoconfigure.restdocs.RestDocsTestExecutionListener, org.springframework.boot.test.autoconfigure.web.client.MockRestServiceServerResetTestExecutionListener, org.springframework.boot.test.autoconfigure.web.servlet.MockMvcPrintOnlyOnFailureTestExecutionListener, org.springframework.boot.test.autoconfigure.web.servlet.WebDriverTestExecutionListener, org.springframework.boot.test.autoconfigure.webservices.client.MockWebServiceServerTestExecutionListener, org.springframework.test.context.web.ServletTestExecutionListener, org.springframework.test.context.support.DirtiesContextBeforeModesTestExecutionListener, org.springframework.test.context.event.ApplicationEventsTestExecutionListener, org.springframework.test.context.support.DependencyInjectionTestExecutionListener, org.springframework.test.context.support.DirtiesContextTestExecutionListener, org.springframework.test.context.transaction.TransactionalTestExecutionListener, org.springframework.test.context.jdbc.SqlScriptsTestExecutionListener, org.springframework.test.context.event.EventPublishingTestExecutionListener]
2025-01-22 00:47:03,802 INFO org.springframework.boot.test.context.SpringBootTestContextBootstrapper [main] Using TestExecutionListeners: [org.springframework.test.context.web.ServletTestExecutionListener@12765ebd, org.springframework.test.context.support.DirtiesContextBeforeModesTestExecutionListener@1dac0784, org.springframework.test.context.event.ApplicationEventsTestExecutionListener@3703a400, org.springframework.boot.test.mock.mockito.MockitoTestExecutionListener@22105c76, org.springframework.boot.test.autoconfigure.SpringBootDependencyInjectionTestExecutionListener@2336d3f, org.springframework.test.context.support.DirtiesContextTestExecutionListener@7f5ecada, org.springframework.test.context.transaction.TransactionalTestExecutionListener@55574295, org.springframework.test.context.jdbc.SqlScriptsTestExecutionListener@750457a5, org.springframework.test.context.event.EventPublishingTestExecutionListener@6c4786af, org.springframework.boot.test.mock.mockito.ResetMocksTestExecutionListener@65c689e7, org.springframework.boot.test.autoconfigure.restdocs.RestDocsTestExecutionListener@a6a2c20, org.springframework.boot.test.autoconfigure.web.client.MockRestServiceServerResetTestExecutionListener@5d04fbb7, org.springframework.boot.test.autoconfigure.web.servlet.MockMvcPrintOnlyOnFailureTestExecutionListener@da67c46, org.springframework.boot.test.autoconfigure.web.servlet.WebDriverTestExecutionListener@5c7e55a4, org.springframework.boot.test.autoconfigure.webservices.client.MockWebServiceServerTestExecutionListener@7ae6927]
2025-01-22 00:47:04,818 ERROR com.example.frauddetection.kafka.FraudDetectionConsumer [main] consumeMsg message：{"amount":100,"bussTime":1737478024818,"transactionId":"transactionId01"} fail, input parameter error
2025-01-22 00:47:05,855 ERROR com.example.frauddetection.kafka.FraudDetectionConsumer [main] consumeMsg message：{"amount":100,"bussTime":1737478025833,"transactionId":"transactionId04","userId":111} fail, too busy
2025-01-22 00:47:05,875 INFO org.apache.kafka.clients.producer.KafkaProducer [SpringApplicationShutdownHook] [Producer clientId=producer-2] Closing the Kafka producer with timeoutMillis = 30000 ms.
2025-01-22 00:47:05,886 INFO org.apache.kafka.common.metrics.Metrics [SpringApplicationShutdownHook] Metrics scheduler closed
2025-01-22 00:47:05,886 INFO org.apache.kafka.common.metrics.Metrics [SpringApplicationShutdownHook] Closing reporter org.apache.kafka.common.metrics.JmxReporter
2025-01-22 00:47:05,887 INFO org.apache.kafka.common.metrics.Metrics [SpringApplicationShutdownHook] Metrics reporters closed
2025-01-22 00:47:05,888 INFO org.apache.kafka.common.utils.AppInfoParser [SpringApplicationShutdownHook] App info kafka.producer for producer-2 unregistered
2025-01-22 00:47:05,890 INFO org.springframework.orm.jpa.LocalContainerEntityManagerFactoryBean [SpringApplicationShutdownHook] Closing JPA EntityManagerFactory for persistence unit 'default'
2025-01-22 00:47:05,891 INFO org.hibernate.tool.schema.internal.SchemaDropperImpl$DelayedDropActionImpl [SpringApplicationShutdownHook] HHH000477: Starting delayed evictData of schema as part of SessionFactory shut-down'
2025-01-22 00:47:05,895 WARN org.hibernate.engine.jdbc.spi.SqlExceptionHelper [SpringApplicationShutdownHook] SQL Error: 90121, SQLState: 90121
2025-01-22 00:47:05,895 ERROR org.hibernate.engine.jdbc.spi.SqlExceptionHelper [SpringApplicationShutdownHook] Database is already closed (to disable automatic closing at VM shutdown, add ";DB_CLOSE_ON_EXIT=FALSE" to the db URL) [90121-200]
2025-01-22 00:47:05,896 WARN org.hibernate.engine.jdbc.spi.SqlExceptionHelper [SpringApplicationShutdownHook] SQL Error: 90121, SQLState: 90121
2025-01-22 00:47:05,897 ERROR org.hibernate.engine.jdbc.spi.SqlExceptionHelper [SpringApplicationShutdownHook] Database is already closed (to disable automatic closing at VM shutdown, add ";DB_CLOSE_ON_EXIT=FALSE" to the db URL) [90121-200]
2025-01-22 00:47:05,897 WARN org.springframework.beans.factory.support.DisposableBeanAdapter [SpringApplicationShutdownHook] Invocation of destroy method failed on bean with name 'entityManagerFactory': org.hibernate.exception.JDBCConnectionException: Unable to release JDBC Connection used for DDL execution
2025-01-22 00:47:05,897 INFO com.zaxxer.hikari.HikariDataSource [SpringApplicationShutdownHook] HikariPool-1 - Shutdown initiated...
2025-01-22 00:47:05,902 INFO com.zaxxer.hikari.HikariDataSource [SpringApplicationShutdownHook] HikariPool-1 - Shutdown completed.
2025-01-22 00:47:05,907 INFO org.apache.kafka.clients.producer.KafkaProducer [SpringApplicationShutdownHook] [Producer clientId=producer-1] Closing the Kafka producer with timeoutMillis = 30000 ms.
2025-01-22 00:47:05,912 INFO org.apache.kafka.common.metrics.Metrics [SpringApplicationShutdownHook] Metrics scheduler closed
2025-01-22 00:47:05,912 INFO org.apache.kafka.common.metrics.Metrics [SpringApplicationShutdownHook] Closing reporter org.apache.kafka.common.metrics.JmxReporter
2025-01-22 00:47:05,912 INFO org.apache.kafka.common.metrics.Metrics [SpringApplicationShutdownHook] Metrics reporters closed
2025-01-22 00:47:05,913 INFO org.apache.kafka.common.utils.AppInfoParser [SpringApplicationShutdownHook] App info kafka.producer for producer-1 unregistered
2025-01-22 00:47:05,913 INFO org.springframework.orm.jpa.LocalContainerEntityManagerFactoryBean [SpringApplicationShutdownHook] Closing JPA EntityManagerFactory for persistence unit 'default'
2025-01-22 00:47:05,913 INFO org.hibernate.tool.schema.internal.SchemaDropperImpl$DelayedDropActionImpl [SpringApplicationShutdownHook] HHH000477: Starting delayed evictData of schema as part of SessionFactory shut-down'
2025-01-22 00:47:05,925 INFO com.zaxxer.hikari.HikariDataSource [SpringApplicationShutdownHook] HikariPool-2 - Shutdown initiated...
2025-01-22 00:47:05,930 INFO com.zaxxer.hikari.HikariDataSource [SpringApplicationShutdownHook] HikariPool-2 - Shutdown completed.
2025-01-22 09:41:42,762 INFO org.springframework.boot.test.context.SpringBootTestContextBootstrapper [main] Neither @ContextConfiguration nor @ContextHierarchy found for test class [com.example.frauddetection.FraudDetectionApplicationTests], using SpringBootContextLoader
2025-01-22 09:41:42,772 INFO org.springframework.test.context.support.AbstractContextLoader [main] Could not detect default resource locations for test class [com.example.frauddetection.FraudDetectionApplicationTests]: no resource found for suffixes {-context.xml, Context.groovy}.
2025-01-22 09:41:42,773 INFO org.springframework.test.context.support.AnnotationConfigContextLoaderUtils [main] Could not detect default configuration classes for test class [com.example.frauddetection.FraudDetectionApplicationTests]: FraudDetectionApplicationTests does not declare any static, non-private, non-final, nested classes annotated with @Configuration.
2025-01-22 09:41:42,976 INFO org.springframework.boot.test.context.SpringBootTestContextBootstrapper [main] Found @SpringBootConfiguration com.example.frauddetection.FraudDetectionApplication for test class com.example.frauddetection.FraudDetectionApplicationTests
2025-01-22 09:41:43,141 INFO org.springframework.boot.test.context.SpringBootTestContextBootstrapper [main] Loaded default TestExecutionListener class names from location [META-INF/spring.factories]: [org.springframework.boot.test.mock.mockito.MockitoTestExecutionListener, org.springframework.boot.test.mock.mockito.ResetMocksTestExecutionListener, org.springframework.boot.test.autoconfigure.restdocs.RestDocsTestExecutionListener, org.springframework.boot.test.autoconfigure.web.client.MockRestServiceServerResetTestExecutionListener, org.springframework.boot.test.autoconfigure.web.servlet.MockMvcPrintOnlyOnFailureTestExecutionListener, org.springframework.boot.test.autoconfigure.web.servlet.WebDriverTestExecutionListener, org.springframework.boot.test.autoconfigure.webservices.client.MockWebServiceServerTestExecutionListener, org.springframework.test.context.web.ServletTestExecutionListener, org.springframework.test.context.support.DirtiesContextBeforeModesTestExecutionListener, org.springframework.test.context.event.ApplicationEventsTestExecutionListener, org.springframework.test.context.support.DependencyInjectionTestExecutionListener, org.springframework.test.context.support.DirtiesContextTestExecutionListener, org.springframework.test.context.transaction.TransactionalTestExecutionListener, org.springframework.test.context.jdbc.SqlScriptsTestExecutionListener, org.springframework.test.context.event.EventPublishingTestExecutionListener]
2025-01-22 09:41:43,175 INFO org.springframework.boot.test.context.SpringBootTestContextBootstrapper [main] Using TestExecutionListeners: [org.springframework.test.context.web.ServletTestExecutionListener@776a6d9b, org.springframework.test.context.support.DirtiesContextBeforeModesTestExecutionListener@21d03963, org.springframework.test.context.event.ApplicationEventsTestExecutionListener@1f760b47, org.springframework.boot.test.mock.mockito.MockitoTestExecutionListener@18ece7f4, org.springframework.boot.test.autoconfigure.SpringBootDependencyInjectionTestExecutionListener@3cce57c7, org.springframework.test.context.support.DirtiesContextTestExecutionListener@1cf56a1c, org.springframework.test.context.transaction.TransactionalTestExecutionListener@33f676f6, org.springframework.test.context.jdbc.SqlScriptsTestExecutionListener@4c5ae43b, org.springframework.test.context.event.EventPublishingTestExecutionListener@264f218, org.springframework.boot.test.mock.mockito.ResetMocksTestExecutionListener@3576ddc2, org.springframework.boot.test.autoconfigure.restdocs.RestDocsTestExecutionListener@35b74c5c, org.springframework.boot.test.autoconfigure.web.client.MockRestServiceServerResetTestExecutionListener@2e570ded, org.springframework.boot.test.autoconfigure.web.servlet.MockMvcPrintOnlyOnFailureTestExecutionListener@b86de0d, org.springframework.boot.test.autoconfigure.web.servlet.WebDriverTestExecutionListener@81d9a72, org.springframework.boot.test.autoconfigure.webservices.client.MockWebServiceServerTestExecutionListener@747f281]
2025-01-22 09:41:58,665 WARN org.springframework.boot.StartupInfoLogger [main] InetAddress.getLocalHost().getHostName() took 5003 milliseconds to respond. Please verify your network configuration (macOS machines may need to add entries to /etc/hosts).
2025-01-22 09:42:03,674 INFO com.example.frauddetection.FraudDetectionApplicationTests [main] Starting FraudDetectionApplicationTests using Java 1.8.0_231 on sventaoMac.local with PID 42649 (started by sventao in /Users/sventao/Documents/GK_CODE/fraud-detection)
2025-01-22 09:42:03,680 INFO com.example.frauddetection.FraudDetectionApplicationTests [main] No active profile set, falling back to default profiles: default
2025-01-22 09:42:04,700 INFO org.springframework.data.repository.config.RepositoryConfigurationDelegate [main] Bootstrapping Spring Data JPA repositories in DEFAULT mode.
2025-01-22 09:42:04,805 INFO org.springframework.data.repository.config.RepositoryConfigurationDelegate [main] Finished Spring Data repository scanning in 89 ms. Found 2 JPA repository interfaces.
2025-01-22 09:42:06,164 INFO com.zaxxer.hikari.HikariDataSource [main] HikariPool-1 - Starting...
2025-01-22 09:42:06,715 INFO com.zaxxer.hikari.HikariDataSource [main] HikariPool-1 - Start completed.
2025-01-22 09:42:07,032 INFO org.hibernate.jpa.internal.util.LogHelper [main] HHH000204: Processing PersistenceUnitInfo [name: default]
2025-01-22 09:42:07,164 INFO org.hibernate.Version [main] HHH000412: Hibernate ORM core version 5.4.32.Final
2025-01-22 09:42:07,433 INFO org.hibernate.annotations.common.Version [main] HCANN000001: Hibernate Commons Annotations {5.1.2.Final}
2025-01-22 09:42:07,665 INFO org.hibernate.dialect.Dialect [main] HHH000400: Using dialect: org.hibernate.dialect.H2Dialect
2025-01-22 09:42:08,634 INFO org.hibernate.engine.transaction.jta.platform.internal.JtaPlatformInitiator [main] HHH000490: Using JtaPlatform implementation: [org.hibernate.engine.transaction.jta.platform.internal.NoJtaPlatform]
2025-01-22 09:42:08,648 INFO org.springframework.orm.jpa.LocalContainerEntityManagerFactoryBean [main] Initialized JPA EntityManagerFactory for persistence unit 'default'
2025-01-22 09:42:09,590 INFO org.apache.kafka.clients.consumer.ConsumerConfig [main] ConsumerConfig values: 
	allow.auto.create.topics = true
	auto.commit.interval.ms = 1000
	auto.offset.reset = latest
	bootstrap.servers = [localhost:9092]
	check.crcs = true
	client.dns.lookup = use_all_dns_ips
	client.id = consumer-fraud-detection-group-1
	client.rack = 
	connections.max.idle.ms = 540000
	default.api.timeout.ms = 60000
	enable.auto.commit = true
	exclude.internal.topics = true
	fetch.max.bytes = 52428800
	fetch.max.wait.ms = 500
	fetch.min.bytes = 1
	group.id = fraud-detection-group
	group.instance.id = null
	heartbeat.interval.ms = 3000
	interceptor.classes = []
	internal.leave.group.on.close = true
	internal.throw.on.fetch.stable.offset.unsupported = false
	isolation.level = read_uncommitted
	key.deserializer = class org.apache.kafka.common.serialization.StringDeserializer
	max.partition.fetch.bytes = 1048576
	max.poll.interval.ms = 300000
	max.poll.records = 500
	metadata.max.age.ms = 300000
	metric.reporters = []
	metrics.num.samples = 2
	metrics.recording.level = INFO
	metrics.sample.window.ms = 30000
	partition.assignment.strategy = [class org.apache.kafka.clients.consumer.RangeAssignor]
	receive.buffer.bytes = 65536
	reconnect.backoff.max.ms = 1000
	reconnect.backoff.ms = 50
	request.timeout.ms = 30000
	retry.backoff.ms = 100
	sasl.client.callback.handler.class = null
	sasl.jaas.config = null
	sasl.kerberos.kinit.cmd = /usr/bin/kinit
	sasl.kerberos.min.time.before.relogin = 60000
	sasl.kerberos.service.name = null
	sasl.kerberos.ticket.renew.jitter = 0.05
	sasl.kerberos.ticket.renew.window.factor = 0.8
	sasl.login.callback.handler.class = null
	sasl.login.class = null
	sasl.login.refresh.buffer.seconds = 300
	sasl.login.refresh.min.period.seconds = 60
	sasl.login.refresh.window.factor = 0.8
	sasl.login.refresh.window.jitter = 0.05
	sasl.mechanism = GSSAPI
	security.protocol = PLAINTEXT
	security.providers = null
	send.buffer.bytes = 131072
	session.timeout.ms = 30000
	socket.connection.setup.timeout.max.ms = 127000
	socket.connection.setup.timeout.ms = 10000
	ssl.cipher.suites = null
	ssl.enabled.protocols = [TLSv1.2]
	ssl.endpoint.identification.algorithm = https
	ssl.engine.factory.class = null
	ssl.key.password = null
	ssl.keymanager.algorithm = SunX509
	ssl.keystore.certificate.chain = null
	ssl.keystore.key = null
	ssl.keystore.location = null
	ssl.keystore.password = null
	ssl.keystore.type = JKS
	ssl.protocol = TLSv1.2
	ssl.provider = null
	ssl.secure.random.implementation = null
	ssl.trustmanager.algorithm = PKIX
	ssl.truststore.certificates = null
	ssl.truststore.location = null
	ssl.truststore.password = null
	ssl.truststore.type = JKS
	value.deserializer = class org.apache.kafka.common.serialization.StringDeserializer

2025-01-22 09:42:09,780 INFO org.apache.kafka.common.utils.AppInfoParser [main] Kafka version: 2.7.1
2025-01-22 09:42:09,780 INFO org.apache.kafka.common.utils.AppInfoParser [main] Kafka commitId: 61dbce85d0d41457
2025-01-22 09:42:09,781 INFO org.apache.kafka.common.utils.AppInfoParser [main] Kafka startTimeMs: 1737510129778
2025-01-22 09:42:09,784 INFO org.apache.kafka.clients.consumer.KafkaConsumer [pool-1-thread-1] [Consumer clientId=consumer-fraud-detection-group-1, groupId=fraud-detection-group] Subscribed to topic(s): fraud-detection-topic
2025-01-22 09:42:10,381 WARN org.springframework.boot.autoconfigure.orm.jpa.JpaBaseConfiguration$JpaWebConfiguration [main] spring.jpa.open-in-view is enabled by default. Therefore, database queries may be performed during view rendering. Explicitly configure spring.jpa.open-in-view to disable this warning
2025-01-22 09:42:10,770 INFO org.apache.kafka.clients.Metadata [pool-1-thread-1] [Consumer clientId=consumer-fraud-detection-group-1, groupId=fraud-detection-group] Cluster ID: YMIwkYKRRA68ysH0Laa-Lg
2025-01-22 09:42:10,773 INFO org.apache.kafka.clients.consumer.internals.AbstractCoordinator [pool-1-thread-1] [Consumer clientId=consumer-fraud-detection-group-1, groupId=fraud-detection-group] Discovered group coordinator sventaomac:9092 (id: 2147483647 rack: null)
2025-01-22 09:42:10,851 WARN org.apache.kafka.clients.NetworkClient [pool-1-thread-1] [Consumer clientId=consumer-fraud-detection-group-1, groupId=fraud-detection-group] Error connecting to node sventaomac:9092 (id: 2147483647 rack: null)
java.net.UnknownHostException: sventaomac: nodename nor servname provided, or not known
	at java.net.Inet6AddressImpl.lookupAllHostAddr(Native Method)
	at java.net.InetAddress$2.lookupAllHostAddr(InetAddress.java:929)
	at java.net.InetAddress.getAddressesFromNameService(InetAddress.java:1324)
	at java.net.InetAddress.getAllByName0(InetAddress.java:1277)
	at java.net.InetAddress.getAllByName(InetAddress.java:1193)
	at java.net.InetAddress.getAllByName(InetAddress.java:1127)
	at org.apache.kafka.clients.DefaultHostResolver.resolve(DefaultHostResolver.java:27)
	at org.apache.kafka.clients.ClientUtils.resolve(ClientUtils.java:111)
	at org.apache.kafka.clients.ClusterConnectionStates$NodeConnectionState.currentAddress(ClusterConnectionStates.java:512)
	at org.apache.kafka.clients.ClusterConnectionStates$NodeConnectionState.access$200(ClusterConnectionStates.java:466)
	at org.apache.kafka.clients.ClusterConnectionStates.currentAddress(ClusterConnectionStates.java:172)
	at org.apache.kafka.clients.NetworkClient.initiateConnect(NetworkClient.java:1004)
	at org.apache.kafka.clients.NetworkClient.ready(NetworkClient.java:313)
	at org.apache.kafka.clients.consumer.internals.ConsumerNetworkClient.tryConnect(ConsumerNetworkClient.java:575)
	at org.apache.kafka.clients.consumer.internals.AbstractCoordinator$FindCoordinatorResponseHandler.onSuccess(AbstractCoordinator.java:845)
	at org.apache.kafka.clients.consumer.internals.AbstractCoordinator$FindCoordinatorResponseHandler.onSuccess(AbstractCoordinator.java:826)
	at org.apache.kafka.clients.consumer.internals.RequestFuture$1.onSuccess(RequestFuture.java:206)
	at org.apache.kafka.clients.consumer.internals.RequestFuture.fireSuccess(RequestFuture.java:169)
	at org.apache.kafka.clients.consumer.internals.RequestFuture.complete(RequestFuture.java:129)
	at org.apache.kafka.clients.consumer.internals.ConsumerNetworkClient$RequestFutureCompletionHandler.fireCompletion(ConsumerNetworkClient.java:602)
	at org.apache.kafka.clients.consumer.internals.ConsumerNetworkClient.firePendingCompletedRequests(ConsumerNetworkClient.java:412)
	at org.apache.kafka.clients.consumer.internals.ConsumerNetworkClient.poll(ConsumerNetworkClient.java:297)
	at org.apache.kafka.clients.consumer.internals.ConsumerNetworkClient.poll(ConsumerNetworkClient.java:236)
	at org.apache.kafka.clients.consumer.internals.ConsumerNetworkClient.poll(ConsumerNetworkClient.java:215)
	at org.apache.kafka.clients.consumer.internals.AbstractCoordinator.ensureCoordinatorReady(AbstractCoordinator.java:245)
	at org.apache.kafka.clients.consumer.internals.ConsumerCoordinator.poll(ConsumerCoordinator.java:480)
	at org.apache.kafka.clients.consumer.KafkaConsumer.updateAssignmentMetadataIfNeeded(KafkaConsumer.java:1257)
	at org.apache.kafka.clients.consumer.KafkaConsumer.poll(KafkaConsumer.java:1226)
	at org.apache.kafka.clients.consumer.KafkaConsumer.poll(KafkaConsumer.java:1206)
	at com.example.frauddetection.kafka.MessageConsumer.lambda$startListening$0(MessageConsumer.java:78)
	at java.util.concurrent.FutureTask.run(FutureTask.java:266)
	at java.util.concurrent.ThreadPoolExecutor.runWorker(ThreadPoolExecutor.java:1149)
	at java.util.concurrent.ThreadPoolExecutor$Worker.run(ThreadPoolExecutor.java:624)
	at java.lang.Thread.run(Thread.java:748)
2025-01-22 09:42:10,852 INFO org.springframework.boot.autoconfigure.h2.H2ConsoleAutoConfiguration [main] H2 console available at '/h2-console'. Database available at 'jdbc:h2:mem:fraud_db'
2025-01-22 09:42:10,856 INFO org.apache.kafka.clients.consumer.internals.AbstractCoordinator [pool-1-thread-1] [Consumer clientId=consumer-fraud-detection-group-1, groupId=fraud-detection-group] (Re-)joining group
2025-01-22 09:42:10,868 WARN org.apache.kafka.clients.NetworkClient [pool-1-thread-1] [Consumer clientId=consumer-fraud-detection-group-1, groupId=fraud-detection-group] Error connecting to node sventaomac:9092 (id: 2147483647 rack: null)
java.net.UnknownHostException: sventaomac
	at java.net.InetAddress.getAllByName0(InetAddress.java:1281)
	at java.net.InetAddress.getAllByName(InetAddress.java:1193)
	at java.net.InetAddress.getAllByName(InetAddress.java:1127)
	at org.apache.kafka.clients.DefaultHostResolver.resolve(DefaultHostResolver.java:27)
	at org.apache.kafka.clients.ClientUtils.resolve(ClientUtils.java:111)
	at org.apache.kafka.clients.ClusterConnectionStates$NodeConnectionState.currentAddress(ClusterConnectionStates.java:512)
	at org.apache.kafka.clients.ClusterConnectionStates$NodeConnectionState.access$200(ClusterConnectionStates.java:466)
	at org.apache.kafka.clients.ClusterConnectionStates.currentAddress(ClusterConnectionStates.java:172)
	at org.apache.kafka.clients.NetworkClient.initiateConnect(NetworkClient.java:1004)
	at org.apache.kafka.clients.NetworkClient.ready(NetworkClient.java:313)
	at org.apache.kafka.clients.consumer.internals.ConsumerNetworkClient.trySend(ConsumerNetworkClient.java:498)
	at org.apache.kafka.clients.consumer.internals.ConsumerNetworkClient.poll(ConsumerNetworkClient.java:255)
	at org.apache.kafka.clients.consumer.internals.ConsumerNetworkClient.poll(ConsumerNetworkClient.java:236)
	at org.apache.kafka.clients.consumer.internals.ConsumerNetworkClient.poll(ConsumerNetworkClient.java:215)
	at org.apache.kafka.clients.consumer.internals.AbstractCoordinator.joinGroupIfNeeded(AbstractCoordinator.java:426)
	at org.apache.kafka.clients.consumer.internals.AbstractCoordinator.ensureActiveGroup(AbstractCoordinator.java:365)
	at org.apache.kafka.clients.consumer.internals.ConsumerCoordinator.poll(ConsumerCoordinator.java:508)
	at org.apache.kafka.clients.consumer.KafkaConsumer.updateAssignmentMetadataIfNeeded(KafkaConsumer.java:1257)
	at org.apache.kafka.clients.consumer.KafkaConsumer.poll(KafkaConsumer.java:1226)
	at org.apache.kafka.clients.consumer.KafkaConsumer.poll(KafkaConsumer.java:1206)
	at com.example.frauddetection.kafka.MessageConsumer.lambda$startListening$0(MessageConsumer.java:78)
	at java.util.concurrent.FutureTask.run(FutureTask.java:266)
	at java.util.concurrent.ThreadPoolExecutor.runWorker(ThreadPoolExecutor.java:1149)
	at java.util.concurrent.ThreadPoolExecutor$Worker.run(ThreadPoolExecutor.java:624)
	at java.lang.Thread.run(Thread.java:748)
2025-01-22 09:42:10,869 INFO org.apache.kafka.clients.consumer.internals.AbstractCoordinator [pool-1-thread-1] [Consumer clientId=consumer-fraud-detection-group-1, groupId=fraud-detection-group] Group coordinator sventaomac:9092 (id: 2147483647 rack: null) is unavailable or invalid due to cause: null.isDisconnected: true. Rediscovery will be attempted.
2025-01-22 09:42:10,869 INFO org.apache.kafka.clients.consumer.internals.AbstractCoordinator [pool-1-thread-1] [Consumer clientId=consumer-fraud-detection-group-1, groupId=fraud-detection-group] Rebalance failed.
org.apache.kafka.common.errors.DisconnectException: null
2025-01-22 09:42:10,870 WARN org.apache.kafka.clients.NetworkClient [pool-1-thread-1] [Consumer clientId=consumer-fraud-detection-group-1, groupId=fraud-detection-group] Error connecting to node sventaomac:9092 (id: 0 rack: null)
java.net.UnknownHostException: sventaomac
	at java.net.InetAddress.getAllByName0(InetAddress.java:1281)
	at java.net.InetAddress.getAllByName(InetAddress.java:1193)
	at java.net.InetAddress.getAllByName(InetAddress.java:1127)
	at org.apache.kafka.clients.DefaultHostResolver.resolve(DefaultHostResolver.java:27)
	at org.apache.kafka.clients.ClientUtils.resolve(ClientUtils.java:111)
	at org.apache.kafka.clients.ClusterConnectionStates$NodeConnectionState.currentAddress(ClusterConnectionStates.java:512)
	at org.apache.kafka.clients.ClusterConnectionStates$NodeConnectionState.access$200(ClusterConnectionStates.java:466)
	at org.apache.kafka.clients.ClusterConnectionStates.currentAddress(ClusterConnectionStates.java:172)
	at org.apache.kafka.clients.NetworkClient.initiateConnect(NetworkClient.java:1004)
	at org.apache.kafka.clients.NetworkClient.ready(NetworkClient.java:313)
	at org.apache.kafka.clients.consumer.internals.ConsumerNetworkClient.trySend(ConsumerNetworkClient.java:498)
	at org.apache.kafka.clients.consumer.internals.ConsumerNetworkClient.poll(ConsumerNetworkClient.java:255)
	at org.apache.kafka.clients.consumer.internals.ConsumerNetworkClient.poll(ConsumerNetworkClient.java:236)
	at org.apache.kafka.clients.consumer.internals.ConsumerNetworkClient.poll(ConsumerNetworkClient.java:215)
	at org.apache.kafka.clients.consumer.internals.AbstractCoordinator.ensureCoordinatorReady(AbstractCoordinator.java:245)
	at org.apache.kafka.clients.consumer.internals.AbstractCoordinator.joinGroupIfNeeded(AbstractCoordinator.java:409)
	at org.apache.kafka.clients.consumer.internals.AbstractCoordinator.ensureActiveGroup(AbstractCoordinator.java:365)
	at org.apache.kafka.clients.consumer.internals.ConsumerCoordinator.poll(ConsumerCoordinator.java:508)
	at org.apache.kafka.clients.consumer.KafkaConsumer.updateAssignmentMetadataIfNeeded(KafkaConsumer.java:1257)
	at org.apache.kafka.clients.consumer.KafkaConsumer.poll(KafkaConsumer.java:1226)
	at org.apache.kafka.clients.consumer.KafkaConsumer.poll(KafkaConsumer.java:1206)
	at com.example.frauddetection.kafka.MessageConsumer.lambda$startListening$0(MessageConsumer.java:78)
	at java.util.concurrent.FutureTask.run(FutureTask.java:266)
	at java.util.concurrent.ThreadPoolExecutor.runWorker(ThreadPoolExecutor.java:1149)
	at java.util.concurrent.ThreadPoolExecutor$Worker.run(ThreadPoolExecutor.java:624)
	at java.lang.Thread.run(Thread.java:748)
2025-01-22 09:42:10,971 WARN org.apache.kafka.clients.NetworkClient [pool-1-thread-1] [Consumer clientId=consumer-fraud-detection-group-1, groupId=fraud-detection-group] Error connecting to node sventaomac:9092 (id: 0 rack: null)
java.net.UnknownHostException: sventaomac
	at java.net.InetAddress.getAllByName0(InetAddress.java:1281)
	at java.net.InetAddress.getAllByName(InetAddress.java:1193)
	at java.net.InetAddress.getAllByName(InetAddress.java:1127)
	at org.apache.kafka.clients.DefaultHostResolver.resolve(DefaultHostResolver.java:27)
	at org.apache.kafka.clients.ClientUtils.resolve(ClientUtils.java:111)
	at org.apache.kafka.clients.ClusterConnectionStates$NodeConnectionState.currentAddress(ClusterConnectionStates.java:512)
	at org.apache.kafka.clients.ClusterConnectionStates$NodeConnectionState.access$200(ClusterConnectionStates.java:466)
	at org.apache.kafka.clients.ClusterConnectionStates.currentAddress(ClusterConnectionStates.java:172)
	at org.apache.kafka.clients.NetworkClient.initiateConnect(NetworkClient.java:1004)
	at org.apache.kafka.clients.NetworkClient.access$600(NetworkClient.java:75)
	at org.apache.kafka.clients.NetworkClient$DefaultMetadataUpdater.maybeUpdate(NetworkClient.java:1177)
	at org.apache.kafka.clients.NetworkClient$DefaultMetadataUpdater.maybeUpdate(NetworkClient.java:1065)
	at org.apache.kafka.clients.NetworkClient.poll(NetworkClient.java:561)
	at org.apache.kafka.clients.consumer.internals.ConsumerNetworkClient.poll(ConsumerNetworkClient.java:265)
	at org.apache.kafka.clients.consumer.internals.ConsumerNetworkClient.poll(ConsumerNetworkClient.java:236)
	at org.apache.kafka.clients.consumer.internals.ConsumerNetworkClient.poll(ConsumerNetworkClient.java:227)
	at org.apache.kafka.clients.consumer.internals.ConsumerNetworkClient.awaitMetadataUpdate(ConsumerNetworkClient.java:164)
	at org.apache.kafka.clients.consumer.internals.AbstractCoordinator.ensureCoordinatorReady(AbstractCoordinator.java:257)
	at org.apache.kafka.clients.consumer.internals.ConsumerCoordinator.poll(ConsumerCoordinator.java:480)
	at org.apache.kafka.clients.consumer.KafkaConsumer.updateAssignmentMetadataIfNeeded(KafkaConsumer.java:1257)
	at org.apache.kafka.clients.consumer.KafkaConsumer.poll(KafkaConsumer.java:1226)
	at org.apache.kafka.clients.consumer.KafkaConsumer.poll(KafkaConsumer.java:1206)
	at com.example.frauddetection.kafka.MessageConsumer.lambda$startListening$0(MessageConsumer.java:78)
	at java.util.concurrent.FutureTask.run(FutureTask.java:266)
	at java.util.concurrent.ThreadPoolExecutor.runWorker(ThreadPoolExecutor.java:1149)
	at java.util.concurrent.ThreadPoolExecutor$Worker.run(ThreadPoolExecutor.java:624)
	at java.lang.Thread.run(Thread.java:748)
2025-01-22 09:42:11,070 WARN org.apache.kafka.clients.NetworkClient [pool-1-thread-1] [Consumer clientId=consumer-fraud-detection-group-1, groupId=fraud-detection-group] Error connecting to node sventaomac:9092 (id: 0 rack: null)
java.net.UnknownHostException: sventaomac
	at java.net.InetAddress.getAllByName0(InetAddress.java:1281)
	at java.net.InetAddress.getAllByName(InetAddress.java:1193)
	at java.net.InetAddress.getAllByName(InetAddress.java:1127)
	at org.apache.kafka.clients.DefaultHostResolver.resolve(DefaultHostResolver.java:27)
	at org.apache.kafka.clients.ClientUtils.resolve(ClientUtils.java:111)
	at org.apache.kafka.clients.ClusterConnectionStates$NodeConnectionState.currentAddress(ClusterConnectionStates.java:512)
	at org.apache.kafka.clients.ClusterConnectionStates$NodeConnectionState.access$200(ClusterConnectionStates.java:466)
	at org.apache.kafka.clients.ClusterConnectionStates.currentAddress(ClusterConnectionStates.java:172)
	at org.apache.kafka.clients.NetworkClient.initiateConnect(NetworkClient.java:1004)
	at org.apache.kafka.clients.NetworkClient.access$600(NetworkClient.java:75)
	at org.apache.kafka.clients.NetworkClient$DefaultMetadataUpdater.maybeUpdate(NetworkClient.java:1177)
	at org.apache.kafka.clients.NetworkClient$DefaultMetadataUpdater.maybeUpdate(NetworkClient.java:1065)
	at org.apache.kafka.clients.NetworkClient.poll(NetworkClient.java:561)
	at org.apache.kafka.clients.consumer.internals.ConsumerNetworkClient.poll(ConsumerNetworkClient.java:265)
	at org.apache.kafka.clients.consumer.internals.ConsumerNetworkClient.poll(ConsumerNetworkClient.java:236)
	at org.apache.kafka.clients.consumer.internals.ConsumerNetworkClient.poll(ConsumerNetworkClient.java:227)
	at org.apache.kafka.clients.consumer.internals.ConsumerNetworkClient.awaitMetadataUpdate(ConsumerNetworkClient.java:164)
	at org.apache.kafka.clients.consumer.internals.AbstractCoordinator.ensureCoordinatorReady(AbstractCoordinator.java:257)
	at org.apache.kafka.clients.consumer.internals.ConsumerCoordinator.poll(ConsumerCoordinator.java:480)
	at org.apache.kafka.clients.consumer.KafkaConsumer.updateAssignmentMetadataIfNeeded(KafkaConsumer.java:1257)
	at org.apache.kafka.clients.consumer.KafkaConsumer.poll(KafkaConsumer.java:1226)
	at org.apache.kafka.clients.consumer.KafkaConsumer.poll(KafkaConsumer.java:1206)
	at com.example.frauddetection.kafka.MessageConsumer.lambda$startListening$0(MessageConsumer.java:78)
	at java.util.concurrent.FutureTask.run(FutureTask.java:266)
	at java.util.concurrent.ThreadPoolExecutor.runWorker(ThreadPoolExecutor.java:1149)
	at java.util.concurrent.ThreadPoolExecutor$Worker.run(ThreadPoolExecutor.java:624)
	at java.lang.Thread.run(Thread.java:748)
2025-01-22 09:42:11,278 WARN org.apache.kafka.clients.NetworkClient [pool-1-thread-1] [Consumer clientId=consumer-fraud-detection-group-1, groupId=fraud-detection-group] Error connecting to node sventaomac:9092 (id: 0 rack: null)
java.net.UnknownHostException: sventaomac
	at java.net.InetAddress.getAllByName0(InetAddress.java:1281)
	at java.net.InetAddress.getAllByName(InetAddress.java:1193)
	at java.net.InetAddress.getAllByName(InetAddress.java:1127)
	at org.apache.kafka.clients.DefaultHostResolver.resolve(DefaultHostResolver.java:27)
	at org.apache.kafka.clients.ClientUtils.resolve(ClientUtils.java:111)
	at org.apache.kafka.clients.ClusterConnectionStates$NodeConnectionState.currentAddress(ClusterConnectionStates.java:512)
	at org.apache.kafka.clients.ClusterConnectionStates$NodeConnectionState.access$200(ClusterConnectionStates.java:466)
	at org.apache.kafka.clients.ClusterConnectionStates.currentAddress(ClusterConnectionStates.java:172)
	at org.apache.kafka.clients.NetworkClient.initiateConnect(NetworkClient.java:1004)
	at org.apache.kafka.clients.NetworkClient.access$600(NetworkClient.java:75)
	at org.apache.kafka.clients.NetworkClient$DefaultMetadataUpdater.maybeUpdate(NetworkClient.java:1177)
	at org.apache.kafka.clients.NetworkClient$DefaultMetadataUpdater.maybeUpdate(NetworkClient.java:1065)
	at org.apache.kafka.clients.NetworkClient.poll(NetworkClient.java:561)
	at org.apache.kafka.clients.consumer.internals.ConsumerNetworkClient.poll(ConsumerNetworkClient.java:265)
	at org.apache.kafka.clients.consumer.internals.ConsumerNetworkClient.poll(ConsumerNetworkClient.java:236)
	at org.apache.kafka.clients.consumer.KafkaConsumer.pollForFetches(KafkaConsumer.java:1292)
	at org.apache.kafka.clients.consumer.KafkaConsumer.poll(KafkaConsumer.java:1233)
	at org.apache.kafka.clients.consumer.KafkaConsumer.poll(KafkaConsumer.java:1206)
	at com.example.frauddetection.kafka.MessageConsumer.lambda$startListening$0(MessageConsumer.java:78)
	at java.util.concurrent.FutureTask.run(FutureTask.java:266)
	at java.util.concurrent.ThreadPoolExecutor.runWorker(ThreadPoolExecutor.java:1149)
	at java.util.concurrent.ThreadPoolExecutor$Worker.run(ThreadPoolExecutor.java:624)
	at java.lang.Thread.run(Thread.java:748)
2025-01-22 09:42:11,482 INFO com.example.frauddetection.FraudDetectionApplicationTests [main] Started FraudDetectionApplicationTests in 28.233 seconds (JVM running for 29.901)
2025-01-22 09:42:11,633 WARN org.apache.kafka.clients.NetworkClient [pool-1-thread-1] [Consumer clientId=consumer-fraud-detection-group-1, groupId=fraud-detection-group] Error connecting to node sventaomac:9092 (id: 0 rack: null)
java.net.UnknownHostException: sventaomac
	at java.net.InetAddress.getAllByName0(InetAddress.java:1281)
	at java.net.InetAddress.getAllByName(InetAddress.java:1193)
	at java.net.InetAddress.getAllByName(InetAddress.java:1127)
	at org.apache.kafka.clients.DefaultHostResolver.resolve(DefaultHostResolver.java:27)
	at org.apache.kafka.clients.ClientUtils.resolve(ClientUtils.java:111)
	at org.apache.kafka.clients.ClusterConnectionStates$NodeConnectionState.currentAddress(ClusterConnectionStates.java:512)
	at org.apache.kafka.clients.ClusterConnectionStates$NodeConnectionState.access$200(ClusterConnectionStates.java:466)
	at org.apache.kafka.clients.ClusterConnectionStates.currentAddress(ClusterConnectionStates.java:172)
	at org.apache.kafka.clients.NetworkClient.initiateConnect(NetworkClient.java:1004)
	at org.apache.kafka.clients.NetworkClient.access$600(NetworkClient.java:75)
	at org.apache.kafka.clients.NetworkClient$DefaultMetadataUpdater.maybeUpdate(NetworkClient.java:1177)
	at org.apache.kafka.clients.NetworkClient$DefaultMetadataUpdater.maybeUpdate(NetworkClient.java:1065)
	at org.apache.kafka.clients.NetworkClient.poll(NetworkClient.java:561)
	at org.apache.kafka.clients.consumer.internals.ConsumerNetworkClient.poll(ConsumerNetworkClient.java:265)
	at org.apache.kafka.clients.consumer.internals.ConsumerNetworkClient.poll(ConsumerNetworkClient.java:236)
	at org.apache.kafka.clients.consumer.internals.ConsumerNetworkClient.poll(ConsumerNetworkClient.java:227)
	at org.apache.kafka.clients.consumer.internals.ConsumerNetworkClient.awaitMetadataUpdate(ConsumerNetworkClient.java:164)
	at org.apache.kafka.clients.consumer.internals.AbstractCoordinator.ensureCoordinatorReady(AbstractCoordinator.java:257)
	at org.apache.kafka.clients.consumer.internals.ConsumerCoordinator.poll(ConsumerCoordinator.java:480)
	at org.apache.kafka.clients.consumer.KafkaConsumer.updateAssignmentMetadataIfNeeded(KafkaConsumer.java:1257)
	at org.apache.kafka.clients.consumer.KafkaConsumer.poll(KafkaConsumer.java:1226)
	at org.apache.kafka.clients.consumer.KafkaConsumer.poll(KafkaConsumer.java:1206)
	at com.example.frauddetection.kafka.MessageConsumer.lambda$startListening$0(MessageConsumer.java:78)
	at java.util.concurrent.FutureTask.run(FutureTask.java:266)
	at java.util.concurrent.ThreadPoolExecutor.runWorker(ThreadPoolExecutor.java:1149)
	at java.util.concurrent.ThreadPoolExecutor$Worker.run(ThreadPoolExecutor.java:624)
	at java.lang.Thread.run(Thread.java:748)
2025-01-22 09:42:11,650 INFO org.springframework.boot.test.context.SpringBootTestContextBootstrapper [main] Neither @ContextConfiguration nor @ContextHierarchy found for test class [com.example.frauddetection.FraudDetectionControllerTest], using SpringBootContextLoader
2025-01-22 09:42:11,651 INFO org.springframework.test.context.support.AbstractContextLoader [main] Could not detect default resource locations for test class [com.example.frauddetection.FraudDetectionControllerTest]: no resource found for suffixes {-context.xml, Context.groovy}.
2025-01-22 09:42:11,666 INFO org.springframework.boot.test.context.SpringBootTestContextBootstrapper [main] Loaded default TestExecutionListener class names from location [META-INF/spring.factories]: [org.springframework.boot.test.mock.mockito.MockitoTestExecutionListener, org.springframework.boot.test.mock.mockito.ResetMocksTestExecutionListener, org.springframework.boot.test.autoconfigure.restdocs.RestDocsTestExecutionListener, org.springframework.boot.test.autoconfigure.web.client.MockRestServiceServerResetTestExecutionListener, org.springframework.boot.test.autoconfigure.web.servlet.MockMvcPrintOnlyOnFailureTestExecutionListener, org.springframework.boot.test.autoconfigure.web.servlet.WebDriverTestExecutionListener, org.springframework.boot.test.autoconfigure.webservices.client.MockWebServiceServerTestExecutionListener, org.springframework.test.context.web.ServletTestExecutionListener, org.springframework.test.context.support.DirtiesContextBeforeModesTestExecutionListener, org.springframework.test.context.event.ApplicationEventsTestExecutionListener, org.springframework.test.context.support.DependencyInjectionTestExecutionListener, org.springframework.test.context.support.DirtiesContextTestExecutionListener, org.springframework.test.context.transaction.TransactionalTestExecutionListener, org.springframework.test.context.jdbc.SqlScriptsTestExecutionListener, org.springframework.test.context.event.EventPublishingTestExecutionListener]
2025-01-22 09:42:11,667 INFO org.springframework.boot.test.context.SpringBootTestContextBootstrapper [main] Using TestExecutionListeners: [org.springframework.test.context.web.ServletTestExecutionListener@63d3c9dc, org.springframework.test.context.support.DirtiesContextBeforeModesTestExecutionListener@3a1a0bc, org.springframework.test.context.event.ApplicationEventsTestExecutionListener@35d114f4, org.springframework.boot.test.mock.mockito.MockitoTestExecutionListener@3684d2c0, org.springframework.boot.test.autoconfigure.SpringBootDependencyInjectionTestExecutionListener@4be460e5, org.springframework.test.context.support.DirtiesContextTestExecutionListener@454e9d65, org.springframework.test.context.transaction.TransactionalTestExecutionListener@7805478c, org.springframework.test.context.jdbc.SqlScriptsTestExecutionListener@6807989e, org.springframework.test.context.event.EventPublishingTestExecutionListener@c2e33, org.springframework.boot.test.mock.mockito.ResetMocksTestExecutionListener@31183ee2, org.springframework.boot.test.autoconfigure.restdocs.RestDocsTestExecutionListener@63f3366a, org.springframework.boot.test.autoconfigure.web.client.MockRestServiceServerResetTestExecutionListener@37e491e2, org.springframework.boot.test.autoconfigure.web.servlet.MockMvcPrintOnlyOnFailureTestExecutionListener@56f84c9b, org.springframework.boot.test.autoconfigure.web.servlet.WebDriverTestExecutionListener@26679788, org.springframework.boot.test.autoconfigure.webservices.client.MockWebServiceServerTestExecutionListener@5cdda548]
2025-01-22 09:42:12,391 WARN org.apache.kafka.clients.NetworkClient [pool-1-thread-1] [Consumer clientId=consumer-fraud-detection-group-1, groupId=fraud-detection-group] Error connecting to node sventaomac:9092 (id: 0 rack: null)
java.net.UnknownHostException: sventaomac
	at java.net.InetAddress.getAllByName0(InetAddress.java:1281)
	at java.net.InetAddress.getAllByName(InetAddress.java:1193)
	at java.net.InetAddress.getAllByName(InetAddress.java:1127)
	at org.apache.kafka.clients.DefaultHostResolver.resolve(DefaultHostResolver.java:27)
	at org.apache.kafka.clients.ClientUtils.resolve(ClientUtils.java:111)
	at org.apache.kafka.clients.ClusterConnectionStates$NodeConnectionState.currentAddress(ClusterConnectionStates.java:512)
	at org.apache.kafka.clients.ClusterConnectionStates$NodeConnectionState.access$200(ClusterConnectionStates.java:466)
	at org.apache.kafka.clients.ClusterConnectionStates.currentAddress(ClusterConnectionStates.java:172)
	at org.apache.kafka.clients.NetworkClient.initiateConnect(NetworkClient.java:1004)
	at org.apache.kafka.clients.NetworkClient.access$600(NetworkClient.java:75)
	at org.apache.kafka.clients.NetworkClient$DefaultMetadataUpdater.maybeUpdate(NetworkClient.java:1177)
	at org.apache.kafka.clients.NetworkClient$DefaultMetadataUpdater.maybeUpdate(NetworkClient.java:1065)
	at org.apache.kafka.clients.NetworkClient.poll(NetworkClient.java:561)
	at org.apache.kafka.clients.consumer.internals.ConsumerNetworkClient.poll(ConsumerNetworkClient.java:265)
	at org.apache.kafka.clients.consumer.internals.ConsumerNetworkClient.poll(ConsumerNetworkClient.java:236)
	at org.apache.kafka.clients.consumer.KafkaConsumer.pollForFetches(KafkaConsumer.java:1292)
	at org.apache.kafka.clients.consumer.KafkaConsumer.poll(KafkaConsumer.java:1233)
	at org.apache.kafka.clients.consumer.KafkaConsumer.poll(KafkaConsumer.java:1206)
	at com.example.frauddetection.kafka.MessageConsumer.lambda$startListening$0(MessageConsumer.java:78)
	at java.util.concurrent.FutureTask.run(FutureTask.java:266)
	at java.util.concurrent.ThreadPoolExecutor.runWorker(ThreadPoolExecutor.java:1149)
	at java.util.concurrent.ThreadPoolExecutor$Worker.run(ThreadPoolExecutor.java:624)
	at java.lang.Thread.run(Thread.java:748)
2025-01-22 09:42:13,607 WARN org.apache.kafka.clients.NetworkClient [pool-1-thread-1] [Consumer clientId=consumer-fraud-detection-group-1, groupId=fraud-detection-group] Error connecting to node sventaomac:9092 (id: 0 rack: null)
java.net.UnknownHostException: sventaomac
	at java.net.InetAddress.getAllByName0(InetAddress.java:1281)
	at java.net.InetAddress.getAllByName(InetAddress.java:1193)
	at java.net.InetAddress.getAllByName(InetAddress.java:1127)
	at org.apache.kafka.clients.DefaultHostResolver.resolve(DefaultHostResolver.java:27)
	at org.apache.kafka.clients.ClientUtils.resolve(ClientUtils.java:111)
	at org.apache.kafka.clients.ClusterConnectionStates$NodeConnectionState.currentAddress(ClusterConnectionStates.java:512)
	at org.apache.kafka.clients.ClusterConnectionStates$NodeConnectionState.access$200(ClusterConnectionStates.java:466)
	at org.apache.kafka.clients.ClusterConnectionStates.currentAddress(ClusterConnectionStates.java:172)
	at org.apache.kafka.clients.NetworkClient.initiateConnect(NetworkClient.java:1004)
	at org.apache.kafka.clients.NetworkClient.access$600(NetworkClient.java:75)
	at org.apache.kafka.clients.NetworkClient$DefaultMetadataUpdater.maybeUpdate(NetworkClient.java:1177)
	at org.apache.kafka.clients.NetworkClient$DefaultMetadataUpdater.maybeUpdate(NetworkClient.java:1065)
	at org.apache.kafka.clients.NetworkClient.poll(NetworkClient.java:561)
	at org.apache.kafka.clients.consumer.internals.ConsumerNetworkClient.poll(ConsumerNetworkClient.java:265)
	at org.apache.kafka.clients.consumer.internals.ConsumerNetworkClient.poll(ConsumerNetworkClient.java:236)
	at org.apache.kafka.clients.consumer.KafkaConsumer.pollForFetches(KafkaConsumer.java:1292)
	at org.apache.kafka.clients.consumer.KafkaConsumer.poll(KafkaConsumer.java:1233)
	at org.apache.kafka.clients.consumer.KafkaConsumer.poll(KafkaConsumer.java:1206)
	at com.example.frauddetection.kafka.MessageConsumer.lambda$startListening$0(MessageConsumer.java:78)
	at java.util.concurrent.FutureTask.run(FutureTask.java:266)
	at java.util.concurrent.ThreadPoolExecutor.runWorker(ThreadPoolExecutor.java:1149)
	at java.util.concurrent.ThreadPoolExecutor$Worker.run(ThreadPoolExecutor.java:624)
	at java.lang.Thread.run(Thread.java:748)
2025-01-22 09:42:14,723 WARN org.apache.kafka.clients.NetworkClient [pool-1-thread-1] [Consumer clientId=consumer-fraud-detection-group-1, groupId=fraud-detection-group] Error connecting to node sventaomac:9092 (id: 0 rack: null)
java.net.UnknownHostException: sventaomac
	at java.net.InetAddress.getAllByName0(InetAddress.java:1281)
	at java.net.InetAddress.getAllByName(InetAddress.java:1193)
	at java.net.InetAddress.getAllByName(InetAddress.java:1127)
	at org.apache.kafka.clients.DefaultHostResolver.resolve(DefaultHostResolver.java:27)
	at org.apache.kafka.clients.ClientUtils.resolve(ClientUtils.java:111)
	at org.apache.kafka.clients.ClusterConnectionStates$NodeConnectionState.currentAddress(ClusterConnectionStates.java:512)
	at org.apache.kafka.clients.ClusterConnectionStates$NodeConnectionState.access$200(ClusterConnectionStates.java:466)
	at org.apache.kafka.clients.ClusterConnectionStates.currentAddress(ClusterConnectionStates.java:172)
	at org.apache.kafka.clients.NetworkClient.initiateConnect(NetworkClient.java:1004)
	at org.apache.kafka.clients.NetworkClient.access$600(NetworkClient.java:75)
	at org.apache.kafka.clients.NetworkClient$DefaultMetadataUpdater.maybeUpdate(NetworkClient.java:1177)
	at org.apache.kafka.clients.NetworkClient$DefaultMetadataUpdater.maybeUpdate(NetworkClient.java:1065)
	at org.apache.kafka.clients.NetworkClient.poll(NetworkClient.java:561)
	at org.apache.kafka.clients.consumer.internals.ConsumerNetworkClient.poll(ConsumerNetworkClient.java:265)
	at org.apache.kafka.clients.consumer.internals.ConsumerNetworkClient.poll(ConsumerNetworkClient.java:236)
	at org.apache.kafka.clients.consumer.KafkaConsumer.pollForFetches(KafkaConsumer.java:1292)
	at org.apache.kafka.clients.consumer.KafkaConsumer.poll(KafkaConsumer.java:1233)
	at org.apache.kafka.clients.consumer.KafkaConsumer.poll(KafkaConsumer.java:1206)
	at com.example.frauddetection.kafka.MessageConsumer.lambda$startListening$0(MessageConsumer.java:78)
	at java.util.concurrent.FutureTask.run(FutureTask.java:266)
	at java.util.concurrent.ThreadPoolExecutor.runWorker(ThreadPoolExecutor.java:1149)
	at java.util.concurrent.ThreadPoolExecutor$Worker.run(ThreadPoolExecutor.java:624)
	at java.lang.Thread.run(Thread.java:748)
2025-01-22 09:42:15,839 WARN org.apache.kafka.clients.NetworkClient [pool-1-thread-1] [Consumer clientId=consumer-fraud-detection-group-1, groupId=fraud-detection-group] Error connecting to node sventaomac:9092 (id: 0 rack: null)
java.net.UnknownHostException: sventaomac
	at java.net.InetAddress.getAllByName0(InetAddress.java:1281)
	at java.net.InetAddress.getAllByName(InetAddress.java:1193)
	at java.net.InetAddress.getAllByName(InetAddress.java:1127)
	at org.apache.kafka.clients.DefaultHostResolver.resolve(DefaultHostResolver.java:27)
	at org.apache.kafka.clients.ClientUtils.resolve(ClientUtils.java:111)
	at org.apache.kafka.clients.ClusterConnectionStates$NodeConnectionState.currentAddress(ClusterConnectionStates.java:512)
	at org.apache.kafka.clients.ClusterConnectionStates$NodeConnectionState.access$200(ClusterConnectionStates.java:466)
	at org.apache.kafka.clients.ClusterConnectionStates.currentAddress(ClusterConnectionStates.java:172)
	at org.apache.kafka.clients.NetworkClient.initiateConnect(NetworkClient.java:1004)
	at org.apache.kafka.clients.NetworkClient.access$600(NetworkClient.java:75)
	at org.apache.kafka.clients.NetworkClient$DefaultMetadataUpdater.maybeUpdate(NetworkClient.java:1177)
	at org.apache.kafka.clients.NetworkClient$DefaultMetadataUpdater.maybeUpdate(NetworkClient.java:1065)
	at org.apache.kafka.clients.NetworkClient.poll(NetworkClient.java:561)
	at org.apache.kafka.clients.consumer.internals.ConsumerNetworkClient.poll(ConsumerNetworkClient.java:265)
	at org.apache.kafka.clients.consumer.internals.ConsumerNetworkClient.poll(ConsumerNetworkClient.java:236)
	at org.apache.kafka.clients.consumer.KafkaConsumer.pollForFetches(KafkaConsumer.java:1292)
	at org.apache.kafka.clients.consumer.KafkaConsumer.poll(KafkaConsumer.java:1233)
	at org.apache.kafka.clients.consumer.KafkaConsumer.poll(KafkaConsumer.java:1206)
	at com.example.frauddetection.kafka.MessageConsumer.lambda$startListening$0(MessageConsumer.java:78)
	at java.util.concurrent.FutureTask.run(FutureTask.java:266)
	at java.util.concurrent.ThreadPoolExecutor.runWorker(ThreadPoolExecutor.java:1149)
	at java.util.concurrent.ThreadPoolExecutor$Worker.run(ThreadPoolExecutor.java:624)
	at java.lang.Thread.run(Thread.java:748)
2025-01-22 09:42:17,057 WARN org.apache.kafka.clients.NetworkClient [pool-1-thread-1] [Consumer clientId=consumer-fraud-detection-group-1, groupId=fraud-detection-group] Error connecting to node sventaomac:9092 (id: 0 rack: null)
java.net.UnknownHostException: sventaomac
	at java.net.InetAddress.getAllByName0(InetAddress.java:1281)
	at java.net.InetAddress.getAllByName(InetAddress.java:1193)
	at java.net.InetAddress.getAllByName(InetAddress.java:1127)
	at org.apache.kafka.clients.DefaultHostResolver.resolve(DefaultHostResolver.java:27)
	at org.apache.kafka.clients.ClientUtils.resolve(ClientUtils.java:111)
	at org.apache.kafka.clients.ClusterConnectionStates$NodeConnectionState.currentAddress(ClusterConnectionStates.java:512)
	at org.apache.kafka.clients.ClusterConnectionStates$NodeConnectionState.access$200(ClusterConnectionStates.java:466)
	at org.apache.kafka.clients.ClusterConnectionStates.currentAddress(ClusterConnectionStates.java:172)
	at org.apache.kafka.clients.NetworkClient.initiateConnect(NetworkClient.java:1004)
	at org.apache.kafka.clients.NetworkClient.access$600(NetworkClient.java:75)
	at org.apache.kafka.clients.NetworkClient$DefaultMetadataUpdater.maybeUpdate(NetworkClient.java:1177)
	at org.apache.kafka.clients.NetworkClient$DefaultMetadataUpdater.maybeUpdate(NetworkClient.java:1065)
	at org.apache.kafka.clients.NetworkClient.poll(NetworkClient.java:561)
	at org.apache.kafka.clients.consumer.internals.ConsumerNetworkClient.poll(ConsumerNetworkClient.java:265)
	at org.apache.kafka.clients.consumer.internals.ConsumerNetworkClient.poll(ConsumerNetworkClient.java:236)
	at org.apache.kafka.clients.consumer.KafkaConsumer.pollForFetches(KafkaConsumer.java:1292)
	at org.apache.kafka.clients.consumer.KafkaConsumer.poll(KafkaConsumer.java:1233)
	at org.apache.kafka.clients.consumer.KafkaConsumer.poll(KafkaConsumer.java:1206)
	at com.example.frauddetection.kafka.MessageConsumer.lambda$startListening$0(MessageConsumer.java:78)
	at java.util.concurrent.FutureTask.run(FutureTask.java:266)
	at java.util.concurrent.ThreadPoolExecutor.runWorker(ThreadPoolExecutor.java:1149)
	at java.util.concurrent.ThreadPoolExecutor$Worker.run(ThreadPoolExecutor.java:624)
	at java.lang.Thread.run(Thread.java:748)
2025-01-22 09:42:18,016 WARN org.apache.kafka.clients.NetworkClient [pool-1-thread-1] [Consumer clientId=consumer-fraud-detection-group-1, groupId=fraud-detection-group] Error connecting to node sventaomac:9092 (id: 0 rack: null)
java.net.UnknownHostException: sventaomac
	at java.net.InetAddress.getAllByName0(InetAddress.java:1281)
	at java.net.InetAddress.getAllByName(InetAddress.java:1193)
	at java.net.InetAddress.getAllByName(InetAddress.java:1127)
	at org.apache.kafka.clients.DefaultHostResolver.resolve(DefaultHostResolver.java:27)
	at org.apache.kafka.clients.ClientUtils.resolve(ClientUtils.java:111)
	at org.apache.kafka.clients.ClusterConnectionStates$NodeConnectionState.currentAddress(ClusterConnectionStates.java:512)
	at org.apache.kafka.clients.ClusterConnectionStates$NodeConnectionState.access$200(ClusterConnectionStates.java:466)
	at org.apache.kafka.clients.ClusterConnectionStates.currentAddress(ClusterConnectionStates.java:172)
	at org.apache.kafka.clients.NetworkClient.initiateConnect(NetworkClient.java:1004)
	at org.apache.kafka.clients.NetworkClient.access$600(NetworkClient.java:75)
	at org.apache.kafka.clients.NetworkClient$DefaultMetadataUpdater.maybeUpdate(NetworkClient.java:1177)
	at org.apache.kafka.clients.NetworkClient$DefaultMetadataUpdater.maybeUpdate(NetworkClient.java:1065)
	at org.apache.kafka.clients.NetworkClient.poll(NetworkClient.java:561)
	at org.apache.kafka.clients.consumer.internals.ConsumerNetworkClient.poll(ConsumerNetworkClient.java:265)
	at org.apache.kafka.clients.consumer.internals.ConsumerNetworkClient.poll(ConsumerNetworkClient.java:236)
	at org.apache.kafka.clients.consumer.internals.ConsumerNetworkClient.poll(ConsumerNetworkClient.java:227)
	at org.apache.kafka.clients.consumer.internals.ConsumerNetworkClient.awaitMetadataUpdate(ConsumerNetworkClient.java:164)
	at org.apache.kafka.clients.consumer.internals.AbstractCoordinator.ensureCoordinatorReady(AbstractCoordinator.java:257)
	at org.apache.kafka.clients.consumer.internals.ConsumerCoordinator.poll(ConsumerCoordinator.java:480)
	at org.apache.kafka.clients.consumer.KafkaConsumer.updateAssignmentMetadataIfNeeded(KafkaConsumer.java:1257)
	at org.apache.kafka.clients.consumer.KafkaConsumer.poll(KafkaConsumer.java:1226)
	at org.apache.kafka.clients.consumer.KafkaConsumer.poll(KafkaConsumer.java:1206)
	at com.example.frauddetection.kafka.MessageConsumer.lambda$startListening$0(MessageConsumer.java:78)
	at java.util.concurrent.FutureTask.run(FutureTask.java:266)
	at java.util.concurrent.ThreadPoolExecutor.runWorker(ThreadPoolExecutor.java:1149)
	at java.util.concurrent.ThreadPoolExecutor$Worker.run(ThreadPoolExecutor.java:624)
	at java.lang.Thread.run(Thread.java:748)
2025-01-22 09:42:19,132 WARN org.apache.kafka.clients.NetworkClient [pool-1-thread-1] [Consumer clientId=consumer-fraud-detection-group-1, groupId=fraud-detection-group] Error connecting to node sventaomac:9092 (id: 0 rack: null)
java.net.UnknownHostException: sventaomac
	at java.net.InetAddress.getAllByName0(InetAddress.java:1281)
	at java.net.InetAddress.getAllByName(InetAddress.java:1193)
	at java.net.InetAddress.getAllByName(InetAddress.java:1127)
	at org.apache.kafka.clients.DefaultHostResolver.resolve(DefaultHostResolver.java:27)
	at org.apache.kafka.clients.ClientUtils.resolve(ClientUtils.java:111)
	at org.apache.kafka.clients.ClusterConnectionStates$NodeConnectionState.currentAddress(ClusterConnectionStates.java:512)
	at org.apache.kafka.clients.ClusterConnectionStates$NodeConnectionState.access$200(ClusterConnectionStates.java:466)
	at org.apache.kafka.clients.ClusterConnectionStates.currentAddress(ClusterConnectionStates.java:172)
	at org.apache.kafka.clients.NetworkClient.initiateConnect(NetworkClient.java:1004)
	at org.apache.kafka.clients.NetworkClient.access$600(NetworkClient.java:75)
	at org.apache.kafka.clients.NetworkClient$DefaultMetadataUpdater.maybeUpdate(NetworkClient.java:1177)
	at org.apache.kafka.clients.NetworkClient$DefaultMetadataUpdater.maybeUpdate(NetworkClient.java:1065)
	at org.apache.kafka.clients.NetworkClient.poll(NetworkClient.java:561)
	at org.apache.kafka.clients.consumer.internals.ConsumerNetworkClient.poll(ConsumerNetworkClient.java:265)
	at org.apache.kafka.clients.consumer.internals.ConsumerNetworkClient.poll(ConsumerNetworkClient.java:236)
	at org.apache.kafka.clients.consumer.internals.ConsumerNetworkClient.poll(ConsumerNetworkClient.java:227)
	at org.apache.kafka.clients.consumer.internals.ConsumerNetworkClient.awaitMetadataUpdate(ConsumerNetworkClient.java:164)
	at org.apache.kafka.clients.consumer.internals.AbstractCoordinator.ensureCoordinatorReady(AbstractCoordinator.java:257)
	at org.apache.kafka.clients.consumer.internals.ConsumerCoordinator.poll(ConsumerCoordinator.java:480)
	at org.apache.kafka.clients.consumer.KafkaConsumer.updateAssignmentMetadataIfNeeded(KafkaConsumer.java:1257)
	at org.apache.kafka.clients.consumer.KafkaConsumer.poll(KafkaConsumer.java:1226)
	at org.apache.kafka.clients.consumer.KafkaConsumer.poll(KafkaConsumer.java:1206)
	at com.example.frauddetection.kafka.MessageConsumer.lambda$startListening$0(MessageConsumer.java:78)
	at java.util.concurrent.FutureTask.run(FutureTask.java:266)
	at java.util.concurrent.ThreadPoolExecutor.runWorker(ThreadPoolExecutor.java:1149)
	at java.util.concurrent.ThreadPoolExecutor$Worker.run(ThreadPoolExecutor.java:624)
	at java.lang.Thread.run(Thread.java:748)
2025-01-22 09:42:20,146 WARN org.apache.kafka.clients.NetworkClient [pool-1-thread-1] [Consumer clientId=consumer-fraud-detection-group-1, groupId=fraud-detection-group] Error connecting to node sventaomac:9092 (id: 0 rack: null)
java.net.UnknownHostException: sventaomac
	at java.net.InetAddress.getAllByName0(InetAddress.java:1281)
	at java.net.InetAddress.getAllByName(InetAddress.java:1193)
	at java.net.InetAddress.getAllByName(InetAddress.java:1127)
	at org.apache.kafka.clients.DefaultHostResolver.resolve(DefaultHostResolver.java:27)
	at org.apache.kafka.clients.ClientUtils.resolve(ClientUtils.java:111)
	at org.apache.kafka.clients.ClusterConnectionStates$NodeConnectionState.currentAddress(ClusterConnectionStates.java:512)
	at org.apache.kafka.clients.ClusterConnectionStates$NodeConnectionState.access$200(ClusterConnectionStates.java:466)
	at org.apache.kafka.clients.ClusterConnectionStates.currentAddress(ClusterConnectionStates.java:172)
	at org.apache.kafka.clients.NetworkClient.initiateConnect(NetworkClient.java:1004)
	at org.apache.kafka.clients.NetworkClient.access$600(NetworkClient.java:75)
	at org.apache.kafka.clients.NetworkClient$DefaultMetadataUpdater.maybeUpdate(NetworkClient.java:1177)
	at org.apache.kafka.clients.NetworkClient$DefaultMetadataUpdater.maybeUpdate(NetworkClient.java:1065)
	at org.apache.kafka.clients.NetworkClient.poll(NetworkClient.java:561)
	at org.apache.kafka.clients.consumer.internals.ConsumerNetworkClient.poll(ConsumerNetworkClient.java:265)
	at org.apache.kafka.clients.consumer.internals.ConsumerNetworkClient.poll(ConsumerNetworkClient.java:236)
	at org.apache.kafka.clients.consumer.internals.ConsumerNetworkClient.poll(ConsumerNetworkClient.java:227)
	at org.apache.kafka.clients.consumer.internals.ConsumerNetworkClient.awaitMetadataUpdate(ConsumerNetworkClient.java:164)
	at org.apache.kafka.clients.consumer.internals.AbstractCoordinator.ensureCoordinatorReady(AbstractCoordinator.java:257)
	at org.apache.kafka.clients.consumer.internals.ConsumerCoordinator.poll(ConsumerCoordinator.java:480)
	at org.apache.kafka.clients.consumer.KafkaConsumer.updateAssignmentMetadataIfNeeded(KafkaConsumer.java:1257)
	at org.apache.kafka.clients.consumer.KafkaConsumer.poll(KafkaConsumer.java:1226)
	at org.apache.kafka.clients.consumer.KafkaConsumer.poll(KafkaConsumer.java:1206)
	at com.example.frauddetection.kafka.MessageConsumer.lambda$startListening$0(MessageConsumer.java:78)
	at java.util.concurrent.FutureTask.run(FutureTask.java:266)
	at java.util.concurrent.ThreadPoolExecutor.runWorker(ThreadPoolExecutor.java:1149)
	at java.util.concurrent.ThreadPoolExecutor$Worker.run(ThreadPoolExecutor.java:624)
	at java.lang.Thread.run(Thread.java:748)
2025-01-22 09:42:21,062 WARN org.apache.kafka.clients.NetworkClient [pool-1-thread-1] [Consumer clientId=consumer-fraud-detection-group-1, groupId=fraud-detection-group] Error connecting to node sventaomac:9092 (id: 0 rack: null)
java.net.UnknownHostException: sventaomac: nodename nor servname provided, or not known
	at java.net.Inet6AddressImpl.lookupAllHostAddr(Native Method)
	at java.net.InetAddress$2.lookupAllHostAddr(InetAddress.java:929)
	at java.net.InetAddress.getAddressesFromNameService(InetAddress.java:1324)
	at java.net.InetAddress.getAllByName0(InetAddress.java:1277)
	at java.net.InetAddress.getAllByName(InetAddress.java:1193)
	at java.net.InetAddress.getAllByName(InetAddress.java:1127)
	at org.apache.kafka.clients.DefaultHostResolver.resolve(DefaultHostResolver.java:27)
	at org.apache.kafka.clients.ClientUtils.resolve(ClientUtils.java:111)
	at org.apache.kafka.clients.ClusterConnectionStates$NodeConnectionState.currentAddress(ClusterConnectionStates.java:512)
	at org.apache.kafka.clients.ClusterConnectionStates$NodeConnectionState.access$200(ClusterConnectionStates.java:466)
	at org.apache.kafka.clients.ClusterConnectionStates.currentAddress(ClusterConnectionStates.java:172)
	at org.apache.kafka.clients.NetworkClient.initiateConnect(NetworkClient.java:1004)
	at org.apache.kafka.clients.NetworkClient.access$600(NetworkClient.java:75)
	at org.apache.kafka.clients.NetworkClient$DefaultMetadataUpdater.maybeUpdate(NetworkClient.java:1177)
	at org.apache.kafka.clients.NetworkClient$DefaultMetadataUpdater.maybeUpdate(NetworkClient.java:1065)
	at org.apache.kafka.clients.NetworkClient.poll(NetworkClient.java:561)
	at org.apache.kafka.clients.consumer.internals.ConsumerNetworkClient.poll(ConsumerNetworkClient.java:265)
	at org.apache.kafka.clients.consumer.internals.ConsumerNetworkClient.poll(ConsumerNetworkClient.java:236)
	at org.apache.kafka.clients.consumer.internals.ConsumerNetworkClient.poll(ConsumerNetworkClient.java:227)
	at org.apache.kafka.clients.consumer.internals.ConsumerNetworkClient.awaitMetadataUpdate(ConsumerNetworkClient.java:164)
	at org.apache.kafka.clients.consumer.internals.AbstractCoordinator.ensureCoordinatorReady(AbstractCoordinator.java:257)
	at org.apache.kafka.clients.consumer.internals.ConsumerCoordinator.poll(ConsumerCoordinator.java:480)
	at org.apache.kafka.clients.consumer.KafkaConsumer.updateAssignmentMetadataIfNeeded(KafkaConsumer.java:1257)
	at org.apache.kafka.clients.consumer.KafkaConsumer.poll(KafkaConsumer.java:1226)
	at org.apache.kafka.clients.consumer.KafkaConsumer.poll(KafkaConsumer.java:1206)
	at com.example.frauddetection.kafka.MessageConsumer.lambda$startListening$0(MessageConsumer.java:78)
	at java.util.concurrent.FutureTask.run(FutureTask.java:266)
	at java.util.concurrent.ThreadPoolExecutor.runWorker(ThreadPoolExecutor.java:1149)
	at java.util.concurrent.ThreadPoolExecutor$Worker.run(ThreadPoolExecutor.java:624)
	at java.lang.Thread.run(Thread.java:748)
2025-01-22 09:42:21,715 WARN org.springframework.boot.StartupInfoLogger [main] InetAddress.getLocalHost().getHostName() took 5001 milliseconds to respond. Please verify your network configuration (macOS machines may need to add entries to /etc/hosts).
2025-01-22 09:42:21,922 WARN org.apache.kafka.clients.NetworkClient [pool-1-thread-1] [Consumer clientId=consumer-fraud-detection-group-1, groupId=fraud-detection-group] Error connecting to node sventaomac:9092 (id: 0 rack: null)
java.net.UnknownHostException: sventaomac
	at java.net.InetAddress.getAllByName0(InetAddress.java:1281)
	at java.net.InetAddress.getAllByName(InetAddress.java:1193)
	at java.net.InetAddress.getAllByName(InetAddress.java:1127)
	at org.apache.kafka.clients.DefaultHostResolver.resolve(DefaultHostResolver.java:27)
	at org.apache.kafka.clients.ClientUtils.resolve(ClientUtils.java:111)
	at org.apache.kafka.clients.ClusterConnectionStates$NodeConnectionState.currentAddress(ClusterConnectionStates.java:512)
	at org.apache.kafka.clients.ClusterConnectionStates$NodeConnectionState.access$200(ClusterConnectionStates.java:466)
	at org.apache.kafka.clients.ClusterConnectionStates.currentAddress(ClusterConnectionStates.java:172)
	at org.apache.kafka.clients.NetworkClient.initiateConnect(NetworkClient.java:1004)
	at org.apache.kafka.clients.NetworkClient.access$600(NetworkClient.java:75)
	at org.apache.kafka.clients.NetworkClient$DefaultMetadataUpdater.maybeUpdate(NetworkClient.java:1177)
	at org.apache.kafka.clients.NetworkClient$DefaultMetadataUpdater.maybeUpdate(NetworkClient.java:1065)
	at org.apache.kafka.clients.NetworkClient.poll(NetworkClient.java:561)
	at org.apache.kafka.clients.consumer.internals.ConsumerNetworkClient.poll(ConsumerNetworkClient.java:265)
	at org.apache.kafka.clients.consumer.internals.ConsumerNetworkClient.poll(ConsumerNetworkClient.java:236)
	at org.apache.kafka.clients.consumer.KafkaConsumer.pollForFetches(KafkaConsumer.java:1292)
	at org.apache.kafka.clients.consumer.KafkaConsumer.poll(KafkaConsumer.java:1233)
	at org.apache.kafka.clients.consumer.KafkaConsumer.poll(KafkaConsumer.java:1206)
	at com.example.frauddetection.kafka.MessageConsumer.lambda$startListening$0(MessageConsumer.java:78)
	at java.util.concurrent.FutureTask.run(FutureTask.java:266)
	at java.util.concurrent.ThreadPoolExecutor.runWorker(ThreadPoolExecutor.java:1149)
	at java.util.concurrent.ThreadPoolExecutor$Worker.run(ThreadPoolExecutor.java:624)
	at java.lang.Thread.run(Thread.java:748)
2025-01-22 09:42:22,730 WARN org.apache.kafka.clients.NetworkClient [pool-1-thread-1] [Consumer clientId=consumer-fraud-detection-group-1, groupId=fraud-detection-group] Error connecting to node sventaomac:9092 (id: 0 rack: null)
java.net.UnknownHostException: sventaomac
	at java.net.InetAddress.getAllByName0(InetAddress.java:1281)
	at java.net.InetAddress.getAllByName(InetAddress.java:1193)
	at java.net.InetAddress.getAllByName(InetAddress.java:1127)
	at org.apache.kafka.clients.DefaultHostResolver.resolve(DefaultHostResolver.java:27)
	at org.apache.kafka.clients.ClientUtils.resolve(ClientUtils.java:111)
	at org.apache.kafka.clients.ClusterConnectionStates$NodeConnectionState.currentAddress(ClusterConnectionStates.java:512)
	at org.apache.kafka.clients.ClusterConnectionStates$NodeConnectionState.access$200(ClusterConnectionStates.java:466)
	at org.apache.kafka.clients.ClusterConnectionStates.currentAddress(ClusterConnectionStates.java:172)
	at org.apache.kafka.clients.NetworkClient.initiateConnect(NetworkClient.java:1004)
	at org.apache.kafka.clients.NetworkClient.access$600(NetworkClient.java:75)
	at org.apache.kafka.clients.NetworkClient$DefaultMetadataUpdater.maybeUpdate(NetworkClient.java:1177)
	at org.apache.kafka.clients.NetworkClient$DefaultMetadataUpdater.maybeUpdate(NetworkClient.java:1065)
	at org.apache.kafka.clients.NetworkClient.poll(NetworkClient.java:561)
	at org.apache.kafka.clients.consumer.internals.ConsumerNetworkClient.poll(ConsumerNetworkClient.java:265)
	at org.apache.kafka.clients.consumer.internals.ConsumerNetworkClient.poll(ConsumerNetworkClient.java:236)
	at org.apache.kafka.clients.consumer.KafkaConsumer.pollForFetches(KafkaConsumer.java:1292)
	at org.apache.kafka.clients.consumer.KafkaConsumer.poll(KafkaConsumer.java:1233)
	at org.apache.kafka.clients.consumer.KafkaConsumer.poll(KafkaConsumer.java:1206)
	at com.example.frauddetection.kafka.MessageConsumer.lambda$startListening$0(MessageConsumer.java:78)
	at java.util.concurrent.FutureTask.run(FutureTask.java:266)
	at java.util.concurrent.ThreadPoolExecutor.runWorker(ThreadPoolExecutor.java:1149)
	at java.util.concurrent.ThreadPoolExecutor$Worker.run(ThreadPoolExecutor.java:624)
	at java.lang.Thread.run(Thread.java:748)
2025-01-22 09:42:23,845 WARN org.apache.kafka.clients.NetworkClient [pool-1-thread-1] [Consumer clientId=consumer-fraud-detection-group-1, groupId=fraud-detection-group] Error connecting to node sventaomac:9092 (id: 0 rack: null)
java.net.UnknownHostException: sventaomac
	at java.net.InetAddress.getAllByName0(InetAddress.java:1281)
	at java.net.InetAddress.getAllByName(InetAddress.java:1193)
	at java.net.InetAddress.getAllByName(InetAddress.java:1127)
	at org.apache.kafka.clients.DefaultHostResolver.resolve(DefaultHostResolver.java:27)
	at org.apache.kafka.clients.ClientUtils.resolve(ClientUtils.java:111)
	at org.apache.kafka.clients.ClusterConnectionStates$NodeConnectionState.currentAddress(ClusterConnectionStates.java:512)
	at org.apache.kafka.clients.ClusterConnectionStates$NodeConnectionState.access$200(ClusterConnectionStates.java:466)
	at org.apache.kafka.clients.ClusterConnectionStates.currentAddress(ClusterConnectionStates.java:172)
	at org.apache.kafka.clients.NetworkClient.initiateConnect(NetworkClient.java:1004)
	at org.apache.kafka.clients.NetworkClient.access$600(NetworkClient.java:75)
	at org.apache.kafka.clients.NetworkClient$DefaultMetadataUpdater.maybeUpdate(NetworkClient.java:1177)
	at org.apache.kafka.clients.NetworkClient$DefaultMetadataUpdater.maybeUpdate(NetworkClient.java:1065)
	at org.apache.kafka.clients.NetworkClient.poll(NetworkClient.java:561)
	at org.apache.kafka.clients.consumer.internals.ConsumerNetworkClient.poll(ConsumerNetworkClient.java:265)
	at org.apache.kafka.clients.consumer.internals.ConsumerNetworkClient.poll(ConsumerNetworkClient.java:236)
	at org.apache.kafka.clients.consumer.KafkaConsumer.pollForFetches(KafkaConsumer.java:1292)
	at org.apache.kafka.clients.consumer.KafkaConsumer.poll(KafkaConsumer.java:1233)
	at org.apache.kafka.clients.consumer.KafkaConsumer.poll(KafkaConsumer.java:1206)
	at com.example.frauddetection.kafka.MessageConsumer.lambda$startListening$0(MessageConsumer.java:78)
	at java.util.concurrent.FutureTask.run(FutureTask.java:266)
	at java.util.concurrent.ThreadPoolExecutor.runWorker(ThreadPoolExecutor.java:1149)
	at java.util.concurrent.ThreadPoolExecutor$Worker.run(ThreadPoolExecutor.java:624)
	at java.lang.Thread.run(Thread.java:748)
2025-01-22 09:42:24,812 WARN org.apache.kafka.clients.NetworkClient [pool-1-thread-1] [Consumer clientId=consumer-fraud-detection-group-1, groupId=fraud-detection-group] Error connecting to node sventaomac:9092 (id: 0 rack: null)
java.net.UnknownHostException: sventaomac
	at java.net.InetAddress.getAllByName0(InetAddress.java:1281)
	at java.net.InetAddress.getAllByName(InetAddress.java:1193)
	at java.net.InetAddress.getAllByName(InetAddress.java:1127)
	at org.apache.kafka.clients.DefaultHostResolver.resolve(DefaultHostResolver.java:27)
	at org.apache.kafka.clients.ClientUtils.resolve(ClientUtils.java:111)
	at org.apache.kafka.clients.ClusterConnectionStates$NodeConnectionState.currentAddress(ClusterConnectionStates.java:512)
	at org.apache.kafka.clients.ClusterConnectionStates$NodeConnectionState.access$200(ClusterConnectionStates.java:466)
	at org.apache.kafka.clients.ClusterConnectionStates.currentAddress(ClusterConnectionStates.java:172)
	at org.apache.kafka.clients.NetworkClient.initiateConnect(NetworkClient.java:1004)
	at org.apache.kafka.clients.NetworkClient.access$600(NetworkClient.java:75)
	at org.apache.kafka.clients.NetworkClient$DefaultMetadataUpdater.maybeUpdate(NetworkClient.java:1177)
	at org.apache.kafka.clients.NetworkClient$DefaultMetadataUpdater.maybeUpdate(NetworkClient.java:1065)
	at org.apache.kafka.clients.NetworkClient.poll(NetworkClient.java:561)
	at org.apache.kafka.clients.consumer.internals.ConsumerNetworkClient.poll(ConsumerNetworkClient.java:265)
	at org.apache.kafka.clients.consumer.internals.ConsumerNetworkClient.poll(ConsumerNetworkClient.java:236)
	at org.apache.kafka.clients.consumer.internals.ConsumerNetworkClient.poll(ConsumerNetworkClient.java:227)
	at org.apache.kafka.clients.consumer.internals.ConsumerNetworkClient.awaitMetadataUpdate(ConsumerNetworkClient.java:164)
	at org.apache.kafka.clients.consumer.internals.AbstractCoordinator.ensureCoordinatorReady(AbstractCoordinator.java:257)
	at org.apache.kafka.clients.consumer.internals.ConsumerCoordinator.poll(ConsumerCoordinator.java:480)
	at org.apache.kafka.clients.consumer.KafkaConsumer.updateAssignmentMetadataIfNeeded(KafkaConsumer.java:1257)
	at org.apache.kafka.clients.consumer.KafkaConsumer.poll(KafkaConsumer.java:1226)
	at org.apache.kafka.clients.consumer.KafkaConsumer.poll(KafkaConsumer.java:1206)
	at com.example.frauddetection.kafka.MessageConsumer.lambda$startListening$0(MessageConsumer.java:78)
	at java.util.concurrent.FutureTask.run(FutureTask.java:266)
	at java.util.concurrent.ThreadPoolExecutor.runWorker(ThreadPoolExecutor.java:1149)
	at java.util.concurrent.ThreadPoolExecutor$Worker.run(ThreadPoolExecutor.java:624)
	at java.lang.Thread.run(Thread.java:748)
2025-01-22 09:42:25,975 WARN org.apache.kafka.clients.NetworkClient [pool-1-thread-1] [Consumer clientId=consumer-fraud-detection-group-1, groupId=fraud-detection-group] Error connecting to node sventaomac:9092 (id: 0 rack: null)
java.net.UnknownHostException: sventaomac
	at java.net.InetAddress.getAllByName0(InetAddress.java:1281)
	at java.net.InetAddress.getAllByName(InetAddress.java:1193)
	at java.net.InetAddress.getAllByName(InetAddress.java:1127)
	at org.apache.kafka.clients.DefaultHostResolver.resolve(DefaultHostResolver.java:27)
	at org.apache.kafka.clients.ClientUtils.resolve(ClientUtils.java:111)
	at org.apache.kafka.clients.ClusterConnectionStates$NodeConnectionState.currentAddress(ClusterConnectionStates.java:512)
	at org.apache.kafka.clients.ClusterConnectionStates$NodeConnectionState.access$200(ClusterConnectionStates.java:466)
	at org.apache.kafka.clients.ClusterConnectionStates.currentAddress(ClusterConnectionStates.java:172)
	at org.apache.kafka.clients.NetworkClient.initiateConnect(NetworkClient.java:1004)
	at org.apache.kafka.clients.NetworkClient.access$600(NetworkClient.java:75)
	at org.apache.kafka.clients.NetworkClient$DefaultMetadataUpdater.maybeUpdate(NetworkClient.java:1177)
	at org.apache.kafka.clients.NetworkClient$DefaultMetadataUpdater.maybeUpdate(NetworkClient.java:1065)
	at org.apache.kafka.clients.NetworkClient.poll(NetworkClient.java:561)
	at org.apache.kafka.clients.consumer.internals.ConsumerNetworkClient.poll(ConsumerNetworkClient.java:265)
	at org.apache.kafka.clients.consumer.internals.ConsumerNetworkClient.poll(ConsumerNetworkClient.java:236)
	at org.apache.kafka.clients.consumer.KafkaConsumer.pollForFetches(KafkaConsumer.java:1292)
	at org.apache.kafka.clients.consumer.KafkaConsumer.poll(KafkaConsumer.java:1233)
	at org.apache.kafka.clients.consumer.KafkaConsumer.poll(KafkaConsumer.java:1206)
	at com.example.frauddetection.kafka.MessageConsumer.lambda$startListening$0(MessageConsumer.java:78)
	at java.util.concurrent.FutureTask.run(FutureTask.java:266)
	at java.util.concurrent.ThreadPoolExecutor.runWorker(ThreadPoolExecutor.java:1149)
	at java.util.concurrent.ThreadPoolExecutor$Worker.run(ThreadPoolExecutor.java:624)
	at java.lang.Thread.run(Thread.java:748)
2025-01-22 09:42:26,719 INFO com.example.frauddetection.FraudDetectionControllerTest [main] Starting FraudDetectionControllerTest using Java 1.8.0_231 on sventaoMac.local with PID 42649 (started by sventao in /Users/sventao/Documents/GK_CODE/fraud-detection)
2025-01-22 09:42:26,722 INFO com.example.frauddetection.FraudDetectionControllerTest [main] No active profile set, falling back to default profiles: default
2025-01-22 09:42:27,039 INFO org.springframework.data.repository.config.RepositoryConfigurationDelegate [main] Bootstrapping Spring Data JPA repositories in DEFAULT mode.
2025-01-22 09:42:27,054 INFO org.springframework.data.repository.config.RepositoryConfigurationDelegate [main] Finished Spring Data repository scanning in 15 ms. Found 2 JPA repository interfaces.
2025-01-22 09:42:27,137 WARN org.apache.kafka.clients.NetworkClient [pool-1-thread-1] [Consumer clientId=consumer-fraud-detection-group-1, groupId=fraud-detection-group] Error connecting to node sventaomac:9092 (id: 0 rack: null)
java.net.UnknownHostException: sventaomac
	at java.net.InetAddress.getAllByName0(InetAddress.java:1281)
	at java.net.InetAddress.getAllByName(InetAddress.java:1193)
	at java.net.InetAddress.getAllByName(InetAddress.java:1127)
	at org.apache.kafka.clients.DefaultHostResolver.resolve(DefaultHostResolver.java:27)
	at org.apache.kafka.clients.ClientUtils.resolve(ClientUtils.java:111)
	at org.apache.kafka.clients.ClusterConnectionStates$NodeConnectionState.currentAddress(ClusterConnectionStates.java:512)
	at org.apache.kafka.clients.ClusterConnectionStates$NodeConnectionState.access$200(ClusterConnectionStates.java:466)
	at org.apache.kafka.clients.ClusterConnectionStates.currentAddress(ClusterConnectionStates.java:172)
	at org.apache.kafka.clients.NetworkClient.initiateConnect(NetworkClient.java:1004)
	at org.apache.kafka.clients.NetworkClient.access$600(NetworkClient.java:75)
	at org.apache.kafka.clients.NetworkClient$DefaultMetadataUpdater.maybeUpdate(NetworkClient.java:1177)
	at org.apache.kafka.clients.NetworkClient$DefaultMetadataUpdater.maybeUpdate(NetworkClient.java:1065)
	at org.apache.kafka.clients.NetworkClient.poll(NetworkClient.java:561)
	at org.apache.kafka.clients.consumer.internals.ConsumerNetworkClient.poll(ConsumerNetworkClient.java:265)
	at org.apache.kafka.clients.consumer.internals.ConsumerNetworkClient.poll(ConsumerNetworkClient.java:236)
	at org.apache.kafka.clients.consumer.internals.ConsumerNetworkClient.poll(ConsumerNetworkClient.java:227)
	at org.apache.kafka.clients.consumer.internals.ConsumerNetworkClient.awaitMetadataUpdate(ConsumerNetworkClient.java:164)
	at org.apache.kafka.clients.consumer.internals.AbstractCoordinator.ensureCoordinatorReady(AbstractCoordinator.java:257)
	at org.apache.kafka.clients.consumer.internals.ConsumerCoordinator.poll(ConsumerCoordinator.java:480)
	at org.apache.kafka.clients.consumer.KafkaConsumer.updateAssignmentMetadataIfNeeded(KafkaConsumer.java:1257)
	at org.apache.kafka.clients.consumer.KafkaConsumer.poll(KafkaConsumer.java:1226)
	at org.apache.kafka.clients.consumer.KafkaConsumer.poll(KafkaConsumer.java:1206)
	at com.example.frauddetection.kafka.MessageConsumer.lambda$startListening$0(MessageConsumer.java:78)
	at java.util.concurrent.FutureTask.run(FutureTask.java:266)
	at java.util.concurrent.ThreadPoolExecutor.runWorker(ThreadPoolExecutor.java:1149)
	at java.util.concurrent.ThreadPoolExecutor$Worker.run(ThreadPoolExecutor.java:624)
	at java.lang.Thread.run(Thread.java:748)
2025-01-22 09:42:27,214 INFO com.zaxxer.hikari.HikariDataSource [main] HikariPool-2 - Starting...
2025-01-22 09:42:27,215 INFO com.zaxxer.hikari.HikariDataSource [main] HikariPool-2 - Start completed.
2025-01-22 09:42:27,275 INFO org.hibernate.jpa.internal.util.LogHelper [main] HHH000204: Processing PersistenceUnitInfo [name: default]
2025-01-22 09:42:27,281 INFO org.hibernate.dialect.Dialect [main] HHH000400: Using dialect: org.hibernate.dialect.H2Dialect
2025-01-22 09:42:27,376 INFO org.hibernate.engine.transaction.jta.platform.internal.JtaPlatformInitiator [main] HHH000490: Using JtaPlatform implementation: [org.hibernate.engine.transaction.jta.platform.internal.NoJtaPlatform]
2025-01-22 09:42:27,377 INFO org.springframework.orm.jpa.LocalContainerEntityManagerFactoryBean [main] Initialized JPA EntityManagerFactory for persistence unit 'default'
2025-01-22 09:42:27,591 INFO org.apache.kafka.clients.consumer.ConsumerConfig [main] ConsumerConfig values: 
	allow.auto.create.topics = true
	auto.commit.interval.ms = 1000
	auto.offset.reset = latest
	bootstrap.servers = [localhost:9092]
	check.crcs = true
	client.dns.lookup = use_all_dns_ips
	client.id = consumer-fraud-detection-group-2
	client.rack = 
	connections.max.idle.ms = 540000
	default.api.timeout.ms = 60000
	enable.auto.commit = true
	exclude.internal.topics = true
	fetch.max.bytes = 52428800
	fetch.max.wait.ms = 500
	fetch.min.bytes = 1
	group.id = fraud-detection-group
	group.instance.id = null
	heartbeat.interval.ms = 3000
	interceptor.classes = []
	internal.leave.group.on.close = true
	internal.throw.on.fetch.stable.offset.unsupported = false
	isolation.level = read_uncommitted
	key.deserializer = class org.apache.kafka.common.serialization.StringDeserializer
	max.partition.fetch.bytes = 1048576
	max.poll.interval.ms = 300000
	max.poll.records = 500
	metadata.max.age.ms = 300000
	metric.reporters = []
	metrics.num.samples = 2
	metrics.recording.level = INFO
	metrics.sample.window.ms = 30000
	partition.assignment.strategy = [class org.apache.kafka.clients.consumer.RangeAssignor]
	receive.buffer.bytes = 65536
	reconnect.backoff.max.ms = 1000
	reconnect.backoff.ms = 50
	request.timeout.ms = 30000
	retry.backoff.ms = 100
	sasl.client.callback.handler.class = null
	sasl.jaas.config = null
	sasl.kerberos.kinit.cmd = /usr/bin/kinit
	sasl.kerberos.min.time.before.relogin = 60000
	sasl.kerberos.service.name = null
	sasl.kerberos.ticket.renew.jitter = 0.05
	sasl.kerberos.ticket.renew.window.factor = 0.8
	sasl.login.callback.handler.class = null
	sasl.login.class = null
	sasl.login.refresh.buffer.seconds = 300
	sasl.login.refresh.min.period.seconds = 60
	sasl.login.refresh.window.factor = 0.8
	sasl.login.refresh.window.jitter = 0.05
	sasl.mechanism = GSSAPI
	security.protocol = PLAINTEXT
	security.providers = null
	send.buffer.bytes = 131072
	session.timeout.ms = 30000
	socket.connection.setup.timeout.max.ms = 127000
	socket.connection.setup.timeout.ms = 10000
	ssl.cipher.suites = null
	ssl.enabled.protocols = [TLSv1.2]
	ssl.endpoint.identification.algorithm = https
	ssl.engine.factory.class = null
	ssl.key.password = null
	ssl.keymanager.algorithm = SunX509
	ssl.keystore.certificate.chain = null
	ssl.keystore.key = null
	ssl.keystore.location = null
	ssl.keystore.password = null
	ssl.keystore.type = JKS
	ssl.protocol = TLSv1.2
	ssl.provider = null
	ssl.secure.random.implementation = null
	ssl.trustmanager.algorithm = PKIX
	ssl.truststore.certificates = null
	ssl.truststore.location = null
	ssl.truststore.password = null
	ssl.truststore.type = JKS
	value.deserializer = class org.apache.kafka.common.serialization.StringDeserializer

2025-01-22 09:42:27,603 INFO org.apache.kafka.common.utils.AppInfoParser [main] Kafka version: 2.7.1
2025-01-22 09:42:27,603 INFO org.apache.kafka.common.utils.AppInfoParser [main] Kafka commitId: 61dbce85d0d41457
2025-01-22 09:42:27,603 INFO org.apache.kafka.common.utils.AppInfoParser [main] Kafka startTimeMs: 1737510147603
2025-01-22 09:42:27,605 INFO org.apache.kafka.clients.consumer.KafkaConsumer [pool-4-thread-1] [Consumer clientId=consumer-fraud-detection-group-2, groupId=fraud-detection-group] Subscribed to topic(s): fraud-detection-topic
2025-01-22 09:42:27,626 INFO org.apache.kafka.clients.Metadata [pool-4-thread-1] [Consumer clientId=consumer-fraud-detection-group-2, groupId=fraud-detection-group] Cluster ID: YMIwkYKRRA68ysH0Laa-Lg
2025-01-22 09:42:27,630 INFO org.apache.kafka.clients.consumer.internals.AbstractCoordinator [pool-4-thread-1] [Consumer clientId=consumer-fraud-detection-group-2, groupId=fraud-detection-group] Discovered group coordinator sventaomac:9092 (id: 2147483647 rack: null)
2025-01-22 09:42:27,631 WARN org.apache.kafka.clients.NetworkClient [pool-4-thread-1] [Consumer clientId=consumer-fraud-detection-group-2, groupId=fraud-detection-group] Error connecting to node sventaomac:9092 (id: 2147483647 rack: null)
java.net.UnknownHostException: sventaomac
	at java.net.InetAddress.getAllByName0(InetAddress.java:1281)
	at java.net.InetAddress.getAllByName(InetAddress.java:1193)
	at java.net.InetAddress.getAllByName(InetAddress.java:1127)
	at org.apache.kafka.clients.DefaultHostResolver.resolve(DefaultHostResolver.java:27)
	at org.apache.kafka.clients.ClientUtils.resolve(ClientUtils.java:111)
	at org.apache.kafka.clients.ClusterConnectionStates$NodeConnectionState.currentAddress(ClusterConnectionStates.java:512)
	at org.apache.kafka.clients.ClusterConnectionStates$NodeConnectionState.access$200(ClusterConnectionStates.java:466)
	at org.apache.kafka.clients.ClusterConnectionStates.currentAddress(ClusterConnectionStates.java:172)
	at org.apache.kafka.clients.NetworkClient.initiateConnect(NetworkClient.java:1004)
	at org.apache.kafka.clients.NetworkClient.ready(NetworkClient.java:313)
	at org.apache.kafka.clients.consumer.internals.ConsumerNetworkClient.tryConnect(ConsumerNetworkClient.java:575)
	at org.apache.kafka.clients.consumer.internals.AbstractCoordinator$FindCoordinatorResponseHandler.onSuccess(AbstractCoordinator.java:845)
	at org.apache.kafka.clients.consumer.internals.AbstractCoordinator$FindCoordinatorResponseHandler.onSuccess(AbstractCoordinator.java:826)
	at org.apache.kafka.clients.consumer.internals.RequestFuture$1.onSuccess(RequestFuture.java:206)
	at org.apache.kafka.clients.consumer.internals.RequestFuture.fireSuccess(RequestFuture.java:169)
	at org.apache.kafka.clients.consumer.internals.RequestFuture.complete(RequestFuture.java:129)
	at org.apache.kafka.clients.consumer.internals.ConsumerNetworkClient$RequestFutureCompletionHandler.fireCompletion(ConsumerNetworkClient.java:602)
	at org.apache.kafka.clients.consumer.internals.ConsumerNetworkClient.firePendingCompletedRequests(ConsumerNetworkClient.java:412)
	at org.apache.kafka.clients.consumer.internals.ConsumerNetworkClient.poll(ConsumerNetworkClient.java:297)
	at org.apache.kafka.clients.consumer.internals.ConsumerNetworkClient.poll(ConsumerNetworkClient.java:236)
	at org.apache.kafka.clients.consumer.internals.ConsumerNetworkClient.poll(ConsumerNetworkClient.java:215)
	at org.apache.kafka.clients.consumer.internals.AbstractCoordinator.ensureCoordinatorReady(AbstractCoordinator.java:245)
	at org.apache.kafka.clients.consumer.internals.ConsumerCoordinator.poll(ConsumerCoordinator.java:480)
	at org.apache.kafka.clients.consumer.KafkaConsumer.updateAssignmentMetadataIfNeeded(KafkaConsumer.java:1257)
	at org.apache.kafka.clients.consumer.KafkaConsumer.poll(KafkaConsumer.java:1226)
	at org.apache.kafka.clients.consumer.KafkaConsumer.poll(KafkaConsumer.java:1206)
	at com.example.frauddetection.kafka.MessageConsumer.lambda$startListening$0(MessageConsumer.java:78)
	at java.util.concurrent.FutureTask.run(FutureTask.java:266)
	at java.util.concurrent.ThreadPoolExecutor.runWorker(ThreadPoolExecutor.java:1149)
	at java.util.concurrent.ThreadPoolExecutor$Worker.run(ThreadPoolExecutor.java:624)
	at java.lang.Thread.run(Thread.java:748)
2025-01-22 09:42:27,632 INFO org.apache.kafka.clients.consumer.internals.AbstractCoordinator [pool-4-thread-1] [Consumer clientId=consumer-fraud-detection-group-2, groupId=fraud-detection-group] Group coordinator sventaomac:9092 (id: 2147483647 rack: null) is unavailable or invalid due to cause: coordinator unavailable.isDisconnected: false. Rediscovery will be attempted.
2025-01-22 09:42:27,708 WARN org.apache.kafka.clients.NetworkClient [pool-4-thread-1] [Consumer clientId=consumer-fraud-detection-group-2, groupId=fraud-detection-group] Error connecting to node sventaomac:9092 (id: 0 rack: null)
java.net.UnknownHostException: sventaomac
	at java.net.InetAddress.getAllByName0(InetAddress.java:1281)
	at java.net.InetAddress.getAllByName(InetAddress.java:1193)
	at java.net.InetAddress.getAllByName(InetAddress.java:1127)
	at org.apache.kafka.clients.DefaultHostResolver.resolve(DefaultHostResolver.java:27)
	at org.apache.kafka.clients.ClientUtils.resolve(ClientUtils.java:111)
	at org.apache.kafka.clients.ClusterConnectionStates$NodeConnectionState.currentAddress(ClusterConnectionStates.java:512)
	at org.apache.kafka.clients.ClusterConnectionStates$NodeConnectionState.access$200(ClusterConnectionStates.java:466)
	at org.apache.kafka.clients.ClusterConnectionStates.currentAddress(ClusterConnectionStates.java:172)
	at org.apache.kafka.clients.NetworkClient.initiateConnect(NetworkClient.java:1004)
	at org.apache.kafka.clients.NetworkClient.ready(NetworkClient.java:313)
	at org.apache.kafka.clients.consumer.internals.ConsumerNetworkClient.trySend(ConsumerNetworkClient.java:498)
	at org.apache.kafka.clients.consumer.internals.ConsumerNetworkClient.poll(ConsumerNetworkClient.java:255)
	at org.apache.kafka.clients.consumer.internals.ConsumerNetworkClient.poll(ConsumerNetworkClient.java:236)
	at org.apache.kafka.clients.consumer.internals.ConsumerNetworkClient.poll(ConsumerNetworkClient.java:215)
	at org.apache.kafka.clients.consumer.internals.AbstractCoordinator.ensureCoordinatorReady(AbstractCoordinator.java:245)
	at org.apache.kafka.clients.consumer.internals.ConsumerCoordinator.poll(ConsumerCoordinator.java:480)
	at org.apache.kafka.clients.consumer.KafkaConsumer.updateAssignmentMetadataIfNeeded(KafkaConsumer.java:1257)
	at org.apache.kafka.clients.consumer.KafkaConsumer.poll(KafkaConsumer.java:1226)
	at org.apache.kafka.clients.consumer.KafkaConsumer.poll(KafkaConsumer.java:1206)
	at com.example.frauddetection.kafka.MessageConsumer.lambda$startListening$0(MessageConsumer.java:78)
	at java.util.concurrent.FutureTask.run(FutureTask.java:266)
	at java.util.concurrent.ThreadPoolExecutor.runWorker(ThreadPoolExecutor.java:1149)
	at java.util.concurrent.ThreadPoolExecutor$Worker.run(ThreadPoolExecutor.java:624)
	at java.lang.Thread.run(Thread.java:748)
2025-01-22 09:42:27,765 WARN org.springframework.boot.autoconfigure.orm.jpa.JpaBaseConfiguration$JpaWebConfiguration [main] spring.jpa.open-in-view is enabled by default. Therefore, database queries may be performed during view rendering. Explicitly configure spring.jpa.open-in-view to disable this warning
2025-01-22 09:42:27,777 WARN org.apache.kafka.clients.NetworkClient [pool-4-thread-1] [Consumer clientId=consumer-fraud-detection-group-2, groupId=fraud-detection-group] Error connecting to node sventaomac:9092 (id: 0 rack: null)
java.net.UnknownHostException: sventaomac
	at java.net.InetAddress.getAllByName0(InetAddress.java:1281)
	at java.net.InetAddress.getAllByName(InetAddress.java:1193)
	at java.net.InetAddress.getAllByName(InetAddress.java:1127)
	at org.apache.kafka.clients.DefaultHostResolver.resolve(DefaultHostResolver.java:27)
	at org.apache.kafka.clients.ClientUtils.resolve(ClientUtils.java:111)
	at org.apache.kafka.clients.ClusterConnectionStates$NodeConnectionState.currentAddress(ClusterConnectionStates.java:512)
	at org.apache.kafka.clients.ClusterConnectionStates$NodeConnectionState.access$200(ClusterConnectionStates.java:466)
	at org.apache.kafka.clients.ClusterConnectionStates.currentAddress(ClusterConnectionStates.java:172)
	at org.apache.kafka.clients.NetworkClient.initiateConnect(NetworkClient.java:1004)
	at org.apache.kafka.clients.NetworkClient.access$600(NetworkClient.java:75)
	at org.apache.kafka.clients.NetworkClient$DefaultMetadataUpdater.maybeUpdate(NetworkClient.java:1177)
	at org.apache.kafka.clients.NetworkClient$DefaultMetadataUpdater.maybeUpdate(NetworkClient.java:1065)
	at org.apache.kafka.clients.NetworkClient.poll(NetworkClient.java:561)
	at org.apache.kafka.clients.consumer.internals.ConsumerNetworkClient.poll(ConsumerNetworkClient.java:265)
	at org.apache.kafka.clients.consumer.internals.ConsumerNetworkClient.poll(ConsumerNetworkClient.java:236)
	at org.apache.kafka.clients.consumer.internals.ConsumerNetworkClient.poll(ConsumerNetworkClient.java:227)
	at org.apache.kafka.clients.consumer.internals.ConsumerNetworkClient.awaitMetadataUpdate(ConsumerNetworkClient.java:164)
	at org.apache.kafka.clients.consumer.internals.AbstractCoordinator.ensureCoordinatorReady(AbstractCoordinator.java:257)
	at org.apache.kafka.clients.consumer.internals.ConsumerCoordinator.poll(ConsumerCoordinator.java:480)
	at org.apache.kafka.clients.consumer.KafkaConsumer.updateAssignmentMetadataIfNeeded(KafkaConsumer.java:1257)
	at org.apache.kafka.clients.consumer.KafkaConsumer.poll(KafkaConsumer.java:1226)
	at org.apache.kafka.clients.consumer.KafkaConsumer.poll(KafkaConsumer.java:1206)
	at com.example.frauddetection.kafka.MessageConsumer.lambda$startListening$0(MessageConsumer.java:78)
	at java.util.concurrent.FutureTask.run(FutureTask.java:266)
	at java.util.concurrent.ThreadPoolExecutor.runWorker(ThreadPoolExecutor.java:1149)
	at java.util.concurrent.ThreadPoolExecutor$Worker.run(ThreadPoolExecutor.java:624)
	at java.lang.Thread.run(Thread.java:748)
2025-01-22 09:42:27,910 WARN org.apache.kafka.clients.NetworkClient [pool-4-thread-1] [Consumer clientId=consumer-fraud-detection-group-2, groupId=fraud-detection-group] Error connecting to node sventaomac:9092 (id: 0 rack: null)
java.net.UnknownHostException: sventaomac
	at java.net.InetAddress.getAllByName0(InetAddress.java:1281)
	at java.net.InetAddress.getAllByName(InetAddress.java:1193)
	at java.net.InetAddress.getAllByName(InetAddress.java:1127)
	at org.apache.kafka.clients.DefaultHostResolver.resolve(DefaultHostResolver.java:27)
	at org.apache.kafka.clients.ClientUtils.resolve(ClientUtils.java:111)
	at org.apache.kafka.clients.ClusterConnectionStates$NodeConnectionState.currentAddress(ClusterConnectionStates.java:512)
	at org.apache.kafka.clients.ClusterConnectionStates$NodeConnectionState.access$200(ClusterConnectionStates.java:466)
	at org.apache.kafka.clients.ClusterConnectionStates.currentAddress(ClusterConnectionStates.java:172)
	at org.apache.kafka.clients.NetworkClient.initiateConnect(NetworkClient.java:1004)
	at org.apache.kafka.clients.NetworkClient.access$600(NetworkClient.java:75)
	at org.apache.kafka.clients.NetworkClient$DefaultMetadataUpdater.maybeUpdate(NetworkClient.java:1177)
	at org.apache.kafka.clients.NetworkClient$DefaultMetadataUpdater.maybeUpdate(NetworkClient.java:1065)
	at org.apache.kafka.clients.NetworkClient.poll(NetworkClient.java:561)
	at org.apache.kafka.clients.consumer.internals.ConsumerNetworkClient.poll(ConsumerNetworkClient.java:265)
	at org.apache.kafka.clients.consumer.internals.ConsumerNetworkClient.poll(ConsumerNetworkClient.java:236)
	at org.apache.kafka.clients.consumer.KafkaConsumer.pollForFetches(KafkaConsumer.java:1292)
	at org.apache.kafka.clients.consumer.KafkaConsumer.poll(KafkaConsumer.java:1233)
	at org.apache.kafka.clients.consumer.KafkaConsumer.poll(KafkaConsumer.java:1206)
	at com.example.frauddetection.kafka.MessageConsumer.lambda$startListening$0(MessageConsumer.java:78)
	at java.util.concurrent.FutureTask.run(FutureTask.java:266)
	at java.util.concurrent.ThreadPoolExecutor.runWorker(ThreadPoolExecutor.java:1149)
	at java.util.concurrent.ThreadPoolExecutor$Worker.run(ThreadPoolExecutor.java:624)
	at java.lang.Thread.run(Thread.java:748)
2025-01-22 09:42:27,956 INFO org.springframework.boot.autoconfigure.h2.H2ConsoleAutoConfiguration [main] H2 console available at '/h2-console'. Database available at 'jdbc:h2:mem:fraud_db'
2025-01-22 09:42:28,111 WARN org.apache.kafka.clients.NetworkClient [pool-4-thread-1] [Consumer clientId=consumer-fraud-detection-group-2, groupId=fraud-detection-group] Error connecting to node sventaomac:9092 (id: 0 rack: null)
java.net.UnknownHostException: sventaomac
	at java.net.InetAddress.getAllByName0(InetAddress.java:1281)
	at java.net.InetAddress.getAllByName(InetAddress.java:1193)
	at java.net.InetAddress.getAllByName(InetAddress.java:1127)
	at org.apache.kafka.clients.DefaultHostResolver.resolve(DefaultHostResolver.java:27)
	at org.apache.kafka.clients.ClientUtils.resolve(ClientUtils.java:111)
	at org.apache.kafka.clients.ClusterConnectionStates$NodeConnectionState.currentAddress(ClusterConnectionStates.java:512)
	at org.apache.kafka.clients.ClusterConnectionStates$NodeConnectionState.access$200(ClusterConnectionStates.java:466)
	at org.apache.kafka.clients.ClusterConnectionStates.currentAddress(ClusterConnectionStates.java:172)
	at org.apache.kafka.clients.NetworkClient.initiateConnect(NetworkClient.java:1004)
	at org.apache.kafka.clients.NetworkClient.access$600(NetworkClient.java:75)
	at org.apache.kafka.clients.NetworkClient$DefaultMetadataUpdater.maybeUpdate(NetworkClient.java:1177)
	at org.apache.kafka.clients.NetworkClient$DefaultMetadataUpdater.maybeUpdate(NetworkClient.java:1065)
	at org.apache.kafka.clients.NetworkClient.poll(NetworkClient.java:561)
	at org.apache.kafka.clients.consumer.internals.ConsumerNetworkClient.poll(ConsumerNetworkClient.java:265)
	at org.apache.kafka.clients.consumer.internals.ConsumerNetworkClient.poll(ConsumerNetworkClient.java:236)
	at org.apache.kafka.clients.consumer.KafkaConsumer.pollForFetches(KafkaConsumer.java:1292)
	at org.apache.kafka.clients.consumer.KafkaConsumer.poll(KafkaConsumer.java:1233)
	at org.apache.kafka.clients.consumer.KafkaConsumer.poll(KafkaConsumer.java:1206)
	at com.example.frauddetection.kafka.MessageConsumer.lambda$startListening$0(MessageConsumer.java:78)
	at java.util.concurrent.FutureTask.run(FutureTask.java:266)
	at java.util.concurrent.ThreadPoolExecutor.runWorker(ThreadPoolExecutor.java:1149)
	at java.util.concurrent.ThreadPoolExecutor$Worker.run(ThreadPoolExecutor.java:624)
	at java.lang.Thread.run(Thread.java:748)
2025-01-22 09:42:28,199 WARN org.apache.kafka.clients.NetworkClient [pool-1-thread-1] [Consumer clientId=consumer-fraud-detection-group-1, groupId=fraud-detection-group] Error connecting to node sventaomac:9092 (id: 0 rack: null)
java.net.UnknownHostException: sventaomac
	at java.net.InetAddress.getAllByName0(InetAddress.java:1281)
	at java.net.InetAddress.getAllByName(InetAddress.java:1193)
	at java.net.InetAddress.getAllByName(InetAddress.java:1127)
	at org.apache.kafka.clients.DefaultHostResolver.resolve(DefaultHostResolver.java:27)
	at org.apache.kafka.clients.ClientUtils.resolve(ClientUtils.java:111)
	at org.apache.kafka.clients.ClusterConnectionStates$NodeConnectionState.currentAddress(ClusterConnectionStates.java:512)
	at org.apache.kafka.clients.ClusterConnectionStates$NodeConnectionState.access$200(ClusterConnectionStates.java:466)
	at org.apache.kafka.clients.ClusterConnectionStates.currentAddress(ClusterConnectionStates.java:172)
	at org.apache.kafka.clients.NetworkClient.initiateConnect(NetworkClient.java:1004)
	at org.apache.kafka.clients.NetworkClient.access$600(NetworkClient.java:75)
	at org.apache.kafka.clients.NetworkClient$DefaultMetadataUpdater.maybeUpdate(NetworkClient.java:1177)
	at org.apache.kafka.clients.NetworkClient$DefaultMetadataUpdater.maybeUpdate(NetworkClient.java:1065)
	at org.apache.kafka.clients.NetworkClient.poll(NetworkClient.java:561)
	at org.apache.kafka.clients.consumer.internals.ConsumerNetworkClient.poll(ConsumerNetworkClient.java:265)
	at org.apache.kafka.clients.consumer.internals.ConsumerNetworkClient.poll(ConsumerNetworkClient.java:236)
	at org.apache.kafka.clients.consumer.KafkaConsumer.pollForFetches(KafkaConsumer.java:1292)
	at org.apache.kafka.clients.consumer.KafkaConsumer.poll(KafkaConsumer.java:1233)
	at org.apache.kafka.clients.consumer.KafkaConsumer.poll(KafkaConsumer.java:1206)
	at com.example.frauddetection.kafka.MessageConsumer.lambda$startListening$0(MessageConsumer.java:78)
	at java.util.concurrent.FutureTask.run(FutureTask.java:266)
	at java.util.concurrent.ThreadPoolExecutor.runWorker(ThreadPoolExecutor.java:1149)
	at java.util.concurrent.ThreadPoolExecutor$Worker.run(ThreadPoolExecutor.java:624)
	at java.lang.Thread.run(Thread.java:748)
2025-01-22 09:42:28,301 INFO org.springframework.boot.test.mock.web.SpringBootMockServletContext [main] Initializing Spring TestDispatcherServlet ''
2025-01-22 09:42:28,301 INFO org.springframework.test.web.servlet.TestDispatcherServlet [main] Initializing Servlet ''
2025-01-22 09:42:28,303 INFO org.springframework.test.web.servlet.TestDispatcherServlet [main] Completed initialization in 2 ms
2025-01-22 09:42:28,316 INFO com.example.frauddetection.FraudDetectionControllerTest [main] Started FraudDetectionControllerTest in 16.644 seconds (JVM running for 46.735)
2025-01-22 09:42:28,564 WARN org.apache.kafka.clients.NetworkClient [pool-4-thread-1] [Consumer clientId=consumer-fraud-detection-group-2, groupId=fraud-detection-group] Error connecting to node sventaomac:9092 (id: 0 rack: null)
java.net.UnknownHostException: sventaomac
	at java.net.InetAddress.getAllByName0(InetAddress.java:1281)
	at java.net.InetAddress.getAllByName(InetAddress.java:1193)
	at java.net.InetAddress.getAllByName(InetAddress.java:1127)
	at org.apache.kafka.clients.DefaultHostResolver.resolve(DefaultHostResolver.java:27)
	at org.apache.kafka.clients.ClientUtils.resolve(ClientUtils.java:111)
	at org.apache.kafka.clients.ClusterConnectionStates$NodeConnectionState.currentAddress(ClusterConnectionStates.java:512)
	at org.apache.kafka.clients.ClusterConnectionStates$NodeConnectionState.access$200(ClusterConnectionStates.java:466)
	at org.apache.kafka.clients.ClusterConnectionStates.currentAddress(ClusterConnectionStates.java:172)
	at org.apache.kafka.clients.NetworkClient.initiateConnect(NetworkClient.java:1004)
	at org.apache.kafka.clients.NetworkClient.access$600(NetworkClient.java:75)
	at org.apache.kafka.clients.NetworkClient$DefaultMetadataUpdater.maybeUpdate(NetworkClient.java:1177)
	at org.apache.kafka.clients.NetworkClient$DefaultMetadataUpdater.maybeUpdate(NetworkClient.java:1065)
	at org.apache.kafka.clients.NetworkClient.poll(NetworkClient.java:561)
	at org.apache.kafka.clients.consumer.internals.ConsumerNetworkClient.poll(ConsumerNetworkClient.java:265)
	at org.apache.kafka.clients.consumer.internals.ConsumerNetworkClient.poll(ConsumerNetworkClient.java:236)
	at org.apache.kafka.clients.consumer.internals.ConsumerNetworkClient.poll(ConsumerNetworkClient.java:227)
	at org.apache.kafka.clients.consumer.internals.ConsumerNetworkClient.awaitMetadataUpdate(ConsumerNetworkClient.java:164)
	at org.apache.kafka.clients.consumer.internals.AbstractCoordinator.ensureCoordinatorReady(AbstractCoordinator.java:257)
	at org.apache.kafka.clients.consumer.internals.ConsumerCoordinator.poll(ConsumerCoordinator.java:480)
	at org.apache.kafka.clients.consumer.KafkaConsumer.updateAssignmentMetadataIfNeeded(KafkaConsumer.java:1257)
	at org.apache.kafka.clients.consumer.KafkaConsumer.poll(KafkaConsumer.java:1226)
	at org.apache.kafka.clients.consumer.KafkaConsumer.poll(KafkaConsumer.java:1206)
	at com.example.frauddetection.kafka.MessageConsumer.lambda$startListening$0(MessageConsumer.java:78)
	at java.util.concurrent.FutureTask.run(FutureTask.java:266)
	at java.util.concurrent.ThreadPoolExecutor.runWorker(ThreadPoolExecutor.java:1149)
	at java.util.concurrent.ThreadPoolExecutor$Worker.run(ThreadPoolExecutor.java:624)
	at java.lang.Thread.run(Thread.java:748)
2025-01-22 09:42:28,841 INFO org.apache.kafka.clients.producer.ProducerConfig [main] ProducerConfig values: 
	acks = 1
	batch.size = 16384
	bootstrap.servers = [localhost:9092]
	buffer.memory = 33554432
	client.dns.lookup = use_all_dns_ips
	client.id = producer-1
	compression.type = none
	connections.max.idle.ms = 540000
	delivery.timeout.ms = 120000
	enable.idempotence = false
	interceptor.classes = []
	internal.auto.downgrade.txn.commit = false
	key.serializer = class org.apache.kafka.common.serialization.StringSerializer
	linger.ms = 0
	max.block.ms = 60000
	max.in.flight.requests.per.connection = 5
	max.request.size = 1048576
	metadata.max.age.ms = 300000
	metadata.max.idle.ms = 300000
	metric.reporters = []
	metrics.num.samples = 2
	metrics.recording.level = INFO
	metrics.sample.window.ms = 30000
	partitioner.class = class org.apache.kafka.clients.producer.internals.DefaultPartitioner
	receive.buffer.bytes = 32768
	reconnect.backoff.max.ms = 1000
	reconnect.backoff.ms = 50
	request.timeout.ms = 30000
	retries = 2147483647
	retry.backoff.ms = 100
	sasl.client.callback.handler.class = null
	sasl.jaas.config = null
	sasl.kerberos.kinit.cmd = /usr/bin/kinit
	sasl.kerberos.min.time.before.relogin = 60000
	sasl.kerberos.service.name = null
	sasl.kerberos.ticket.renew.jitter = 0.05
	sasl.kerberos.ticket.renew.window.factor = 0.8
	sasl.login.callback.handler.class = null
	sasl.login.class = null
	sasl.login.refresh.buffer.seconds = 300
	sasl.login.refresh.min.period.seconds = 60
	sasl.login.refresh.window.factor = 0.8
	sasl.login.refresh.window.jitter = 0.05
	sasl.mechanism = GSSAPI
	security.protocol = PLAINTEXT
	security.providers = null
	send.buffer.bytes = 131072
	socket.connection.setup.timeout.max.ms = 127000
	socket.connection.setup.timeout.ms = 10000
	ssl.cipher.suites = null
	ssl.enabled.protocols = [TLSv1.2]
	ssl.endpoint.identification.algorithm = https
	ssl.engine.factory.class = null
	ssl.key.password = null
	ssl.keymanager.algorithm = SunX509
	ssl.keystore.certificate.chain = null
	ssl.keystore.key = null
	ssl.keystore.location = null
	ssl.keystore.password = null
	ssl.keystore.type = JKS
	ssl.protocol = TLSv1.2
	ssl.provider = null
	ssl.secure.random.implementation = null
	ssl.trustmanager.algorithm = PKIX
	ssl.truststore.certificates = null
	ssl.truststore.location = null
	ssl.truststore.password = null
	ssl.truststore.type = JKS
	transaction.timeout.ms = 60000
	transactional.id = null
	value.serializer = class org.springframework.kafka.support.serializer.JsonSerializer

2025-01-22 09:42:28,881 INFO org.apache.kafka.common.utils.AppInfoParser [main] Kafka version: 2.7.1
2025-01-22 09:42:28,882 INFO org.apache.kafka.common.utils.AppInfoParser [main] Kafka commitId: 61dbce85d0d41457
2025-01-22 09:42:28,882 INFO org.apache.kafka.common.utils.AppInfoParser [main] Kafka startTimeMs: 1737510148881
2025-01-22 09:42:28,890 INFO org.apache.kafka.clients.Metadata [kafka-producer-network-thread | producer-1] [Producer clientId=producer-1] Cluster ID: YMIwkYKRRA68ysH0Laa-Lg
2025-01-22 09:42:28,932 INFO com.example.frauddetection.kafka.FraudDetectionProducer [main] sendTransaction success， message：TransactionDTO(transactionId=transactionId401, userId=111, amount=100, ip=null, bussTime=null) 
2025-01-22 09:42:28,932 WARN org.apache.kafka.clients.NetworkClient [kafka-producer-network-thread | producer-1] [Producer clientId=producer-1] Error connecting to node sventaomac:9092 (id: 0 rack: null)
java.net.UnknownHostException: sventaomac
	at java.net.InetAddress.getAllByName0(InetAddress.java:1281)
	at java.net.InetAddress.getAllByName(InetAddress.java:1193)
	at java.net.InetAddress.getAllByName(InetAddress.java:1127)
	at org.apache.kafka.clients.DefaultHostResolver.resolve(DefaultHostResolver.java:27)
	at org.apache.kafka.clients.ClientUtils.resolve(ClientUtils.java:111)
	at org.apache.kafka.clients.ClusterConnectionStates$NodeConnectionState.currentAddress(ClusterConnectionStates.java:512)
	at org.apache.kafka.clients.ClusterConnectionStates$NodeConnectionState.access$200(ClusterConnectionStates.java:466)
	at org.apache.kafka.clients.ClusterConnectionStates.currentAddress(ClusterConnectionStates.java:172)
	at org.apache.kafka.clients.NetworkClient.initiateConnect(NetworkClient.java:1004)
	at org.apache.kafka.clients.NetworkClient.ready(NetworkClient.java:313)
	at org.apache.kafka.clients.producer.internals.Sender.sendProducerData(Sender.java:351)
	at org.apache.kafka.clients.producer.internals.Sender.runOnce(Sender.java:324)
	at org.apache.kafka.clients.producer.internals.Sender.run(Sender.java:240)
	at java.lang.Thread.run(Thread.java:748)
2025-01-22 09:42:28,986 WARN org.apache.kafka.clients.NetworkClient [kafka-producer-network-thread | producer-1] [Producer clientId=producer-1] Error connecting to node sventaomac:9092 (id: 0 rack: null)
java.net.UnknownHostException: sventaomac
	at java.net.InetAddress.getAllByName0(InetAddress.java:1281)
	at java.net.InetAddress.getAllByName(InetAddress.java:1193)
	at java.net.InetAddress.getAllByName(InetAddress.java:1127)
	at org.apache.kafka.clients.DefaultHostResolver.resolve(DefaultHostResolver.java:27)
	at org.apache.kafka.clients.ClientUtils.resolve(ClientUtils.java:111)
	at org.apache.kafka.clients.ClusterConnectionStates$NodeConnectionState.currentAddress(ClusterConnectionStates.java:512)
	at org.apache.kafka.clients.ClusterConnectionStates$NodeConnectionState.access$200(ClusterConnectionStates.java:466)
	at org.apache.kafka.clients.ClusterConnectionStates.currentAddress(ClusterConnectionStates.java:172)
	at org.apache.kafka.clients.NetworkClient.initiateConnect(NetworkClient.java:1004)
	at org.apache.kafka.clients.NetworkClient.ready(NetworkClient.java:313)
	at org.apache.kafka.clients.producer.internals.Sender.sendProducerData(Sender.java:351)
	at org.apache.kafka.clients.producer.internals.Sender.runOnce(Sender.java:324)
	at org.apache.kafka.clients.producer.internals.Sender.run(Sender.java:240)
	at java.lang.Thread.run(Thread.java:748)
2025-01-22 09:42:29,086 WARN org.apache.kafka.clients.NetworkClient [kafka-producer-network-thread | producer-1] [Producer clientId=producer-1] Error connecting to node sventaomac:9092 (id: 0 rack: null)
java.net.UnknownHostException: sventaomac
	at java.net.InetAddress.getAllByName0(InetAddress.java:1281)
	at java.net.InetAddress.getAllByName(InetAddress.java:1193)
	at java.net.InetAddress.getAllByName(InetAddress.java:1127)
	at org.apache.kafka.clients.DefaultHostResolver.resolve(DefaultHostResolver.java:27)
	at org.apache.kafka.clients.ClientUtils.resolve(ClientUtils.java:111)
	at org.apache.kafka.clients.ClusterConnectionStates$NodeConnectionState.currentAddress(ClusterConnectionStates.java:512)
	at org.apache.kafka.clients.ClusterConnectionStates$NodeConnectionState.access$200(ClusterConnectionStates.java:466)
	at org.apache.kafka.clients.ClusterConnectionStates.currentAddress(ClusterConnectionStates.java:172)
	at org.apache.kafka.clients.NetworkClient.initiateConnect(NetworkClient.java:1004)
	at org.apache.kafka.clients.NetworkClient.ready(NetworkClient.java:313)
	at org.apache.kafka.clients.producer.internals.Sender.sendProducerData(Sender.java:351)
	at org.apache.kafka.clients.producer.internals.Sender.runOnce(Sender.java:324)
	at org.apache.kafka.clients.producer.internals.Sender.run(Sender.java:240)
	at java.lang.Thread.run(Thread.java:748)
2025-01-22 09:42:29,108 WARN org.apache.kafka.clients.NetworkClient [pool-1-thread-1] [Consumer clientId=consumer-fraud-detection-group-1, groupId=fraud-detection-group] Error connecting to node sventaomac:9092 (id: 0 rack: null)
java.net.UnknownHostException: sventaomac
	at java.net.InetAddress.getAllByName0(InetAddress.java:1281)
	at java.net.InetAddress.getAllByName(InetAddress.java:1193)
	at java.net.InetAddress.getAllByName(InetAddress.java:1127)
	at org.apache.kafka.clients.DefaultHostResolver.resolve(DefaultHostResolver.java:27)
	at org.apache.kafka.clients.ClientUtils.resolve(ClientUtils.java:111)
	at org.apache.kafka.clients.ClusterConnectionStates$NodeConnectionState.currentAddress(ClusterConnectionStates.java:512)
	at org.apache.kafka.clients.ClusterConnectionStates$NodeConnectionState.access$200(ClusterConnectionStates.java:466)
	at org.apache.kafka.clients.ClusterConnectionStates.currentAddress(ClusterConnectionStates.java:172)
	at org.apache.kafka.clients.NetworkClient.initiateConnect(NetworkClient.java:1004)
	at org.apache.kafka.clients.NetworkClient.access$600(NetworkClient.java:75)
	at org.apache.kafka.clients.NetworkClient$DefaultMetadataUpdater.maybeUpdate(NetworkClient.java:1177)
	at org.apache.kafka.clients.NetworkClient$DefaultMetadataUpdater.maybeUpdate(NetworkClient.java:1065)
	at org.apache.kafka.clients.NetworkClient.poll(NetworkClient.java:561)
	at org.apache.kafka.clients.consumer.internals.ConsumerNetworkClient.poll(ConsumerNetworkClient.java:265)
	at org.apache.kafka.clients.consumer.internals.ConsumerNetworkClient.poll(ConsumerNetworkClient.java:236)
	at org.apache.kafka.clients.consumer.KafkaConsumer.pollForFetches(KafkaConsumer.java:1292)
	at org.apache.kafka.clients.consumer.KafkaConsumer.poll(KafkaConsumer.java:1233)
	at org.apache.kafka.clients.consumer.KafkaConsumer.poll(KafkaConsumer.java:1206)
	at com.example.frauddetection.kafka.MessageConsumer.lambda$startListening$0(MessageConsumer.java:78)
	at java.util.concurrent.FutureTask.run(FutureTask.java:266)
	at java.util.concurrent.ThreadPoolExecutor.runWorker(ThreadPoolExecutor.java:1149)
	at java.util.concurrent.ThreadPoolExecutor$Worker.run(ThreadPoolExecutor.java:624)
	at java.lang.Thread.run(Thread.java:748)
2025-01-22 09:42:29,271 WARN org.apache.kafka.clients.NetworkClient [pool-4-thread-1] [Consumer clientId=consumer-fraud-detection-group-2, groupId=fraud-detection-group] Error connecting to node sventaomac:9092 (id: 0 rack: null)
java.net.UnknownHostException: sventaomac
	at java.net.InetAddress.getAllByName0(InetAddress.java:1281)
	at java.net.InetAddress.getAllByName(InetAddress.java:1193)
	at java.net.InetAddress.getAllByName(InetAddress.java:1127)
	at org.apache.kafka.clients.DefaultHostResolver.resolve(DefaultHostResolver.java:27)
	at org.apache.kafka.clients.ClientUtils.resolve(ClientUtils.java:111)
	at org.apache.kafka.clients.ClusterConnectionStates$NodeConnectionState.currentAddress(ClusterConnectionStates.java:512)
	at org.apache.kafka.clients.ClusterConnectionStates$NodeConnectionState.access$200(ClusterConnectionStates.java:466)
	at org.apache.kafka.clients.ClusterConnectionStates.currentAddress(ClusterConnectionStates.java:172)
	at org.apache.kafka.clients.NetworkClient.initiateConnect(NetworkClient.java:1004)
	at org.apache.kafka.clients.NetworkClient.access$600(NetworkClient.java:75)
	at org.apache.kafka.clients.NetworkClient$DefaultMetadataUpdater.maybeUpdate(NetworkClient.java:1177)
	at org.apache.kafka.clients.NetworkClient$DefaultMetadataUpdater.maybeUpdate(NetworkClient.java:1065)
	at org.apache.kafka.clients.NetworkClient.poll(NetworkClient.java:561)
	at org.apache.kafka.clients.consumer.internals.ConsumerNetworkClient.poll(ConsumerNetworkClient.java:265)
	at org.apache.kafka.clients.consumer.internals.ConsumerNetworkClient.poll(ConsumerNetworkClient.java:236)
	at org.apache.kafka.clients.consumer.internals.ConsumerNetworkClient.poll(ConsumerNetworkClient.java:227)
	at org.apache.kafka.clients.consumer.internals.ConsumerNetworkClient.awaitMetadataUpdate(ConsumerNetworkClient.java:164)
	at org.apache.kafka.clients.consumer.internals.AbstractCoordinator.ensureCoordinatorReady(AbstractCoordinator.java:257)
	at org.apache.kafka.clients.consumer.internals.ConsumerCoordinator.poll(ConsumerCoordinator.java:480)
	at org.apache.kafka.clients.consumer.KafkaConsumer.updateAssignmentMetadataIfNeeded(KafkaConsumer.java:1257)
	at org.apache.kafka.clients.consumer.KafkaConsumer.poll(KafkaConsumer.java:1226)
	at org.apache.kafka.clients.consumer.KafkaConsumer.poll(KafkaConsumer.java:1206)
	at com.example.frauddetection.kafka.MessageConsumer.lambda$startListening$0(MessageConsumer.java:78)
	at java.util.concurrent.FutureTask.run(FutureTask.java:266)
	at java.util.concurrent.ThreadPoolExecutor.runWorker(ThreadPoolExecutor.java:1149)
	at java.util.concurrent.ThreadPoolExecutor$Worker.run(ThreadPoolExecutor.java:624)
	at java.lang.Thread.run(Thread.java:748)
2025-01-22 09:42:29,312 WARN org.apache.kafka.clients.NetworkClient [kafka-producer-network-thread | producer-1] [Producer clientId=producer-1] Error connecting to node sventaomac:9092 (id: 0 rack: null)
java.net.UnknownHostException: sventaomac
	at java.net.InetAddress.getAllByName0(InetAddress.java:1281)
	at java.net.InetAddress.getAllByName(InetAddress.java:1193)
	at java.net.InetAddress.getAllByName(InetAddress.java:1127)
	at org.apache.kafka.clients.DefaultHostResolver.resolve(DefaultHostResolver.java:27)
	at org.apache.kafka.clients.ClientUtils.resolve(ClientUtils.java:111)
	at org.apache.kafka.clients.ClusterConnectionStates$NodeConnectionState.currentAddress(ClusterConnectionStates.java:512)
	at org.apache.kafka.clients.ClusterConnectionStates$NodeConnectionState.access$200(ClusterConnectionStates.java:466)
	at org.apache.kafka.clients.ClusterConnectionStates.currentAddress(ClusterConnectionStates.java:172)
	at org.apache.kafka.clients.NetworkClient.initiateConnect(NetworkClient.java:1004)
	at org.apache.kafka.clients.NetworkClient.ready(NetworkClient.java:313)
	at org.apache.kafka.clients.producer.internals.Sender.sendProducerData(Sender.java:351)
	at org.apache.kafka.clients.producer.internals.Sender.runOnce(Sender.java:324)
	at org.apache.kafka.clients.producer.internals.Sender.run(Sender.java:240)
	at java.lang.Thread.run(Thread.java:748)
2025-01-22 09:42:29,767 WARN org.apache.kafka.clients.NetworkClient [kafka-producer-network-thread | producer-1] [Producer clientId=producer-1] Error connecting to node sventaomac:9092 (id: 0 rack: null)
java.net.UnknownHostException: sventaomac
	at java.net.InetAddress.getAllByName0(InetAddress.java:1281)
	at java.net.InetAddress.getAllByName(InetAddress.java:1193)
	at java.net.InetAddress.getAllByName(InetAddress.java:1127)
	at org.apache.kafka.clients.DefaultHostResolver.resolve(DefaultHostResolver.java:27)
	at org.apache.kafka.clients.ClientUtils.resolve(ClientUtils.java:111)
	at org.apache.kafka.clients.ClusterConnectionStates$NodeConnectionState.currentAddress(ClusterConnectionStates.java:512)
	at org.apache.kafka.clients.ClusterConnectionStates$NodeConnectionState.access$200(ClusterConnectionStates.java:466)
	at org.apache.kafka.clients.ClusterConnectionStates.currentAddress(ClusterConnectionStates.java:172)
	at org.apache.kafka.clients.NetworkClient.initiateConnect(NetworkClient.java:1004)
	at org.apache.kafka.clients.NetworkClient.ready(NetworkClient.java:313)
	at org.apache.kafka.clients.producer.internals.Sender.sendProducerData(Sender.java:351)
	at org.apache.kafka.clients.producer.internals.Sender.runOnce(Sender.java:324)
	at org.apache.kafka.clients.producer.internals.Sender.run(Sender.java:240)
	at java.lang.Thread.run(Thread.java:748)
2025-01-22 09:42:30,068 WARN org.apache.kafka.clients.NetworkClient [pool-1-thread-1] [Consumer clientId=consumer-fraud-detection-group-1, groupId=fraud-detection-group] Error connecting to node sventaomac:9092 (id: 0 rack: null)
java.net.UnknownHostException: sventaomac
	at java.net.InetAddress.getAllByName0(InetAddress.java:1281)
	at java.net.InetAddress.getAllByName(InetAddress.java:1193)
	at java.net.InetAddress.getAllByName(InetAddress.java:1127)
	at org.apache.kafka.clients.DefaultHostResolver.resolve(DefaultHostResolver.java:27)
	at org.apache.kafka.clients.ClientUtils.resolve(ClientUtils.java:111)
	at org.apache.kafka.clients.ClusterConnectionStates$NodeConnectionState.currentAddress(ClusterConnectionStates.java:512)
	at org.apache.kafka.clients.ClusterConnectionStates$NodeConnectionState.access$200(ClusterConnectionStates.java:466)
	at org.apache.kafka.clients.ClusterConnectionStates.currentAddress(ClusterConnectionStates.java:172)
	at org.apache.kafka.clients.NetworkClient.initiateConnect(NetworkClient.java:1004)
	at org.apache.kafka.clients.NetworkClient.access$600(NetworkClient.java:75)
	at org.apache.kafka.clients.NetworkClient$DefaultMetadataUpdater.maybeUpdate(NetworkClient.java:1177)
	at org.apache.kafka.clients.NetworkClient$DefaultMetadataUpdater.maybeUpdate(NetworkClient.java:1065)
	at org.apache.kafka.clients.NetworkClient.poll(NetworkClient.java:561)
	at org.apache.kafka.clients.consumer.internals.ConsumerNetworkClient.poll(ConsumerNetworkClient.java:265)
	at org.apache.kafka.clients.consumer.internals.ConsumerNetworkClient.poll(ConsumerNetworkClient.java:236)
	at org.apache.kafka.clients.consumer.internals.ConsumerNetworkClient.poll(ConsumerNetworkClient.java:227)
	at org.apache.kafka.clients.consumer.internals.ConsumerNetworkClient.awaitMetadataUpdate(ConsumerNetworkClient.java:164)
	at org.apache.kafka.clients.consumer.internals.AbstractCoordinator.ensureCoordinatorReady(AbstractCoordinator.java:257)
	at org.apache.kafka.clients.consumer.internals.ConsumerCoordinator.poll(ConsumerCoordinator.java:480)
	at org.apache.kafka.clients.consumer.KafkaConsumer.updateAssignmentMetadataIfNeeded(KafkaConsumer.java:1257)
	at org.apache.kafka.clients.consumer.KafkaConsumer.poll(KafkaConsumer.java:1226)
	at org.apache.kafka.clients.consumer.KafkaConsumer.poll(KafkaConsumer.java:1206)
	at com.example.frauddetection.kafka.MessageConsumer.lambda$startListening$0(MessageConsumer.java:78)
	at java.util.concurrent.FutureTask.run(FutureTask.java:266)
	at java.util.concurrent.ThreadPoolExecutor.runWorker(ThreadPoolExecutor.java:1149)
	at java.util.concurrent.ThreadPoolExecutor$Worker.run(ThreadPoolExecutor.java:624)
	at java.lang.Thread.run(Thread.java:748)
2025-01-22 09:42:30,128 WARN org.apache.kafka.clients.NetworkClient [pool-4-thread-1] [Consumer clientId=consumer-fraud-detection-group-2, groupId=fraud-detection-group] Error connecting to node sventaomac:9092 (id: 0 rack: null)
java.net.UnknownHostException: sventaomac
	at java.net.InetAddress.getAllByName0(InetAddress.java:1281)
	at java.net.InetAddress.getAllByName(InetAddress.java:1193)
	at java.net.InetAddress.getAllByName(InetAddress.java:1127)
	at org.apache.kafka.clients.DefaultHostResolver.resolve(DefaultHostResolver.java:27)
	at org.apache.kafka.clients.ClientUtils.resolve(ClientUtils.java:111)
	at org.apache.kafka.clients.ClusterConnectionStates$NodeConnectionState.currentAddress(ClusterConnectionStates.java:512)
	at org.apache.kafka.clients.ClusterConnectionStates$NodeConnectionState.access$200(ClusterConnectionStates.java:466)
	at org.apache.kafka.clients.ClusterConnectionStates.currentAddress(ClusterConnectionStates.java:172)
	at org.apache.kafka.clients.NetworkClient.initiateConnect(NetworkClient.java:1004)
	at org.apache.kafka.clients.NetworkClient.access$600(NetworkClient.java:75)
	at org.apache.kafka.clients.NetworkClient$DefaultMetadataUpdater.maybeUpdate(NetworkClient.java:1177)
	at org.apache.kafka.clients.NetworkClient$DefaultMetadataUpdater.maybeUpdate(NetworkClient.java:1065)
	at org.apache.kafka.clients.NetworkClient.poll(NetworkClient.java:561)
	at org.apache.kafka.clients.consumer.internals.ConsumerNetworkClient.poll(ConsumerNetworkClient.java:265)
	at org.apache.kafka.clients.consumer.internals.ConsumerNetworkClient.poll(ConsumerNetworkClient.java:236)
	at org.apache.kafka.clients.consumer.KafkaConsumer.pollForFetches(KafkaConsumer.java:1292)
	at org.apache.kafka.clients.consumer.KafkaConsumer.poll(KafkaConsumer.java:1233)
	at org.apache.kafka.clients.consumer.KafkaConsumer.poll(KafkaConsumer.java:1206)
	at com.example.frauddetection.kafka.MessageConsumer.lambda$startListening$0(MessageConsumer.java:78)
	at java.util.concurrent.FutureTask.run(FutureTask.java:266)
	at java.util.concurrent.ThreadPoolExecutor.runWorker(ThreadPoolExecutor.java:1149)
	at java.util.concurrent.ThreadPoolExecutor$Worker.run(ThreadPoolExecutor.java:624)
	at java.lang.Thread.run(Thread.java:748)
2025-01-22 09:42:30,655 WARN org.apache.kafka.clients.NetworkClient [kafka-producer-network-thread | producer-1] [Producer clientId=producer-1] Error connecting to node sventaomac:9092 (id: 0 rack: null)
java.net.UnknownHostException: sventaomac
	at java.net.InetAddress.getAllByName0(InetAddress.java:1281)
	at java.net.InetAddress.getAllByName(InetAddress.java:1193)
	at java.net.InetAddress.getAllByName(InetAddress.java:1127)
	at org.apache.kafka.clients.DefaultHostResolver.resolve(DefaultHostResolver.java:27)
	at org.apache.kafka.clients.ClientUtils.resolve(ClientUtils.java:111)
	at org.apache.kafka.clients.ClusterConnectionStates$NodeConnectionState.currentAddress(ClusterConnectionStates.java:512)
	at org.apache.kafka.clients.ClusterConnectionStates$NodeConnectionState.access$200(ClusterConnectionStates.java:466)
	at org.apache.kafka.clients.ClusterConnectionStates.currentAddress(ClusterConnectionStates.java:172)
	at org.apache.kafka.clients.NetworkClient.initiateConnect(NetworkClient.java:1004)
	at org.apache.kafka.clients.NetworkClient.ready(NetworkClient.java:313)
	at org.apache.kafka.clients.producer.internals.Sender.sendProducerData(Sender.java:351)
	at org.apache.kafka.clients.producer.internals.Sender.runOnce(Sender.java:324)
	at org.apache.kafka.clients.producer.internals.Sender.run(Sender.java:240)
	at java.lang.Thread.run(Thread.java:748)
2025-01-22 09:42:31,026 WARN org.apache.kafka.clients.NetworkClient [pool-1-thread-1] [Consumer clientId=consumer-fraud-detection-group-1, groupId=fraud-detection-group] Error connecting to node sventaomac:9092 (id: 0 rack: null)
java.net.UnknownHostException: sventaomac
	at java.net.InetAddress.getAllByName0(InetAddress.java:1281)
	at java.net.InetAddress.getAllByName(InetAddress.java:1193)
	at java.net.InetAddress.getAllByName(InetAddress.java:1127)
	at org.apache.kafka.clients.DefaultHostResolver.resolve(DefaultHostResolver.java:27)
	at org.apache.kafka.clients.ClientUtils.resolve(ClientUtils.java:111)
	at org.apache.kafka.clients.ClusterConnectionStates$NodeConnectionState.currentAddress(ClusterConnectionStates.java:512)
	at org.apache.kafka.clients.ClusterConnectionStates$NodeConnectionState.access$200(ClusterConnectionStates.java:466)
	at org.apache.kafka.clients.ClusterConnectionStates.currentAddress(ClusterConnectionStates.java:172)
	at org.apache.kafka.clients.NetworkClient.initiateConnect(NetworkClient.java:1004)
	at org.apache.kafka.clients.NetworkClient.access$600(NetworkClient.java:75)
	at org.apache.kafka.clients.NetworkClient$DefaultMetadataUpdater.maybeUpdate(NetworkClient.java:1177)
	at org.apache.kafka.clients.NetworkClient$DefaultMetadataUpdater.maybeUpdate(NetworkClient.java:1065)
	at org.apache.kafka.clients.NetworkClient.poll(NetworkClient.java:561)
	at org.apache.kafka.clients.consumer.internals.ConsumerNetworkClient.poll(ConsumerNetworkClient.java:265)
	at org.apache.kafka.clients.consumer.internals.ConsumerNetworkClient.poll(ConsumerNetworkClient.java:236)
	at org.apache.kafka.clients.consumer.KafkaConsumer.pollForFetches(KafkaConsumer.java:1292)
	at org.apache.kafka.clients.consumer.KafkaConsumer.poll(KafkaConsumer.java:1233)
	at org.apache.kafka.clients.consumer.KafkaConsumer.poll(KafkaConsumer.java:1206)
	at com.example.frauddetection.kafka.MessageConsumer.lambda$startListening$0(MessageConsumer.java:78)
	at java.util.concurrent.FutureTask.run(FutureTask.java:266)
	at java.util.concurrent.ThreadPoolExecutor.runWorker(ThreadPoolExecutor.java:1149)
	at java.util.concurrent.ThreadPoolExecutor$Worker.run(ThreadPoolExecutor.java:624)
	at java.lang.Thread.run(Thread.java:748)
2025-01-22 09:42:31,035 WARN org.apache.kafka.clients.NetworkClient [pool-4-thread-1] [Consumer clientId=consumer-fraud-detection-group-2, groupId=fraud-detection-group] Error connecting to node sventaomac:9092 (id: 0 rack: null)
java.net.UnknownHostException: sventaomac
	at java.net.InetAddress.getAllByName0(InetAddress.java:1281)
	at java.net.InetAddress.getAllByName(InetAddress.java:1193)
	at java.net.InetAddress.getAllByName(InetAddress.java:1127)
	at org.apache.kafka.clients.DefaultHostResolver.resolve(DefaultHostResolver.java:27)
	at org.apache.kafka.clients.ClientUtils.resolve(ClientUtils.java:111)
	at org.apache.kafka.clients.ClusterConnectionStates$NodeConnectionState.currentAddress(ClusterConnectionStates.java:512)
	at org.apache.kafka.clients.ClusterConnectionStates$NodeConnectionState.access$200(ClusterConnectionStates.java:466)
	at org.apache.kafka.clients.ClusterConnectionStates.currentAddress(ClusterConnectionStates.java:172)
	at org.apache.kafka.clients.NetworkClient.initiateConnect(NetworkClient.java:1004)
	at org.apache.kafka.clients.NetworkClient.access$600(NetworkClient.java:75)
	at org.apache.kafka.clients.NetworkClient$DefaultMetadataUpdater.maybeUpdate(NetworkClient.java:1177)
	at org.apache.kafka.clients.NetworkClient$DefaultMetadataUpdater.maybeUpdate(NetworkClient.java:1065)
	at org.apache.kafka.clients.NetworkClient.poll(NetworkClient.java:561)
	at org.apache.kafka.clients.consumer.internals.ConsumerNetworkClient.poll(ConsumerNetworkClient.java:265)
	at org.apache.kafka.clients.consumer.internals.ConsumerNetworkClient.poll(ConsumerNetworkClient.java:236)
	at org.apache.kafka.clients.consumer.KafkaConsumer.pollForFetches(KafkaConsumer.java:1292)
	at org.apache.kafka.clients.consumer.KafkaConsumer.poll(KafkaConsumer.java:1233)
	at org.apache.kafka.clients.consumer.KafkaConsumer.poll(KafkaConsumer.java:1206)
	at com.example.frauddetection.kafka.MessageConsumer.lambda$startListening$0(MessageConsumer.java:78)
	at java.util.concurrent.FutureTask.run(FutureTask.java:266)
	at java.util.concurrent.ThreadPoolExecutor.runWorker(ThreadPoolExecutor.java:1149)
	at java.util.concurrent.ThreadPoolExecutor$Worker.run(ThreadPoolExecutor.java:624)
	at java.lang.Thread.run(Thread.java:748)
2025-01-22 09:42:31,602 WARN org.apache.kafka.clients.NetworkClient [kafka-producer-network-thread | producer-1] [Producer clientId=producer-1] Error connecting to node sventaomac:9092 (id: 0 rack: null)
java.net.UnknownHostException: sventaomac: nodename nor servname provided, or not known
	at java.net.Inet6AddressImpl.lookupAllHostAddr(Native Method)
	at java.net.InetAddress$2.lookupAllHostAddr(InetAddress.java:929)
	at java.net.InetAddress.getAddressesFromNameService(InetAddress.java:1324)
	at java.net.InetAddress.getAllByName0(InetAddress.java:1277)
	at java.net.InetAddress.getAllByName(InetAddress.java:1193)
	at java.net.InetAddress.getAllByName(InetAddress.java:1127)
	at org.apache.kafka.clients.DefaultHostResolver.resolve(DefaultHostResolver.java:27)
	at org.apache.kafka.clients.ClientUtils.resolve(ClientUtils.java:111)
	at org.apache.kafka.clients.ClusterConnectionStates$NodeConnectionState.currentAddress(ClusterConnectionStates.java:512)
	at org.apache.kafka.clients.ClusterConnectionStates$NodeConnectionState.access$200(ClusterConnectionStates.java:466)
	at org.apache.kafka.clients.ClusterConnectionStates.currentAddress(ClusterConnectionStates.java:172)
	at org.apache.kafka.clients.NetworkClient.initiateConnect(NetworkClient.java:1004)
	at org.apache.kafka.clients.NetworkClient.ready(NetworkClient.java:313)
	at org.apache.kafka.clients.producer.internals.Sender.sendProducerData(Sender.java:351)
	at org.apache.kafka.clients.producer.internals.Sender.runOnce(Sender.java:324)
	at org.apache.kafka.clients.producer.internals.Sender.run(Sender.java:240)
	at java.lang.Thread.run(Thread.java:748)
2025-01-22 09:42:32,186 WARN org.apache.kafka.clients.NetworkClient [pool-1-thread-1] [Consumer clientId=consumer-fraud-detection-group-1, groupId=fraud-detection-group] Error connecting to node sventaomac:9092 (id: 0 rack: null)
java.net.UnknownHostException: sventaomac
	at java.net.InetAddress.getAllByName0(InetAddress.java:1281)
	at java.net.InetAddress.getAllByName(InetAddress.java:1193)
	at java.net.InetAddress.getAllByName(InetAddress.java:1127)
	at org.apache.kafka.clients.DefaultHostResolver.resolve(DefaultHostResolver.java:27)
	at org.apache.kafka.clients.ClientUtils.resolve(ClientUtils.java:111)
	at org.apache.kafka.clients.ClusterConnectionStates$NodeConnectionState.currentAddress(ClusterConnectionStates.java:512)
	at org.apache.kafka.clients.ClusterConnectionStates$NodeConnectionState.access$200(ClusterConnectionStates.java:466)
	at org.apache.kafka.clients.ClusterConnectionStates.currentAddress(ClusterConnectionStates.java:172)
	at org.apache.kafka.clients.NetworkClient.initiateConnect(NetworkClient.java:1004)
	at org.apache.kafka.clients.NetworkClient.access$600(NetworkClient.java:75)
	at org.apache.kafka.clients.NetworkClient$DefaultMetadataUpdater.maybeUpdate(NetworkClient.java:1177)
	at org.apache.kafka.clients.NetworkClient$DefaultMetadataUpdater.maybeUpdate(NetworkClient.java:1065)
	at org.apache.kafka.clients.NetworkClient.poll(NetworkClient.java:561)
	at org.apache.kafka.clients.consumer.internals.ConsumerNetworkClient.poll(ConsumerNetworkClient.java:265)
	at org.apache.kafka.clients.consumer.internals.ConsumerNetworkClient.poll(ConsumerNetworkClient.java:236)
	at org.apache.kafka.clients.consumer.internals.ConsumerNetworkClient.poll(ConsumerNetworkClient.java:227)
	at org.apache.kafka.clients.consumer.internals.ConsumerNetworkClient.awaitMetadataUpdate(ConsumerNetworkClient.java:164)
	at org.apache.kafka.clients.consumer.internals.AbstractCoordinator.ensureCoordinatorReady(AbstractCoordinator.java:257)
	at org.apache.kafka.clients.consumer.internals.ConsumerCoordinator.poll(ConsumerCoordinator.java:480)
	at org.apache.kafka.clients.consumer.KafkaConsumer.updateAssignmentMetadataIfNeeded(KafkaConsumer.java:1257)
	at org.apache.kafka.clients.consumer.KafkaConsumer.poll(KafkaConsumer.java:1226)
	at org.apache.kafka.clients.consumer.KafkaConsumer.poll(KafkaConsumer.java:1206)
	at com.example.frauddetection.kafka.MessageConsumer.lambda$startListening$0(MessageConsumer.java:78)
	at java.util.concurrent.FutureTask.run(FutureTask.java:266)
	at java.util.concurrent.ThreadPoolExecutor.runWorker(ThreadPoolExecutor.java:1149)
	at java.util.concurrent.ThreadPoolExecutor$Worker.run(ThreadPoolExecutor.java:624)
	at java.lang.Thread.run(Thread.java:748)
2025-01-22 09:42:32,247 WARN org.apache.kafka.clients.NetworkClient [pool-4-thread-1] [Consumer clientId=consumer-fraud-detection-group-2, groupId=fraud-detection-group] Error connecting to node sventaomac:9092 (id: 0 rack: null)
java.net.UnknownHostException: sventaomac
	at java.net.InetAddress.getAllByName0(InetAddress.java:1281)
	at java.net.InetAddress.getAllByName(InetAddress.java:1193)
	at java.net.InetAddress.getAllByName(InetAddress.java:1127)
	at org.apache.kafka.clients.DefaultHostResolver.resolve(DefaultHostResolver.java:27)
	at org.apache.kafka.clients.ClientUtils.resolve(ClientUtils.java:111)
	at org.apache.kafka.clients.ClusterConnectionStates$NodeConnectionState.currentAddress(ClusterConnectionStates.java:512)
	at org.apache.kafka.clients.ClusterConnectionStates$NodeConnectionState.access$200(ClusterConnectionStates.java:466)
	at org.apache.kafka.clients.ClusterConnectionStates.currentAddress(ClusterConnectionStates.java:172)
	at org.apache.kafka.clients.NetworkClient.initiateConnect(NetworkClient.java:1004)
	at org.apache.kafka.clients.NetworkClient.access$600(NetworkClient.java:75)
	at org.apache.kafka.clients.NetworkClient$DefaultMetadataUpdater.maybeUpdate(NetworkClient.java:1177)
	at org.apache.kafka.clients.NetworkClient$DefaultMetadataUpdater.maybeUpdate(NetworkClient.java:1065)
	at org.apache.kafka.clients.NetworkClient.poll(NetworkClient.java:561)
	at org.apache.kafka.clients.consumer.internals.ConsumerNetworkClient.poll(ConsumerNetworkClient.java:265)
	at org.apache.kafka.clients.consumer.internals.ConsumerNetworkClient.poll(ConsumerNetworkClient.java:236)
	at org.apache.kafka.clients.consumer.KafkaConsumer.pollForFetches(KafkaConsumer.java:1292)
	at org.apache.kafka.clients.consumer.KafkaConsumer.poll(KafkaConsumer.java:1233)
	at org.apache.kafka.clients.consumer.KafkaConsumer.poll(KafkaConsumer.java:1206)
	at com.example.frauddetection.kafka.MessageConsumer.lambda$startListening$0(MessageConsumer.java:78)
	at java.util.concurrent.FutureTask.run(FutureTask.java:266)
	at java.util.concurrent.ThreadPoolExecutor.runWorker(ThreadPoolExecutor.java:1149)
	at java.util.concurrent.ThreadPoolExecutor$Worker.run(ThreadPoolExecutor.java:624)
	at java.lang.Thread.run(Thread.java:748)
2025-01-22 09:42:32,563 WARN org.apache.kafka.clients.NetworkClient [kafka-producer-network-thread | producer-1] [Producer clientId=producer-1] Error connecting to node sventaomac:9092 (id: 0 rack: null)
java.net.UnknownHostException: sventaomac
	at java.net.InetAddress.getAllByName0(InetAddress.java:1281)
	at java.net.InetAddress.getAllByName(InetAddress.java:1193)
	at java.net.InetAddress.getAllByName(InetAddress.java:1127)
	at org.apache.kafka.clients.DefaultHostResolver.resolve(DefaultHostResolver.java:27)
	at org.apache.kafka.clients.ClientUtils.resolve(ClientUtils.java:111)
	at org.apache.kafka.clients.ClusterConnectionStates$NodeConnectionState.currentAddress(ClusterConnectionStates.java:512)
	at org.apache.kafka.clients.ClusterConnectionStates$NodeConnectionState.access$200(ClusterConnectionStates.java:466)
	at org.apache.kafka.clients.ClusterConnectionStates.currentAddress(ClusterConnectionStates.java:172)
	at org.apache.kafka.clients.NetworkClient.initiateConnect(NetworkClient.java:1004)
	at org.apache.kafka.clients.NetworkClient.ready(NetworkClient.java:313)
	at org.apache.kafka.clients.producer.internals.Sender.sendProducerData(Sender.java:351)
	at org.apache.kafka.clients.producer.internals.Sender.runOnce(Sender.java:324)
	at org.apache.kafka.clients.producer.internals.Sender.run(Sender.java:240)
	at java.lang.Thread.run(Thread.java:748)
2025-01-22 09:42:33,361 WARN org.apache.kafka.clients.NetworkClient [pool-4-thread-1] [Consumer clientId=consumer-fraud-detection-group-2, groupId=fraud-detection-group] Error connecting to node sventaomac:9092 (id: 0 rack: null)
java.net.UnknownHostException: sventaomac
	at java.net.InetAddress.getAllByName0(InetAddress.java:1281)
	at java.net.InetAddress.getAllByName(InetAddress.java:1193)
	at java.net.InetAddress.getAllByName(InetAddress.java:1127)
	at org.apache.kafka.clients.DefaultHostResolver.resolve(DefaultHostResolver.java:27)
	at org.apache.kafka.clients.ClientUtils.resolve(ClientUtils.java:111)
	at org.apache.kafka.clients.ClusterConnectionStates$NodeConnectionState.currentAddress(ClusterConnectionStates.java:512)
	at org.apache.kafka.clients.ClusterConnectionStates$NodeConnectionState.access$200(ClusterConnectionStates.java:466)
	at org.apache.kafka.clients.ClusterConnectionStates.currentAddress(ClusterConnectionStates.java:172)
	at org.apache.kafka.clients.NetworkClient.initiateConnect(NetworkClient.java:1004)
	at org.apache.kafka.clients.NetworkClient.access$600(NetworkClient.java:75)
	at org.apache.kafka.clients.NetworkClient$DefaultMetadataUpdater.maybeUpdate(NetworkClient.java:1177)
	at org.apache.kafka.clients.NetworkClient$DefaultMetadataUpdater.maybeUpdate(NetworkClient.java:1065)
	at org.apache.kafka.clients.NetworkClient.poll(NetworkClient.java:561)
	at org.apache.kafka.clients.consumer.internals.ConsumerNetworkClient.poll(ConsumerNetworkClient.java:265)
	at org.apache.kafka.clients.consumer.internals.ConsumerNetworkClient.poll(ConsumerNetworkClient.java:236)
	at org.apache.kafka.clients.consumer.KafkaConsumer.pollForFetches(KafkaConsumer.java:1292)
	at org.apache.kafka.clients.consumer.KafkaConsumer.poll(KafkaConsumer.java:1233)
	at org.apache.kafka.clients.consumer.KafkaConsumer.poll(KafkaConsumer.java:1206)
	at com.example.frauddetection.kafka.MessageConsumer.lambda$startListening$0(MessageConsumer.java:78)
	at java.util.concurrent.FutureTask.run(FutureTask.java:266)
	at java.util.concurrent.ThreadPoolExecutor.runWorker(ThreadPoolExecutor.java:1149)
	at java.util.concurrent.ThreadPoolExecutor$Worker.run(ThreadPoolExecutor.java:624)
	at java.lang.Thread.run(Thread.java:748)
2025-01-22 09:42:33,396 WARN org.apache.kafka.clients.NetworkClient [pool-1-thread-1] [Consumer clientId=consumer-fraud-detection-group-1, groupId=fraud-detection-group] Error connecting to node sventaomac:9092 (id: 0 rack: null)
java.net.UnknownHostException: sventaomac
	at java.net.InetAddress.getAllByName0(InetAddress.java:1281)
	at java.net.InetAddress.getAllByName(InetAddress.java:1193)
	at java.net.InetAddress.getAllByName(InetAddress.java:1127)
	at org.apache.kafka.clients.DefaultHostResolver.resolve(DefaultHostResolver.java:27)
	at org.apache.kafka.clients.ClientUtils.resolve(ClientUtils.java:111)
	at org.apache.kafka.clients.ClusterConnectionStates$NodeConnectionState.currentAddress(ClusterConnectionStates.java:512)
	at org.apache.kafka.clients.ClusterConnectionStates$NodeConnectionState.access$200(ClusterConnectionStates.java:466)
	at org.apache.kafka.clients.ClusterConnectionStates.currentAddress(ClusterConnectionStates.java:172)
	at org.apache.kafka.clients.NetworkClient.initiateConnect(NetworkClient.java:1004)
	at org.apache.kafka.clients.NetworkClient.access$600(NetworkClient.java:75)
	at org.apache.kafka.clients.NetworkClient$DefaultMetadataUpdater.maybeUpdate(NetworkClient.java:1177)
	at org.apache.kafka.clients.NetworkClient$DefaultMetadataUpdater.maybeUpdate(NetworkClient.java:1065)
	at org.apache.kafka.clients.NetworkClient.poll(NetworkClient.java:561)
	at org.apache.kafka.clients.consumer.internals.ConsumerNetworkClient.poll(ConsumerNetworkClient.java:265)
	at org.apache.kafka.clients.consumer.internals.ConsumerNetworkClient.poll(ConsumerNetworkClient.java:236)
	at org.apache.kafka.clients.consumer.internals.ConsumerNetworkClient.poll(ConsumerNetworkClient.java:227)
	at org.apache.kafka.clients.consumer.internals.ConsumerNetworkClient.awaitMetadataUpdate(ConsumerNetworkClient.java:164)
	at org.apache.kafka.clients.consumer.internals.AbstractCoordinator.ensureCoordinatorReady(AbstractCoordinator.java:257)
	at org.apache.kafka.clients.consumer.internals.ConsumerCoordinator.poll(ConsumerCoordinator.java:480)
	at org.apache.kafka.clients.consumer.KafkaConsumer.updateAssignmentMetadataIfNeeded(KafkaConsumer.java:1257)
	at org.apache.kafka.clients.consumer.KafkaConsumer.poll(KafkaConsumer.java:1226)
	at org.apache.kafka.clients.consumer.KafkaConsumer.poll(KafkaConsumer.java:1206)
	at com.example.frauddetection.kafka.MessageConsumer.lambda$startListening$0(MessageConsumer.java:78)
	at java.util.concurrent.FutureTask.run(FutureTask.java:266)
	at java.util.concurrent.ThreadPoolExecutor.runWorker(ThreadPoolExecutor.java:1149)
	at java.util.concurrent.ThreadPoolExecutor$Worker.run(ThreadPoolExecutor.java:624)
	at java.lang.Thread.run(Thread.java:748)
2025-01-22 09:42:33,629 WARN org.apache.kafka.clients.NetworkClient [kafka-producer-network-thread | producer-1] [Producer clientId=producer-1] Error connecting to node sventaomac:9092 (id: 0 rack: null)
java.net.UnknownHostException: sventaomac
	at java.net.InetAddress.getAllByName0(InetAddress.java:1281)
	at java.net.InetAddress.getAllByName(InetAddress.java:1193)
	at java.net.InetAddress.getAllByName(InetAddress.java:1127)
	at org.apache.kafka.clients.DefaultHostResolver.resolve(DefaultHostResolver.java:27)
	at org.apache.kafka.clients.ClientUtils.resolve(ClientUtils.java:111)
	at org.apache.kafka.clients.ClusterConnectionStates$NodeConnectionState.currentAddress(ClusterConnectionStates.java:512)
	at org.apache.kafka.clients.ClusterConnectionStates$NodeConnectionState.access$200(ClusterConnectionStates.java:466)
	at org.apache.kafka.clients.ClusterConnectionStates.currentAddress(ClusterConnectionStates.java:172)
	at org.apache.kafka.clients.NetworkClient.initiateConnect(NetworkClient.java:1004)
	at org.apache.kafka.clients.NetworkClient.ready(NetworkClient.java:313)
	at org.apache.kafka.clients.producer.internals.Sender.sendProducerData(Sender.java:351)
	at org.apache.kafka.clients.producer.internals.Sender.runOnce(Sender.java:324)
	at org.apache.kafka.clients.producer.internals.Sender.run(Sender.java:240)
	at java.lang.Thread.run(Thread.java:748)
2025-01-22 09:42:34,034 INFO org.springframework.boot.test.context.SpringBootTestContextBootstrapper [main] Neither @ContextConfiguration nor @ContextHierarchy found for test class [com.example.frauddetection.FraudDetectionRetryServiceTest], using SpringBootContextLoader
2025-01-22 09:42:34,036 INFO org.springframework.test.context.support.AbstractContextLoader [main] Could not detect default resource locations for test class [com.example.frauddetection.FraudDetectionRetryServiceTest]: no resource found for suffixes {-context.xml, Context.groovy}.
2025-01-22 09:42:34,055 INFO org.springframework.boot.test.context.SpringBootTestContextBootstrapper [main] Loaded default TestExecutionListener class names from location [META-INF/spring.factories]: [org.springframework.boot.test.mock.mockito.MockitoTestExecutionListener, org.springframework.boot.test.mock.mockito.ResetMocksTestExecutionListener, org.springframework.boot.test.autoconfigure.restdocs.RestDocsTestExecutionListener, org.springframework.boot.test.autoconfigure.web.client.MockRestServiceServerResetTestExecutionListener, org.springframework.boot.test.autoconfigure.web.servlet.MockMvcPrintOnlyOnFailureTestExecutionListener, org.springframework.boot.test.autoconfigure.web.servlet.WebDriverTestExecutionListener, org.springframework.boot.test.autoconfigure.webservices.client.MockWebServiceServerTestExecutionListener, org.springframework.test.context.web.ServletTestExecutionListener, org.springframework.test.context.support.DirtiesContextBeforeModesTestExecutionListener, org.springframework.test.context.event.ApplicationEventsTestExecutionListener, org.springframework.test.context.support.DependencyInjectionTestExecutionListener, org.springframework.test.context.support.DirtiesContextTestExecutionListener, org.springframework.test.context.transaction.TransactionalTestExecutionListener, org.springframework.test.context.jdbc.SqlScriptsTestExecutionListener, org.springframework.test.context.event.EventPublishingTestExecutionListener]
2025-01-22 09:42:34,055 INFO org.springframework.boot.test.context.SpringBootTestContextBootstrapper [main] Using TestExecutionListeners: [org.springframework.test.context.web.ServletTestExecutionListener@2ff62720, org.springframework.test.context.support.DirtiesContextBeforeModesTestExecutionListener@45295cfd, org.springframework.test.context.event.ApplicationEventsTestExecutionListener@42c9b1ee, org.springframework.boot.test.mock.mockito.MockitoTestExecutionListener@217c6a1e, org.springframework.boot.test.autoconfigure.SpringBootDependencyInjectionTestExecutionListener@3fad8636, org.springframework.test.context.support.DirtiesContextTestExecutionListener@306cfb8a, org.springframework.test.context.transaction.TransactionalTestExecutionListener@3fa57aa8, org.springframework.test.context.jdbc.SqlScriptsTestExecutionListener@7d4bdbd8, org.springframework.test.context.event.EventPublishingTestExecutionListener@2e847e71, org.springframework.boot.test.mock.mockito.ResetMocksTestExecutionListener@79636080, org.springframework.boot.test.autoconfigure.restdocs.RestDocsTestExecutionListener@6d87253e, org.springframework.boot.test.autoconfigure.web.client.MockRestServiceServerResetTestExecutionListener@4e31b64d, org.springframework.boot.test.autoconfigure.web.servlet.MockMvcPrintOnlyOnFailureTestExecutionListener@434b2e0c, org.springframework.boot.test.autoconfigure.web.servlet.WebDriverTestExecutionListener@214e3185, org.springframework.boot.test.autoconfigure.webservices.client.MockWebServiceServerTestExecutionListener@75345e47]
2025-01-22 09:42:34,285 WARN org.apache.kafka.clients.NetworkClient [pool-4-thread-1] [Consumer clientId=consumer-fraud-detection-group-2, groupId=fraud-detection-group] Error connecting to node sventaomac:9092 (id: 0 rack: null)
java.net.UnknownHostException: sventaomac
	at java.net.InetAddress.getAllByName0(InetAddress.java:1281)
	at java.net.InetAddress.getAllByName(InetAddress.java:1193)
	at java.net.InetAddress.getAllByName(InetAddress.java:1127)
	at org.apache.kafka.clients.DefaultHostResolver.resolve(DefaultHostResolver.java:27)
	at org.apache.kafka.clients.ClientUtils.resolve(ClientUtils.java:111)
	at org.apache.kafka.clients.ClusterConnectionStates$NodeConnectionState.currentAddress(ClusterConnectionStates.java:512)
	at org.apache.kafka.clients.ClusterConnectionStates$NodeConnectionState.access$200(ClusterConnectionStates.java:466)
	at org.apache.kafka.clients.ClusterConnectionStates.currentAddress(ClusterConnectionStates.java:172)
	at org.apache.kafka.clients.NetworkClient.initiateConnect(NetworkClient.java:1004)
	at org.apache.kafka.clients.NetworkClient.access$600(NetworkClient.java:75)
	at org.apache.kafka.clients.NetworkClient$DefaultMetadataUpdater.maybeUpdate(NetworkClient.java:1177)
	at org.apache.kafka.clients.NetworkClient$DefaultMetadataUpdater.maybeUpdate(NetworkClient.java:1065)
	at org.apache.kafka.clients.NetworkClient.poll(NetworkClient.java:561)
	at org.apache.kafka.clients.consumer.internals.ConsumerNetworkClient.poll(ConsumerNetworkClient.java:265)
	at org.apache.kafka.clients.consumer.internals.ConsumerNetworkClient.poll(ConsumerNetworkClient.java:236)
	at org.apache.kafka.clients.consumer.KafkaConsumer.pollForFetches(KafkaConsumer.java:1292)
	at org.apache.kafka.clients.consumer.KafkaConsumer.poll(KafkaConsumer.java:1233)
	at org.apache.kafka.clients.consumer.KafkaConsumer.poll(KafkaConsumer.java:1206)
	at com.example.frauddetection.kafka.MessageConsumer.lambda$startListening$0(MessageConsumer.java:78)
	at java.util.concurrent.FutureTask.run(FutureTask.java:266)
	at java.util.concurrent.ThreadPoolExecutor.runWorker(ThreadPoolExecutor.java:1149)
	at java.util.concurrent.ThreadPoolExecutor$Worker.run(ThreadPoolExecutor.java:624)
	at java.lang.Thread.run(Thread.java:748)
2025-01-22 09:42:34,392 INFO com.example.frauddetection.service.FraudDetectionRetryService [main] doRetry start, time:1737510154
2025-01-22 09:42:34,392 INFO com.example.frauddetection.service.FraudDetectionRetryService [main] doRetry end, time:1737510154
2025-01-22 09:42:34,413 INFO com.example.frauddetection.service.FraudDetectionRetryService [main] doRetry start, time:1737510154
2025-01-22 09:42:34,413 INFO com.example.frauddetection.service.FraudDetectionRetryService [main] doRetry retryEntity:FraudDetectRetryEntity(id=2, transactionId=transactionId10086, transactionRecord={"amount":100,"bussTime":1737510154410,"transactionId":"transactionId10086","userId":101}, retryStat=1, retryTimes=0, createdAt=1737510154410, updatedAt=1737510154410)
2025-01-22 09:42:34,448 WARN org.apache.kafka.clients.NetworkClient [kafka-producer-network-thread | producer-1] [Producer clientId=producer-1] Error connecting to node sventaomac:9092 (id: 0 rack: null)
java.net.UnknownHostException: sventaomac
	at java.net.InetAddress.getAllByName0(InetAddress.java:1281)
	at java.net.InetAddress.getAllByName(InetAddress.java:1193)
	at java.net.InetAddress.getAllByName(InetAddress.java:1127)
	at org.apache.kafka.clients.DefaultHostResolver.resolve(DefaultHostResolver.java:27)
	at org.apache.kafka.clients.ClientUtils.resolve(ClientUtils.java:111)
	at org.apache.kafka.clients.ClusterConnectionStates$NodeConnectionState.currentAddress(ClusterConnectionStates.java:512)
	at org.apache.kafka.clients.ClusterConnectionStates$NodeConnectionState.access$200(ClusterConnectionStates.java:466)
	at org.apache.kafka.clients.ClusterConnectionStates.currentAddress(ClusterConnectionStates.java:172)
	at org.apache.kafka.clients.NetworkClient.initiateConnect(NetworkClient.java:1004)
	at org.apache.kafka.clients.NetworkClient.ready(NetworkClient.java:313)
	at org.apache.kafka.clients.producer.internals.Sender.sendProducerData(Sender.java:351)
	at org.apache.kafka.clients.producer.internals.Sender.runOnce(Sender.java:324)
	at org.apache.kafka.clients.producer.internals.Sender.run(Sender.java:240)
	at java.lang.Thread.run(Thread.java:748)
2025-01-22 09:42:34,494 INFO com.example.frauddetection.service.FraudDetectionRetryService [main] doRetry end, time:1737510154
2025-01-22 09:42:34,518 INFO org.apache.kafka.clients.producer.ProducerConfig [main] ProducerConfig values: 
	acks = 1
	batch.size = 16384
	bootstrap.servers = [localhost:9092]
	buffer.memory = 33554432
	client.dns.lookup = use_all_dns_ips
	client.id = producer-2
	compression.type = none
	connections.max.idle.ms = 540000
	delivery.timeout.ms = 120000
	enable.idempotence = false
	interceptor.classes = []
	internal.auto.downgrade.txn.commit = false
	key.serializer = class org.apache.kafka.common.serialization.StringSerializer
	linger.ms = 0
	max.block.ms = 60000
	max.in.flight.requests.per.connection = 5
	max.request.size = 1048576
	metadata.max.age.ms = 300000
	metadata.max.idle.ms = 300000
	metric.reporters = []
	metrics.num.samples = 2
	metrics.recording.level = INFO
	metrics.sample.window.ms = 30000
	partitioner.class = class org.apache.kafka.clients.producer.internals.DefaultPartitioner
	receive.buffer.bytes = 32768
	reconnect.backoff.max.ms = 1000
	reconnect.backoff.ms = 50
	request.timeout.ms = 30000
	retries = 2147483647
	retry.backoff.ms = 100
	sasl.client.callback.handler.class = null
	sasl.jaas.config = null
	sasl.kerberos.kinit.cmd = /usr/bin/kinit
	sasl.kerberos.min.time.before.relogin = 60000
	sasl.kerberos.service.name = null
	sasl.kerberos.ticket.renew.jitter = 0.05
	sasl.kerberos.ticket.renew.window.factor = 0.8
	sasl.login.callback.handler.class = null
	sasl.login.class = null
	sasl.login.refresh.buffer.seconds = 300
	sasl.login.refresh.min.period.seconds = 60
	sasl.login.refresh.window.factor = 0.8
	sasl.login.refresh.window.jitter = 0.05
	sasl.mechanism = GSSAPI
	security.protocol = PLAINTEXT
	security.providers = null
	send.buffer.bytes = 131072
	socket.connection.setup.timeout.max.ms = 127000
	socket.connection.setup.timeout.ms = 10000
	ssl.cipher.suites = null
	ssl.enabled.protocols = [TLSv1.2]
	ssl.endpoint.identification.algorithm = https
	ssl.engine.factory.class = null
	ssl.key.password = null
	ssl.keymanager.algorithm = SunX509
	ssl.keystore.certificate.chain = null
	ssl.keystore.key = null
	ssl.keystore.location = null
	ssl.keystore.password = null
	ssl.keystore.type = JKS
	ssl.protocol = TLSv1.2
	ssl.provider = null
	ssl.secure.random.implementation = null
	ssl.trustmanager.algorithm = PKIX
	ssl.truststore.certificates = null
	ssl.truststore.location = null
	ssl.truststore.password = null
	ssl.truststore.type = JKS
	transaction.timeout.ms = 60000
	transactional.id = null
	value.serializer = class org.springframework.kafka.support.serializer.JsonSerializer

2025-01-22 09:42:34,527 INFO org.apache.kafka.common.utils.AppInfoParser [main] Kafka version: 2.7.1
2025-01-22 09:42:34,527 INFO org.apache.kafka.common.utils.AppInfoParser [main] Kafka commitId: 61dbce85d0d41457
2025-01-22 09:42:34,528 INFO org.apache.kafka.common.utils.AppInfoParser [main] Kafka startTimeMs: 1737510154526
2025-01-22 09:42:34,540 INFO org.apache.kafka.clients.Metadata [kafka-producer-network-thread | producer-2] [Producer clientId=producer-2] Cluster ID: YMIwkYKRRA68ysH0Laa-Lg
2025-01-22 09:42:34,545 WARN org.apache.kafka.clients.NetworkClient [kafka-producer-network-thread | producer-2] [Producer clientId=producer-2] Error connecting to node sventaomac:9092 (id: 0 rack: null)
java.net.UnknownHostException: sventaomac
	at java.net.InetAddress.getAllByName0(InetAddress.java:1281)
	at java.net.InetAddress.getAllByName(InetAddress.java:1193)
	at java.net.InetAddress.getAllByName(InetAddress.java:1127)
	at org.apache.kafka.clients.DefaultHostResolver.resolve(DefaultHostResolver.java:27)
	at org.apache.kafka.clients.ClientUtils.resolve(ClientUtils.java:111)
	at org.apache.kafka.clients.ClusterConnectionStates$NodeConnectionState.currentAddress(ClusterConnectionStates.java:512)
	at org.apache.kafka.clients.ClusterConnectionStates$NodeConnectionState.access$200(ClusterConnectionStates.java:466)
	at org.apache.kafka.clients.ClusterConnectionStates.currentAddress(ClusterConnectionStates.java:172)
	at org.apache.kafka.clients.NetworkClient.initiateConnect(NetworkClient.java:1004)
	at org.apache.kafka.clients.NetworkClient.ready(NetworkClient.java:313)
	at org.apache.kafka.clients.producer.internals.Sender.sendProducerData(Sender.java:351)
	at org.apache.kafka.clients.producer.internals.Sender.runOnce(Sender.java:324)
	at org.apache.kafka.clients.producer.internals.Sender.run(Sender.java:240)
	at java.lang.Thread.run(Thread.java:748)
2025-01-22 09:42:34,544 INFO com.example.frauddetection.kafka.FraudDetectionProducer [main] sendTransaction success， message：TransactionDTO(transactionId=transactionId10088, userId=null, amount=100, ip=null, bussTime=1737510154518) 
2025-01-22 09:42:34,563 WARN org.apache.kafka.clients.NetworkClient [pool-1-thread-1] [Consumer clientId=consumer-fraud-detection-group-1, groupId=fraud-detection-group] Error connecting to node sventaomac:9092 (id: 0 rack: null)
java.net.UnknownHostException: sventaomac
	at java.net.InetAddress.getAllByName0(InetAddress.java:1281)
	at java.net.InetAddress.getAllByName(InetAddress.java:1193)
	at java.net.InetAddress.getAllByName(InetAddress.java:1127)
	at org.apache.kafka.clients.DefaultHostResolver.resolve(DefaultHostResolver.java:27)
	at org.apache.kafka.clients.ClientUtils.resolve(ClientUtils.java:111)
	at org.apache.kafka.clients.ClusterConnectionStates$NodeConnectionState.currentAddress(ClusterConnectionStates.java:512)
	at org.apache.kafka.clients.ClusterConnectionStates$NodeConnectionState.access$200(ClusterConnectionStates.java:466)
	at org.apache.kafka.clients.ClusterConnectionStates.currentAddress(ClusterConnectionStates.java:172)
	at org.apache.kafka.clients.NetworkClient.initiateConnect(NetworkClient.java:1004)
	at org.apache.kafka.clients.NetworkClient.access$600(NetworkClient.java:75)
	at org.apache.kafka.clients.NetworkClient$DefaultMetadataUpdater.maybeUpdate(NetworkClient.java:1177)
	at org.apache.kafka.clients.NetworkClient$DefaultMetadataUpdater.maybeUpdate(NetworkClient.java:1065)
	at org.apache.kafka.clients.NetworkClient.poll(NetworkClient.java:561)
	at org.apache.kafka.clients.consumer.internals.ConsumerNetworkClient.poll(ConsumerNetworkClient.java:265)
	at org.apache.kafka.clients.consumer.internals.ConsumerNetworkClient.poll(ConsumerNetworkClient.java:236)
	at org.apache.kafka.clients.consumer.KafkaConsumer.pollForFetches(KafkaConsumer.java:1292)
	at org.apache.kafka.clients.consumer.KafkaConsumer.poll(KafkaConsumer.java:1233)
	at org.apache.kafka.clients.consumer.KafkaConsumer.poll(KafkaConsumer.java:1206)
	at com.example.frauddetection.kafka.MessageConsumer.lambda$startListening$0(MessageConsumer.java:78)
	at java.util.concurrent.FutureTask.run(FutureTask.java:266)
	at java.util.concurrent.ThreadPoolExecutor.runWorker(ThreadPoolExecutor.java:1149)
	at java.util.concurrent.ThreadPoolExecutor$Worker.run(ThreadPoolExecutor.java:624)
	at java.lang.Thread.run(Thread.java:748)
2025-01-22 09:42:34,591 WARN org.apache.kafka.clients.NetworkClient [kafka-producer-network-thread | producer-2] [Producer clientId=producer-2] Error connecting to node sventaomac:9092 (id: 0 rack: null)
java.net.UnknownHostException: sventaomac
	at java.net.InetAddress.getAllByName0(InetAddress.java:1281)
	at java.net.InetAddress.getAllByName(InetAddress.java:1193)
	at java.net.InetAddress.getAllByName(InetAddress.java:1127)
	at org.apache.kafka.clients.DefaultHostResolver.resolve(DefaultHostResolver.java:27)
	at org.apache.kafka.clients.ClientUtils.resolve(ClientUtils.java:111)
	at org.apache.kafka.clients.ClusterConnectionStates$NodeConnectionState.currentAddress(ClusterConnectionStates.java:512)
	at org.apache.kafka.clients.ClusterConnectionStates$NodeConnectionState.access$200(ClusterConnectionStates.java:466)
	at org.apache.kafka.clients.ClusterConnectionStates.currentAddress(ClusterConnectionStates.java:172)
	at org.apache.kafka.clients.NetworkClient.initiateConnect(NetworkClient.java:1004)
	at org.apache.kafka.clients.NetworkClient.ready(NetworkClient.java:313)
	at org.apache.kafka.clients.producer.internals.Sender.sendProducerData(Sender.java:351)
	at org.apache.kafka.clients.producer.internals.Sender.runOnce(Sender.java:324)
	at org.apache.kafka.clients.producer.internals.Sender.run(Sender.java:240)
	at java.lang.Thread.run(Thread.java:748)
2025-01-22 09:42:34,687 WARN org.apache.kafka.clients.NetworkClient [kafka-producer-network-thread | producer-2] [Producer clientId=producer-2] Error connecting to node sventaomac:9092 (id: 0 rack: null)
java.net.UnknownHostException: sventaomac
	at java.net.InetAddress.getAllByName0(InetAddress.java:1281)
	at java.net.InetAddress.getAllByName(InetAddress.java:1193)
	at java.net.InetAddress.getAllByName(InetAddress.java:1127)
	at org.apache.kafka.clients.DefaultHostResolver.resolve(DefaultHostResolver.java:27)
	at org.apache.kafka.clients.ClientUtils.resolve(ClientUtils.java:111)
	at org.apache.kafka.clients.ClusterConnectionStates$NodeConnectionState.currentAddress(ClusterConnectionStates.java:512)
	at org.apache.kafka.clients.ClusterConnectionStates$NodeConnectionState.access$200(ClusterConnectionStates.java:466)
	at org.apache.kafka.clients.ClusterConnectionStates.currentAddress(ClusterConnectionStates.java:172)
	at org.apache.kafka.clients.NetworkClient.initiateConnect(NetworkClient.java:1004)
	at org.apache.kafka.clients.NetworkClient.ready(NetworkClient.java:313)
	at org.apache.kafka.clients.producer.internals.Sender.sendProducerData(Sender.java:351)
	at org.apache.kafka.clients.producer.internals.Sender.runOnce(Sender.java:324)
	at org.apache.kafka.clients.producer.internals.Sender.run(Sender.java:240)
	at java.lang.Thread.run(Thread.java:748)
2025-01-22 09:42:34,896 WARN org.apache.kafka.clients.NetworkClient [kafka-producer-network-thread | producer-2] [Producer clientId=producer-2] Error connecting to node sventaomac:9092 (id: 0 rack: null)
java.net.UnknownHostException: sventaomac
	at java.net.InetAddress.getAllByName0(InetAddress.java:1281)
	at java.net.InetAddress.getAllByName(InetAddress.java:1193)
	at java.net.InetAddress.getAllByName(InetAddress.java:1127)
	at org.apache.kafka.clients.DefaultHostResolver.resolve(DefaultHostResolver.java:27)
	at org.apache.kafka.clients.ClientUtils.resolve(ClientUtils.java:111)
	at org.apache.kafka.clients.ClusterConnectionStates$NodeConnectionState.currentAddress(ClusterConnectionStates.java:512)
	at org.apache.kafka.clients.ClusterConnectionStates$NodeConnectionState.access$200(ClusterConnectionStates.java:466)
	at org.apache.kafka.clients.ClusterConnectionStates.currentAddress(ClusterConnectionStates.java:172)
	at org.apache.kafka.clients.NetworkClient.initiateConnect(NetworkClient.java:1004)
	at org.apache.kafka.clients.NetworkClient.ready(NetworkClient.java:313)
	at org.apache.kafka.clients.producer.internals.Sender.sendProducerData(Sender.java:351)
	at org.apache.kafka.clients.producer.internals.Sender.runOnce(Sender.java:324)
	at org.apache.kafka.clients.producer.internals.Sender.run(Sender.java:240)
	at java.lang.Thread.run(Thread.java:748)
2025-01-22 09:42:35,218 WARN org.apache.kafka.clients.NetworkClient [kafka-producer-network-thread | producer-2] [Producer clientId=producer-2] Error connecting to node sventaomac:9092 (id: 0 rack: null)
java.net.UnknownHostException: sventaomac
	at java.net.InetAddress.getAllByName0(InetAddress.java:1281)
	at java.net.InetAddress.getAllByName(InetAddress.java:1193)
	at java.net.InetAddress.getAllByName(InetAddress.java:1127)
	at org.apache.kafka.clients.DefaultHostResolver.resolve(DefaultHostResolver.java:27)
	at org.apache.kafka.clients.ClientUtils.resolve(ClientUtils.java:111)
	at org.apache.kafka.clients.ClusterConnectionStates$NodeConnectionState.currentAddress(ClusterConnectionStates.java:512)
	at org.apache.kafka.clients.ClusterConnectionStates$NodeConnectionState.access$200(ClusterConnectionStates.java:466)
	at org.apache.kafka.clients.ClusterConnectionStates.currentAddress(ClusterConnectionStates.java:172)
	at org.apache.kafka.clients.NetworkClient.initiateConnect(NetworkClient.java:1004)
	at org.apache.kafka.clients.NetworkClient.ready(NetworkClient.java:313)
	at org.apache.kafka.clients.producer.internals.Sender.sendProducerData(Sender.java:351)
	at org.apache.kafka.clients.producer.internals.Sender.runOnce(Sender.java:324)
	at org.apache.kafka.clients.producer.internals.Sender.run(Sender.java:240)
	at java.lang.Thread.run(Thread.java:748)
2025-01-22 09:42:35,345 WARN org.apache.kafka.clients.NetworkClient [pool-4-thread-1] [Consumer clientId=consumer-fraud-detection-group-2, groupId=fraud-detection-group] Error connecting to node sventaomac:9092 (id: 0 rack: null)
java.net.UnknownHostException: sventaomac
	at java.net.InetAddress.getAllByName0(InetAddress.java:1281)
	at java.net.InetAddress.getAllByName(InetAddress.java:1193)
	at java.net.InetAddress.getAllByName(InetAddress.java:1127)
	at org.apache.kafka.clients.DefaultHostResolver.resolve(DefaultHostResolver.java:27)
	at org.apache.kafka.clients.ClientUtils.resolve(ClientUtils.java:111)
	at org.apache.kafka.clients.ClusterConnectionStates$NodeConnectionState.currentAddress(ClusterConnectionStates.java:512)
	at org.apache.kafka.clients.ClusterConnectionStates$NodeConnectionState.access$200(ClusterConnectionStates.java:466)
	at org.apache.kafka.clients.ClusterConnectionStates.currentAddress(ClusterConnectionStates.java:172)
	at org.apache.kafka.clients.NetworkClient.initiateConnect(NetworkClient.java:1004)
	at org.apache.kafka.clients.NetworkClient.access$600(NetworkClient.java:75)
	at org.apache.kafka.clients.NetworkClient$DefaultMetadataUpdater.maybeUpdate(NetworkClient.java:1177)
	at org.apache.kafka.clients.NetworkClient$DefaultMetadataUpdater.maybeUpdate(NetworkClient.java:1065)
	at org.apache.kafka.clients.NetworkClient.poll(NetworkClient.java:561)
	at org.apache.kafka.clients.consumer.internals.ConsumerNetworkClient.poll(ConsumerNetworkClient.java:265)
	at org.apache.kafka.clients.consumer.internals.ConsumerNetworkClient.poll(ConsumerNetworkClient.java:236)
	at org.apache.kafka.clients.consumer.internals.ConsumerNetworkClient.poll(ConsumerNetworkClient.java:227)
	at org.apache.kafka.clients.consumer.internals.ConsumerNetworkClient.awaitMetadataUpdate(ConsumerNetworkClient.java:164)
	at org.apache.kafka.clients.consumer.internals.AbstractCoordinator.ensureCoordinatorReady(AbstractCoordinator.java:257)
	at org.apache.kafka.clients.consumer.internals.ConsumerCoordinator.poll(ConsumerCoordinator.java:480)
	at org.apache.kafka.clients.consumer.KafkaConsumer.updateAssignmentMetadataIfNeeded(KafkaConsumer.java:1257)
	at org.apache.kafka.clients.consumer.KafkaConsumer.poll(KafkaConsumer.java:1226)
	at org.apache.kafka.clients.consumer.KafkaConsumer.poll(KafkaConsumer.java:1206)
	at com.example.frauddetection.kafka.MessageConsumer.lambda$startListening$0(MessageConsumer.java:78)
	at java.util.concurrent.FutureTask.run(FutureTask.java:266)
	at java.util.concurrent.ThreadPoolExecutor.runWorker(ThreadPoolExecutor.java:1149)
	at java.util.concurrent.ThreadPoolExecutor$Worker.run(ThreadPoolExecutor.java:624)
	at java.lang.Thread.run(Thread.java:748)
2025-01-22 09:42:35,470 WARN org.apache.kafka.clients.NetworkClient [pool-1-thread-1] [Consumer clientId=consumer-fraud-detection-group-1, groupId=fraud-detection-group] Error connecting to node sventaomac:9092 (id: 0 rack: null)
java.net.UnknownHostException: sventaomac
	at java.net.InetAddress.getAllByName0(InetAddress.java:1281)
	at java.net.InetAddress.getAllByName(InetAddress.java:1193)
	at java.net.InetAddress.getAllByName(InetAddress.java:1127)
	at org.apache.kafka.clients.DefaultHostResolver.resolve(DefaultHostResolver.java:27)
	at org.apache.kafka.clients.ClientUtils.resolve(ClientUtils.java:111)
	at org.apache.kafka.clients.ClusterConnectionStates$NodeConnectionState.currentAddress(ClusterConnectionStates.java:512)
	at org.apache.kafka.clients.ClusterConnectionStates$NodeConnectionState.access$200(ClusterConnectionStates.java:466)
	at org.apache.kafka.clients.ClusterConnectionStates.currentAddress(ClusterConnectionStates.java:172)
	at org.apache.kafka.clients.NetworkClient.initiateConnect(NetworkClient.java:1004)
	at org.apache.kafka.clients.NetworkClient.access$600(NetworkClient.java:75)
	at org.apache.kafka.clients.NetworkClient$DefaultMetadataUpdater.maybeUpdate(NetworkClient.java:1177)
	at org.apache.kafka.clients.NetworkClient$DefaultMetadataUpdater.maybeUpdate(NetworkClient.java:1065)
	at org.apache.kafka.clients.NetworkClient.poll(NetworkClient.java:561)
	at org.apache.kafka.clients.consumer.internals.ConsumerNetworkClient.poll(ConsumerNetworkClient.java:265)
	at org.apache.kafka.clients.consumer.internals.ConsumerNetworkClient.poll(ConsumerNetworkClient.java:236)
	at org.apache.kafka.clients.consumer.KafkaConsumer.pollForFetches(KafkaConsumer.java:1292)
	at org.apache.kafka.clients.consumer.KafkaConsumer.poll(KafkaConsumer.java:1233)
	at org.apache.kafka.clients.consumer.KafkaConsumer.poll(KafkaConsumer.java:1206)
	at com.example.frauddetection.kafka.MessageConsumer.lambda$startListening$0(MessageConsumer.java:78)
	at java.util.concurrent.FutureTask.run(FutureTask.java:266)
	at java.util.concurrent.ThreadPoolExecutor.runWorker(ThreadPoolExecutor.java:1149)
	at java.util.concurrent.ThreadPoolExecutor$Worker.run(ThreadPoolExecutor.java:624)
	at java.lang.Thread.run(Thread.java:748)
2025-01-22 09:42:35,575 WARN org.apache.kafka.clients.NetworkClient [kafka-producer-network-thread | producer-1] [Producer clientId=producer-1] Error connecting to node sventaomac:9092 (id: 0 rack: null)
java.net.UnknownHostException: sventaomac
	at java.net.InetAddress.getAllByName0(InetAddress.java:1281)
	at java.net.InetAddress.getAllByName(InetAddress.java:1193)
	at java.net.InetAddress.getAllByName(InetAddress.java:1127)
	at org.apache.kafka.clients.DefaultHostResolver.resolve(DefaultHostResolver.java:27)
	at org.apache.kafka.clients.ClientUtils.resolve(ClientUtils.java:111)
	at org.apache.kafka.clients.ClusterConnectionStates$NodeConnectionState.currentAddress(ClusterConnectionStates.java:512)
	at org.apache.kafka.clients.ClusterConnectionStates$NodeConnectionState.access$200(ClusterConnectionStates.java:466)
	at org.apache.kafka.clients.ClusterConnectionStates.currentAddress(ClusterConnectionStates.java:172)
	at org.apache.kafka.clients.NetworkClient.initiateConnect(NetworkClient.java:1004)
	at org.apache.kafka.clients.NetworkClient.ready(NetworkClient.java:313)
	at org.apache.kafka.clients.producer.internals.Sender.sendProducerData(Sender.java:351)
	at org.apache.kafka.clients.producer.internals.Sender.runOnce(Sender.java:324)
	at org.apache.kafka.clients.producer.internals.Sender.run(Sender.java:240)
	at java.lang.Thread.run(Thread.java:748)
2025-01-22 09:42:35,923 WARN org.apache.kafka.clients.NetworkClient [kafka-producer-network-thread | producer-2] [Producer clientId=producer-2] Error connecting to node sventaomac:9092 (id: 0 rack: null)
java.net.UnknownHostException: sventaomac
	at java.net.InetAddress.getAllByName0(InetAddress.java:1281)
	at java.net.InetAddress.getAllByName(InetAddress.java:1193)
	at java.net.InetAddress.getAllByName(InetAddress.java:1127)
	at org.apache.kafka.clients.DefaultHostResolver.resolve(DefaultHostResolver.java:27)
	at org.apache.kafka.clients.ClientUtils.resolve(ClientUtils.java:111)
	at org.apache.kafka.clients.ClusterConnectionStates$NodeConnectionState.currentAddress(ClusterConnectionStates.java:512)
	at org.apache.kafka.clients.ClusterConnectionStates$NodeConnectionState.access$200(ClusterConnectionStates.java:466)
	at org.apache.kafka.clients.ClusterConnectionStates.currentAddress(ClusterConnectionStates.java:172)
	at org.apache.kafka.clients.NetworkClient.initiateConnect(NetworkClient.java:1004)
	at org.apache.kafka.clients.NetworkClient.ready(NetworkClient.java:313)
	at org.apache.kafka.clients.producer.internals.Sender.sendProducerData(Sender.java:351)
	at org.apache.kafka.clients.producer.internals.Sender.runOnce(Sender.java:324)
	at org.apache.kafka.clients.producer.internals.Sender.run(Sender.java:240)
	at java.lang.Thread.run(Thread.java:748)
2025-01-22 09:42:36,202 WARN org.apache.kafka.clients.NetworkClient [pool-4-thread-1] [Consumer clientId=consumer-fraud-detection-group-2, groupId=fraud-detection-group] Error connecting to node sventaomac:9092 (id: 0 rack: null)
java.net.UnknownHostException: sventaomac
	at java.net.InetAddress.getAllByName0(InetAddress.java:1281)
	at java.net.InetAddress.getAllByName(InetAddress.java:1193)
	at java.net.InetAddress.getAllByName(InetAddress.java:1127)
	at org.apache.kafka.clients.DefaultHostResolver.resolve(DefaultHostResolver.java:27)
	at org.apache.kafka.clients.ClientUtils.resolve(ClientUtils.java:111)
	at org.apache.kafka.clients.ClusterConnectionStates$NodeConnectionState.currentAddress(ClusterConnectionStates.java:512)
	at org.apache.kafka.clients.ClusterConnectionStates$NodeConnectionState.access$200(ClusterConnectionStates.java:466)
	at org.apache.kafka.clients.ClusterConnectionStates.currentAddress(ClusterConnectionStates.java:172)
	at org.apache.kafka.clients.NetworkClient.initiateConnect(NetworkClient.java:1004)
	at org.apache.kafka.clients.NetworkClient.access$600(NetworkClient.java:75)
	at org.apache.kafka.clients.NetworkClient$DefaultMetadataUpdater.maybeUpdate(NetworkClient.java:1177)
	at org.apache.kafka.clients.NetworkClient$DefaultMetadataUpdater.maybeUpdate(NetworkClient.java:1065)
	at org.apache.kafka.clients.NetworkClient.poll(NetworkClient.java:561)
	at org.apache.kafka.clients.consumer.internals.ConsumerNetworkClient.poll(ConsumerNetworkClient.java:265)
	at org.apache.kafka.clients.consumer.internals.ConsumerNetworkClient.poll(ConsumerNetworkClient.java:236)
	at org.apache.kafka.clients.consumer.KafkaConsumer.pollForFetches(KafkaConsumer.java:1292)
	at org.apache.kafka.clients.consumer.KafkaConsumer.poll(KafkaConsumer.java:1233)
	at org.apache.kafka.clients.consumer.KafkaConsumer.poll(KafkaConsumer.java:1206)
	at com.example.frauddetection.kafka.MessageConsumer.lambda$startListening$0(MessageConsumer.java:78)
	at java.util.concurrent.FutureTask.run(FutureTask.java:266)
	at java.util.concurrent.ThreadPoolExecutor.runWorker(ThreadPoolExecutor.java:1149)
	at java.util.concurrent.ThreadPoolExecutor$Worker.run(ThreadPoolExecutor.java:624)
	at java.lang.Thread.run(Thread.java:748)
2025-01-22 09:42:36,422 WARN org.apache.kafka.clients.NetworkClient [kafka-producer-network-thread | producer-1] [Producer clientId=producer-1] Error connecting to node sventaomac:9092 (id: 0 rack: null)
java.net.UnknownHostException: sventaomac
	at java.net.InetAddress.getAllByName0(InetAddress.java:1281)
	at java.net.InetAddress.getAllByName(InetAddress.java:1193)
	at java.net.InetAddress.getAllByName(InetAddress.java:1127)
	at org.apache.kafka.clients.DefaultHostResolver.resolve(DefaultHostResolver.java:27)
	at org.apache.kafka.clients.ClientUtils.resolve(ClientUtils.java:111)
	at org.apache.kafka.clients.ClusterConnectionStates$NodeConnectionState.currentAddress(ClusterConnectionStates.java:512)
	at org.apache.kafka.clients.ClusterConnectionStates$NodeConnectionState.access$200(ClusterConnectionStates.java:466)
	at org.apache.kafka.clients.ClusterConnectionStates.currentAddress(ClusterConnectionStates.java:172)
	at org.apache.kafka.clients.NetworkClient.initiateConnect(NetworkClient.java:1004)
	at org.apache.kafka.clients.NetworkClient.ready(NetworkClient.java:313)
	at org.apache.kafka.clients.producer.internals.Sender.sendProducerData(Sender.java:351)
	at org.apache.kafka.clients.producer.internals.Sender.runOnce(Sender.java:324)
	at org.apache.kafka.clients.producer.internals.Sender.run(Sender.java:240)
	at java.lang.Thread.run(Thread.java:748)
2025-01-22 09:42:36,585 WARN org.apache.kafka.clients.NetworkClient [pool-1-thread-1] [Consumer clientId=consumer-fraud-detection-group-1, groupId=fraud-detection-group] Error connecting to node sventaomac:9092 (id: 0 rack: null)
java.net.UnknownHostException: sventaomac
	at java.net.InetAddress.getAllByName0(InetAddress.java:1281)
	at java.net.InetAddress.getAllByName(InetAddress.java:1193)
	at java.net.InetAddress.getAllByName(InetAddress.java:1127)
	at org.apache.kafka.clients.DefaultHostResolver.resolve(DefaultHostResolver.java:27)
	at org.apache.kafka.clients.ClientUtils.resolve(ClientUtils.java:111)
	at org.apache.kafka.clients.ClusterConnectionStates$NodeConnectionState.currentAddress(ClusterConnectionStates.java:512)
	at org.apache.kafka.clients.ClusterConnectionStates$NodeConnectionState.access$200(ClusterConnectionStates.java:466)
	at org.apache.kafka.clients.ClusterConnectionStates.currentAddress(ClusterConnectionStates.java:172)
	at org.apache.kafka.clients.NetworkClient.initiateConnect(NetworkClient.java:1004)
	at org.apache.kafka.clients.NetworkClient.access$600(NetworkClient.java:75)
	at org.apache.kafka.clients.NetworkClient$DefaultMetadataUpdater.maybeUpdate(NetworkClient.java:1177)
	at org.apache.kafka.clients.NetworkClient$DefaultMetadataUpdater.maybeUpdate(NetworkClient.java:1065)
	at org.apache.kafka.clients.NetworkClient.poll(NetworkClient.java:561)
	at org.apache.kafka.clients.consumer.internals.ConsumerNetworkClient.poll(ConsumerNetworkClient.java:265)
	at org.apache.kafka.clients.consumer.internals.ConsumerNetworkClient.poll(ConsumerNetworkClient.java:236)
	at org.apache.kafka.clients.consumer.KafkaConsumer.pollForFetches(KafkaConsumer.java:1292)
	at org.apache.kafka.clients.consumer.KafkaConsumer.poll(KafkaConsumer.java:1233)
	at org.apache.kafka.clients.consumer.KafkaConsumer.poll(KafkaConsumer.java:1206)
	at com.example.frauddetection.kafka.MessageConsumer.lambda$startListening$0(MessageConsumer.java:78)
	at java.util.concurrent.FutureTask.run(FutureTask.java:266)
	at java.util.concurrent.ThreadPoolExecutor.runWorker(ThreadPoolExecutor.java:1149)
	at java.util.concurrent.ThreadPoolExecutor$Worker.run(ThreadPoolExecutor.java:624)
	at java.lang.Thread.run(Thread.java:748)
2025-01-22 09:42:37,106 WARN org.apache.kafka.clients.NetworkClient [kafka-producer-network-thread | producer-2] [Producer clientId=producer-2] Error connecting to node sventaomac:9092 (id: 0 rack: null)
java.net.UnknownHostException: sventaomac
	at java.net.InetAddress.getAllByName0(InetAddress.java:1281)
	at java.net.InetAddress.getAllByName(InetAddress.java:1193)
	at java.net.InetAddress.getAllByName(InetAddress.java:1127)
	at org.apache.kafka.clients.DefaultHostResolver.resolve(DefaultHostResolver.java:27)
	at org.apache.kafka.clients.ClientUtils.resolve(ClientUtils.java:111)
	at org.apache.kafka.clients.ClusterConnectionStates$NodeConnectionState.currentAddress(ClusterConnectionStates.java:512)
	at org.apache.kafka.clients.ClusterConnectionStates$NodeConnectionState.access$200(ClusterConnectionStates.java:466)
	at org.apache.kafka.clients.ClusterConnectionStates.currentAddress(ClusterConnectionStates.java:172)
	at org.apache.kafka.clients.NetworkClient.initiateConnect(NetworkClient.java:1004)
	at org.apache.kafka.clients.NetworkClient.ready(NetworkClient.java:313)
	at org.apache.kafka.clients.producer.internals.Sender.sendProducerData(Sender.java:351)
	at org.apache.kafka.clients.producer.internals.Sender.runOnce(Sender.java:324)
	at org.apache.kafka.clients.producer.internals.Sender.run(Sender.java:240)
	at java.lang.Thread.run(Thread.java:748)
2025-01-22 09:42:37,366 WARN org.apache.kafka.clients.NetworkClient [pool-4-thread-1] [Consumer clientId=consumer-fraud-detection-group-2, groupId=fraud-detection-group] Error connecting to node sventaomac:9092 (id: 0 rack: null)
java.net.UnknownHostException: sventaomac
	at java.net.InetAddress.getAllByName0(InetAddress.java:1281)
	at java.net.InetAddress.getAllByName(InetAddress.java:1193)
	at java.net.InetAddress.getAllByName(InetAddress.java:1127)
	at org.apache.kafka.clients.DefaultHostResolver.resolve(DefaultHostResolver.java:27)
	at org.apache.kafka.clients.ClientUtils.resolve(ClientUtils.java:111)
	at org.apache.kafka.clients.ClusterConnectionStates$NodeConnectionState.currentAddress(ClusterConnectionStates.java:512)
	at org.apache.kafka.clients.ClusterConnectionStates$NodeConnectionState.access$200(ClusterConnectionStates.java:466)
	at org.apache.kafka.clients.ClusterConnectionStates.currentAddress(ClusterConnectionStates.java:172)
	at org.apache.kafka.clients.NetworkClient.initiateConnect(NetworkClient.java:1004)
	at org.apache.kafka.clients.NetworkClient.access$600(NetworkClient.java:75)
	at org.apache.kafka.clients.NetworkClient$DefaultMetadataUpdater.maybeUpdate(NetworkClient.java:1177)
	at org.apache.kafka.clients.NetworkClient$DefaultMetadataUpdater.maybeUpdate(NetworkClient.java:1065)
	at org.apache.kafka.clients.NetworkClient.poll(NetworkClient.java:561)
	at org.apache.kafka.clients.consumer.internals.ConsumerNetworkClient.poll(ConsumerNetworkClient.java:265)
	at org.apache.kafka.clients.consumer.internals.ConsumerNetworkClient.poll(ConsumerNetworkClient.java:236)
	at org.apache.kafka.clients.consumer.internals.ConsumerNetworkClient.poll(ConsumerNetworkClient.java:227)
	at org.apache.kafka.clients.consumer.internals.ConsumerNetworkClient.awaitMetadataUpdate(ConsumerNetworkClient.java:164)
	at org.apache.kafka.clients.consumer.internals.AbstractCoordinator.ensureCoordinatorReady(AbstractCoordinator.java:257)
	at org.apache.kafka.clients.consumer.internals.ConsumerCoordinator.poll(ConsumerCoordinator.java:480)
	at org.apache.kafka.clients.consumer.KafkaConsumer.updateAssignmentMetadataIfNeeded(KafkaConsumer.java:1257)
	at org.apache.kafka.clients.consumer.KafkaConsumer.poll(KafkaConsumer.java:1226)
	at org.apache.kafka.clients.consumer.KafkaConsumer.poll(KafkaConsumer.java:1206)
	at com.example.frauddetection.kafka.MessageConsumer.lambda$startListening$0(MessageConsumer.java:78)
	at java.util.concurrent.FutureTask.run(FutureTask.java:266)
	at java.util.concurrent.ThreadPoolExecutor.runWorker(ThreadPoolExecutor.java:1149)
	at java.util.concurrent.ThreadPoolExecutor$Worker.run(ThreadPoolExecutor.java:624)
	at java.lang.Thread.run(Thread.java:748)
2025-01-22 09:42:37,446 WARN org.apache.kafka.clients.NetworkClient [kafka-producer-network-thread | producer-1] [Producer clientId=producer-1] Error connecting to node sventaomac:9092 (id: 0 rack: null)
java.net.UnknownHostException: sventaomac
	at java.net.InetAddress.getAllByName0(InetAddress.java:1281)
	at java.net.InetAddress.getAllByName(InetAddress.java:1193)
	at java.net.InetAddress.getAllByName(InetAddress.java:1127)
	at org.apache.kafka.clients.DefaultHostResolver.resolve(DefaultHostResolver.java:27)
	at org.apache.kafka.clients.ClientUtils.resolve(ClientUtils.java:111)
	at org.apache.kafka.clients.ClusterConnectionStates$NodeConnectionState.currentAddress(ClusterConnectionStates.java:512)
	at org.apache.kafka.clients.ClusterConnectionStates$NodeConnectionState.access$200(ClusterConnectionStates.java:466)
	at org.apache.kafka.clients.ClusterConnectionStates.currentAddress(ClusterConnectionStates.java:172)
	at org.apache.kafka.clients.NetworkClient.initiateConnect(NetworkClient.java:1004)
	at org.apache.kafka.clients.NetworkClient.ready(NetworkClient.java:313)
	at org.apache.kafka.clients.producer.internals.Sender.sendProducerData(Sender.java:351)
	at org.apache.kafka.clients.producer.internals.Sender.runOnce(Sender.java:324)
	at org.apache.kafka.clients.producer.internals.Sender.run(Sender.java:240)
	at java.lang.Thread.run(Thread.java:748)
2025-01-22 09:42:37,643 WARN org.apache.kafka.clients.NetworkClient [pool-1-thread-1] [Consumer clientId=consumer-fraud-detection-group-1, groupId=fraud-detection-group] Error connecting to node sventaomac:9092 (id: 0 rack: null)
java.net.UnknownHostException: sventaomac
	at java.net.InetAddress.getAllByName0(InetAddress.java:1281)
	at java.net.InetAddress.getAllByName(InetAddress.java:1193)
	at java.net.InetAddress.getAllByName(InetAddress.java:1127)
	at org.apache.kafka.clients.DefaultHostResolver.resolve(DefaultHostResolver.java:27)
	at org.apache.kafka.clients.ClientUtils.resolve(ClientUtils.java:111)
	at org.apache.kafka.clients.ClusterConnectionStates$NodeConnectionState.currentAddress(ClusterConnectionStates.java:512)
	at org.apache.kafka.clients.ClusterConnectionStates$NodeConnectionState.access$200(ClusterConnectionStates.java:466)
	at org.apache.kafka.clients.ClusterConnectionStates.currentAddress(ClusterConnectionStates.java:172)
	at org.apache.kafka.clients.NetworkClient.initiateConnect(NetworkClient.java:1004)
	at org.apache.kafka.clients.NetworkClient.access$600(NetworkClient.java:75)
	at org.apache.kafka.clients.NetworkClient$DefaultMetadataUpdater.maybeUpdate(NetworkClient.java:1177)
	at org.apache.kafka.clients.NetworkClient$DefaultMetadataUpdater.maybeUpdate(NetworkClient.java:1065)
	at org.apache.kafka.clients.NetworkClient.poll(NetworkClient.java:561)
	at org.apache.kafka.clients.consumer.internals.ConsumerNetworkClient.poll(ConsumerNetworkClient.java:265)
	at org.apache.kafka.clients.consumer.internals.ConsumerNetworkClient.poll(ConsumerNetworkClient.java:236)
	at org.apache.kafka.clients.consumer.internals.ConsumerNetworkClient.poll(ConsumerNetworkClient.java:227)
	at org.apache.kafka.clients.consumer.internals.ConsumerNetworkClient.awaitMetadataUpdate(ConsumerNetworkClient.java:164)
	at org.apache.kafka.clients.consumer.internals.AbstractCoordinator.ensureCoordinatorReady(AbstractCoordinator.java:257)
	at org.apache.kafka.clients.consumer.internals.ConsumerCoordinator.poll(ConsumerCoordinator.java:480)
	at org.apache.kafka.clients.consumer.KafkaConsumer.updateAssignmentMetadataIfNeeded(KafkaConsumer.java:1257)
	at org.apache.kafka.clients.consumer.KafkaConsumer.poll(KafkaConsumer.java:1226)
	at org.apache.kafka.clients.consumer.KafkaConsumer.poll(KafkaConsumer.java:1206)
	at com.example.frauddetection.kafka.MessageConsumer.lambda$startListening$0(MessageConsumer.java:78)
	at java.util.concurrent.FutureTask.run(FutureTask.java:266)
	at java.util.concurrent.ThreadPoolExecutor.runWorker(ThreadPoolExecutor.java:1149)
	at java.util.concurrent.ThreadPoolExecutor$Worker.run(ThreadPoolExecutor.java:624)
	at java.lang.Thread.run(Thread.java:748)
2025-01-22 09:42:38,190 WARN org.apache.kafka.clients.NetworkClient [kafka-producer-network-thread | producer-2] [Producer clientId=producer-2] Error connecting to node sventaomac:9092 (id: 0 rack: null)
java.net.UnknownHostException: sventaomac
	at java.net.InetAddress.getAllByName0(InetAddress.java:1281)
	at java.net.InetAddress.getAllByName(InetAddress.java:1193)
	at java.net.InetAddress.getAllByName(InetAddress.java:1127)
	at org.apache.kafka.clients.DefaultHostResolver.resolve(DefaultHostResolver.java:27)
	at org.apache.kafka.clients.ClientUtils.resolve(ClientUtils.java:111)
	at org.apache.kafka.clients.ClusterConnectionStates$NodeConnectionState.currentAddress(ClusterConnectionStates.java:512)
	at org.apache.kafka.clients.ClusterConnectionStates$NodeConnectionState.access$200(ClusterConnectionStates.java:466)
	at org.apache.kafka.clients.ClusterConnectionStates.currentAddress(ClusterConnectionStates.java:172)
	at org.apache.kafka.clients.NetworkClient.initiateConnect(NetworkClient.java:1004)
	at org.apache.kafka.clients.NetworkClient.ready(NetworkClient.java:313)
	at org.apache.kafka.clients.producer.internals.Sender.sendProducerData(Sender.java:351)
	at org.apache.kafka.clients.producer.internals.Sender.runOnce(Sender.java:324)
	at org.apache.kafka.clients.producer.internals.Sender.run(Sender.java:240)
	at java.lang.Thread.run(Thread.java:748)
2025-01-22 09:42:38,576 WARN org.apache.kafka.clients.NetworkClient [pool-4-thread-1] [Consumer clientId=consumer-fraud-detection-group-2, groupId=fraud-detection-group] Error connecting to node sventaomac:9092 (id: 0 rack: null)
java.net.UnknownHostException: sventaomac
	at java.net.InetAddress.getAllByName0(InetAddress.java:1281)
	at java.net.InetAddress.getAllByName(InetAddress.java:1193)
	at java.net.InetAddress.getAllByName(InetAddress.java:1127)
	at org.apache.kafka.clients.DefaultHostResolver.resolve(DefaultHostResolver.java:27)
	at org.apache.kafka.clients.ClientUtils.resolve(ClientUtils.java:111)
	at org.apache.kafka.clients.ClusterConnectionStates$NodeConnectionState.currentAddress(ClusterConnectionStates.java:512)
	at org.apache.kafka.clients.ClusterConnectionStates$NodeConnectionState.access$200(ClusterConnectionStates.java:466)
	at org.apache.kafka.clients.ClusterConnectionStates.currentAddress(ClusterConnectionStates.java:172)
	at org.apache.kafka.clients.NetworkClient.initiateConnect(NetworkClient.java:1004)
	at org.apache.kafka.clients.NetworkClient.access$600(NetworkClient.java:75)
	at org.apache.kafka.clients.NetworkClient$DefaultMetadataUpdater.maybeUpdate(NetworkClient.java:1177)
	at org.apache.kafka.clients.NetworkClient$DefaultMetadataUpdater.maybeUpdate(NetworkClient.java:1065)
	at org.apache.kafka.clients.NetworkClient.poll(NetworkClient.java:561)
	at org.apache.kafka.clients.consumer.internals.ConsumerNetworkClient.poll(ConsumerNetworkClient.java:265)
	at org.apache.kafka.clients.consumer.internals.ConsumerNetworkClient.poll(ConsumerNetworkClient.java:236)
	at org.apache.kafka.clients.consumer.internals.ConsumerNetworkClient.poll(ConsumerNetworkClient.java:227)
	at org.apache.kafka.clients.consumer.internals.ConsumerNetworkClient.awaitMetadataUpdate(ConsumerNetworkClient.java:164)
	at org.apache.kafka.clients.consumer.internals.AbstractCoordinator.ensureCoordinatorReady(AbstractCoordinator.java:257)
	at org.apache.kafka.clients.consumer.internals.ConsumerCoordinator.poll(ConsumerCoordinator.java:480)
	at org.apache.kafka.clients.consumer.KafkaConsumer.updateAssignmentMetadataIfNeeded(KafkaConsumer.java:1257)
	at org.apache.kafka.clients.consumer.KafkaConsumer.poll(KafkaConsumer.java:1226)
	at org.apache.kafka.clients.consumer.KafkaConsumer.poll(KafkaConsumer.java:1206)
	at com.example.frauddetection.kafka.MessageConsumer.lambda$startListening$0(MessageConsumer.java:78)
	at java.util.concurrent.FutureTask.run(FutureTask.java:266)
	at java.util.concurrent.ThreadPoolExecutor.runWorker(ThreadPoolExecutor.java:1149)
	at java.util.concurrent.ThreadPoolExecutor$Worker.run(ThreadPoolExecutor.java:624)
	at java.lang.Thread.run(Thread.java:748)
2025-01-22 09:42:38,618 WARN org.apache.kafka.clients.NetworkClient [kafka-producer-network-thread | producer-1] [Producer clientId=producer-1] Error connecting to node sventaomac:9092 (id: 0 rack: null)
java.net.UnknownHostException: sventaomac
	at java.net.InetAddress.getAllByName0(InetAddress.java:1281)
	at java.net.InetAddress.getAllByName(InetAddress.java:1193)
	at java.net.InetAddress.getAllByName(InetAddress.java:1127)
	at org.apache.kafka.clients.DefaultHostResolver.resolve(DefaultHostResolver.java:27)
	at org.apache.kafka.clients.ClientUtils.resolve(ClientUtils.java:111)
	at org.apache.kafka.clients.ClusterConnectionStates$NodeConnectionState.currentAddress(ClusterConnectionStates.java:512)
	at org.apache.kafka.clients.ClusterConnectionStates$NodeConnectionState.access$200(ClusterConnectionStates.java:466)
	at org.apache.kafka.clients.ClusterConnectionStates.currentAddress(ClusterConnectionStates.java:172)
	at org.apache.kafka.clients.NetworkClient.initiateConnect(NetworkClient.java:1004)
	at org.apache.kafka.clients.NetworkClient.ready(NetworkClient.java:313)
	at org.apache.kafka.clients.producer.internals.Sender.sendProducerData(Sender.java:351)
	at org.apache.kafka.clients.producer.internals.Sender.runOnce(Sender.java:324)
	at org.apache.kafka.clients.producer.internals.Sender.run(Sender.java:240)
	at java.lang.Thread.run(Thread.java:748)
2025-01-22 09:42:38,804 WARN org.apache.kafka.clients.NetworkClient [pool-1-thread-1] [Consumer clientId=consumer-fraud-detection-group-1, groupId=fraud-detection-group] Error connecting to node sventaomac:9092 (id: 0 rack: null)
java.net.UnknownHostException: sventaomac
	at java.net.InetAddress.getAllByName0(InetAddress.java:1281)
	at java.net.InetAddress.getAllByName(InetAddress.java:1193)
	at java.net.InetAddress.getAllByName(InetAddress.java:1127)
	at org.apache.kafka.clients.DefaultHostResolver.resolve(DefaultHostResolver.java:27)
	at org.apache.kafka.clients.ClientUtils.resolve(ClientUtils.java:111)
	at org.apache.kafka.clients.ClusterConnectionStates$NodeConnectionState.currentAddress(ClusterConnectionStates.java:512)
	at org.apache.kafka.clients.ClusterConnectionStates$NodeConnectionState.access$200(ClusterConnectionStates.java:466)
	at org.apache.kafka.clients.ClusterConnectionStates.currentAddress(ClusterConnectionStates.java:172)
	at org.apache.kafka.clients.NetworkClient.initiateConnect(NetworkClient.java:1004)
	at org.apache.kafka.clients.NetworkClient.access$600(NetworkClient.java:75)
	at org.apache.kafka.clients.NetworkClient$DefaultMetadataUpdater.maybeUpdate(NetworkClient.java:1177)
	at org.apache.kafka.clients.NetworkClient$DefaultMetadataUpdater.maybeUpdate(NetworkClient.java:1065)
	at org.apache.kafka.clients.NetworkClient.poll(NetworkClient.java:561)
	at org.apache.kafka.clients.consumer.internals.ConsumerNetworkClient.poll(ConsumerNetworkClient.java:265)
	at org.apache.kafka.clients.consumer.internals.ConsumerNetworkClient.poll(ConsumerNetworkClient.java:236)
	at org.apache.kafka.clients.consumer.KafkaConsumer.pollForFetches(KafkaConsumer.java:1292)
	at org.apache.kafka.clients.consumer.KafkaConsumer.poll(KafkaConsumer.java:1233)
	at org.apache.kafka.clients.consumer.KafkaConsumer.poll(KafkaConsumer.java:1206)
	at com.example.frauddetection.kafka.MessageConsumer.lambda$startListening$0(MessageConsumer.java:78)
	at java.util.concurrent.FutureTask.run(FutureTask.java:266)
	at java.util.concurrent.ThreadPoolExecutor.runWorker(ThreadPoolExecutor.java:1149)
	at java.util.concurrent.ThreadPoolExecutor$Worker.run(ThreadPoolExecutor.java:624)
	at java.lang.Thread.run(Thread.java:748)
2025-01-22 09:42:39,390 WARN org.apache.kafka.clients.NetworkClient [kafka-producer-network-thread | producer-2] [Producer clientId=producer-2] Error connecting to node sventaomac:9092 (id: 0 rack: null)
java.net.UnknownHostException: sventaomac
	at java.net.InetAddress.getAllByName0(InetAddress.java:1281)
	at java.net.InetAddress.getAllByName(InetAddress.java:1193)
	at java.net.InetAddress.getAllByName(InetAddress.java:1127)
	at org.apache.kafka.clients.DefaultHostResolver.resolve(DefaultHostResolver.java:27)
	at org.apache.kafka.clients.ClientUtils.resolve(ClientUtils.java:111)
	at org.apache.kafka.clients.ClusterConnectionStates$NodeConnectionState.currentAddress(ClusterConnectionStates.java:512)
	at org.apache.kafka.clients.ClusterConnectionStates$NodeConnectionState.access$200(ClusterConnectionStates.java:466)
	at org.apache.kafka.clients.ClusterConnectionStates.currentAddress(ClusterConnectionStates.java:172)
	at org.apache.kafka.clients.NetworkClient.initiateConnect(NetworkClient.java:1004)
	at org.apache.kafka.clients.NetworkClient.ready(NetworkClient.java:313)
	at org.apache.kafka.clients.producer.internals.Sender.sendProducerData(Sender.java:351)
	at org.apache.kafka.clients.producer.internals.Sender.runOnce(Sender.java:324)
	at org.apache.kafka.clients.producer.internals.Sender.run(Sender.java:240)
	at java.lang.Thread.run(Thread.java:748)
2025-01-22 09:42:39,555 INFO org.springframework.boot.test.context.SpringBootTestContextBootstrapper [main] Neither @ContextConfiguration nor @ContextHierarchy found for test class [com.example.frauddetection.FraudDetectionConsumerTest], using SpringBootContextLoader
2025-01-22 09:42:39,556 INFO org.springframework.test.context.support.AbstractContextLoader [main] Could not detect default resource locations for test class [com.example.frauddetection.FraudDetectionConsumerTest]: no resource found for suffixes {-context.xml, Context.groovy}.
2025-01-22 09:42:39,559 INFO org.springframework.boot.test.context.SpringBootTestContextBootstrapper [main] Loaded default TestExecutionListener class names from location [META-INF/spring.factories]: [org.springframework.boot.test.mock.mockito.MockitoTestExecutionListener, org.springframework.boot.test.mock.mockito.ResetMocksTestExecutionListener, org.springframework.boot.test.autoconfigure.restdocs.RestDocsTestExecutionListener, org.springframework.boot.test.autoconfigure.web.client.MockRestServiceServerResetTestExecutionListener, org.springframework.boot.test.autoconfigure.web.servlet.MockMvcPrintOnlyOnFailureTestExecutionListener, org.springframework.boot.test.autoconfigure.web.servlet.WebDriverTestExecutionListener, org.springframework.boot.test.autoconfigure.webservices.client.MockWebServiceServerTestExecutionListener, org.springframework.test.context.web.ServletTestExecutionListener, org.springframework.test.context.support.DirtiesContextBeforeModesTestExecutionListener, org.springframework.test.context.event.ApplicationEventsTestExecutionListener, org.springframework.test.context.support.DependencyInjectionTestExecutionListener, org.springframework.test.context.support.DirtiesContextTestExecutionListener, org.springframework.test.context.transaction.TransactionalTestExecutionListener, org.springframework.test.context.jdbc.SqlScriptsTestExecutionListener, org.springframework.test.context.event.EventPublishingTestExecutionListener]
2025-01-22 09:42:39,560 INFO org.springframework.boot.test.context.SpringBootTestContextBootstrapper [main] Using TestExecutionListeners: [org.springframework.test.context.web.ServletTestExecutionListener@1d1deb11, org.springframework.test.context.support.DirtiesContextBeforeModesTestExecutionListener@18d1d137, org.springframework.test.context.event.ApplicationEventsTestExecutionListener@5f4f6f89, org.springframework.boot.test.mock.mockito.MockitoTestExecutionListener@7c45191e, org.springframework.boot.test.autoconfigure.SpringBootDependencyInjectionTestExecutionListener@ef220e4, org.springframework.test.context.support.DirtiesContextTestExecutionListener@18bc1064, org.springframework.test.context.transaction.TransactionalTestExecutionListener@3cab07dd, org.springframework.test.context.jdbc.SqlScriptsTestExecutionListener@68f264bf, org.springframework.test.context.event.EventPublishingTestExecutionListener@77988c45, org.springframework.boot.test.mock.mockito.ResetMocksTestExecutionListener@f5f8de2, org.springframework.boot.test.autoconfigure.restdocs.RestDocsTestExecutionListener@6baee63b, org.springframework.boot.test.autoconfigure.web.client.MockRestServiceServerResetTestExecutionListener@1002b06d, org.springframework.boot.test.autoconfigure.web.servlet.MockMvcPrintOnlyOnFailureTestExecutionListener@234bfc8c, org.springframework.boot.test.autoconfigure.web.servlet.WebDriverTestExecutionListener@5008559a, org.springframework.boot.test.autoconfigure.webservices.client.MockWebServiceServerTestExecutionListener@4c0bfe9e]
2025-01-22 09:42:39,632 WARN org.apache.kafka.clients.NetworkClient [pool-4-thread-1] [Consumer clientId=consumer-fraud-detection-group-2, groupId=fraud-detection-group] Error connecting to node sventaomac:9092 (id: 0 rack: null)
java.net.UnknownHostException: sventaomac
	at java.net.InetAddress.getAllByName0(InetAddress.java:1281)
	at java.net.InetAddress.getAllByName(InetAddress.java:1193)
	at java.net.InetAddress.getAllByName(InetAddress.java:1127)
	at org.apache.kafka.clients.DefaultHostResolver.resolve(DefaultHostResolver.java:27)
	at org.apache.kafka.clients.ClientUtils.resolve(ClientUtils.java:111)
	at org.apache.kafka.clients.ClusterConnectionStates$NodeConnectionState.currentAddress(ClusterConnectionStates.java:512)
	at org.apache.kafka.clients.ClusterConnectionStates$NodeConnectionState.access$200(ClusterConnectionStates.java:466)
	at org.apache.kafka.clients.ClusterConnectionStates.currentAddress(ClusterConnectionStates.java:172)
	at org.apache.kafka.clients.NetworkClient.initiateConnect(NetworkClient.java:1004)
	at org.apache.kafka.clients.NetworkClient.access$600(NetworkClient.java:75)
	at org.apache.kafka.clients.NetworkClient$DefaultMetadataUpdater.maybeUpdate(NetworkClient.java:1177)
	at org.apache.kafka.clients.NetworkClient$DefaultMetadataUpdater.maybeUpdate(NetworkClient.java:1065)
	at org.apache.kafka.clients.NetworkClient.poll(NetworkClient.java:561)
	at org.apache.kafka.clients.consumer.internals.ConsumerNetworkClient.poll(ConsumerNetworkClient.java:265)
	at org.apache.kafka.clients.consumer.internals.ConsumerNetworkClient.poll(ConsumerNetworkClient.java:236)
	at org.apache.kafka.clients.consumer.KafkaConsumer.pollForFetches(KafkaConsumer.java:1292)
	at org.apache.kafka.clients.consumer.KafkaConsumer.poll(KafkaConsumer.java:1233)
	at org.apache.kafka.clients.consumer.KafkaConsumer.poll(KafkaConsumer.java:1206)
	at com.example.frauddetection.kafka.MessageConsumer.lambda$startListening$0(MessageConsumer.java:78)
	at java.util.concurrent.FutureTask.run(FutureTask.java:266)
	at java.util.concurrent.ThreadPoolExecutor.runWorker(ThreadPoolExecutor.java:1149)
	at java.util.concurrent.ThreadPoolExecutor$Worker.run(ThreadPoolExecutor.java:624)
	at java.lang.Thread.run(Thread.java:748)
2025-01-22 09:42:39,639 WARN org.apache.kafka.clients.NetworkClient [kafka-producer-network-thread | producer-1] [Producer clientId=producer-1] Error connecting to node sventaomac:9092 (id: 0 rack: null)
java.net.UnknownHostException: sventaomac
	at java.net.InetAddress.getAllByName0(InetAddress.java:1281)
	at java.net.InetAddress.getAllByName(InetAddress.java:1193)
	at java.net.InetAddress.getAllByName(InetAddress.java:1127)
	at org.apache.kafka.clients.DefaultHostResolver.resolve(DefaultHostResolver.java:27)
	at org.apache.kafka.clients.ClientUtils.resolve(ClientUtils.java:111)
	at org.apache.kafka.clients.ClusterConnectionStates$NodeConnectionState.currentAddress(ClusterConnectionStates.java:512)
	at org.apache.kafka.clients.ClusterConnectionStates$NodeConnectionState.access$200(ClusterConnectionStates.java:466)
	at org.apache.kafka.clients.ClusterConnectionStates.currentAddress(ClusterConnectionStates.java:172)
	at org.apache.kafka.clients.NetworkClient.initiateConnect(NetworkClient.java:1004)
	at org.apache.kafka.clients.NetworkClient.ready(NetworkClient.java:313)
	at org.apache.kafka.clients.producer.internals.Sender.sendProducerData(Sender.java:351)
	at org.apache.kafka.clients.producer.internals.Sender.runOnce(Sender.java:324)
	at org.apache.kafka.clients.producer.internals.Sender.run(Sender.java:240)
	at java.lang.Thread.run(Thread.java:748)
2025-01-22 09:42:40,025 WARN org.apache.kafka.clients.NetworkClient [pool-1-thread-1] [Consumer clientId=consumer-fraud-detection-group-1, groupId=fraud-detection-group] Error connecting to node sventaomac:9092 (id: 0 rack: null)
java.net.UnknownHostException: sventaomac
	at java.net.InetAddress.getAllByName0(InetAddress.java:1281)
	at java.net.InetAddress.getAllByName(InetAddress.java:1193)
	at java.net.InetAddress.getAllByName(InetAddress.java:1127)
	at org.apache.kafka.clients.DefaultHostResolver.resolve(DefaultHostResolver.java:27)
	at org.apache.kafka.clients.ClientUtils.resolve(ClientUtils.java:111)
	at org.apache.kafka.clients.ClusterConnectionStates$NodeConnectionState.currentAddress(ClusterConnectionStates.java:512)
	at org.apache.kafka.clients.ClusterConnectionStates$NodeConnectionState.access$200(ClusterConnectionStates.java:466)
	at org.apache.kafka.clients.ClusterConnectionStates.currentAddress(ClusterConnectionStates.java:172)
	at org.apache.kafka.clients.NetworkClient.initiateConnect(NetworkClient.java:1004)
	at org.apache.kafka.clients.NetworkClient.access$600(NetworkClient.java:75)
	at org.apache.kafka.clients.NetworkClient$DefaultMetadataUpdater.maybeUpdate(NetworkClient.java:1177)
	at org.apache.kafka.clients.NetworkClient$DefaultMetadataUpdater.maybeUpdate(NetworkClient.java:1065)
	at org.apache.kafka.clients.NetworkClient.poll(NetworkClient.java:561)
	at org.apache.kafka.clients.consumer.internals.ConsumerNetworkClient.poll(ConsumerNetworkClient.java:265)
	at org.apache.kafka.clients.consumer.internals.ConsumerNetworkClient.poll(ConsumerNetworkClient.java:236)
	at org.apache.kafka.clients.consumer.KafkaConsumer.pollForFetches(KafkaConsumer.java:1292)
	at org.apache.kafka.clients.consumer.KafkaConsumer.poll(KafkaConsumer.java:1233)
	at org.apache.kafka.clients.consumer.KafkaConsumer.poll(KafkaConsumer.java:1206)
	at com.example.frauddetection.kafka.MessageConsumer.lambda$startListening$0(MessageConsumer.java:78)
	at java.util.concurrent.FutureTask.run(FutureTask.java:266)
	at java.util.concurrent.ThreadPoolExecutor.runWorker(ThreadPoolExecutor.java:1149)
	at java.util.concurrent.ThreadPoolExecutor$Worker.run(ThreadPoolExecutor.java:624)
	at java.lang.Thread.run(Thread.java:748)
2025-01-22 09:42:40,413 WARN org.apache.kafka.clients.NetworkClient [kafka-producer-network-thread | producer-2] [Producer clientId=producer-2] Error connecting to node sventaomac:9092 (id: 0 rack: null)
java.net.UnknownHostException: sventaomac
	at java.net.InetAddress.getAllByName0(InetAddress.java:1281)
	at java.net.InetAddress.getAllByName(InetAddress.java:1193)
	at java.net.InetAddress.getAllByName(InetAddress.java:1127)
	at org.apache.kafka.clients.DefaultHostResolver.resolve(DefaultHostResolver.java:27)
	at org.apache.kafka.clients.ClientUtils.resolve(ClientUtils.java:111)
	at org.apache.kafka.clients.ClusterConnectionStates$NodeConnectionState.currentAddress(ClusterConnectionStates.java:512)
	at org.apache.kafka.clients.ClusterConnectionStates$NodeConnectionState.access$200(ClusterConnectionStates.java:466)
	at org.apache.kafka.clients.ClusterConnectionStates.currentAddress(ClusterConnectionStates.java:172)
	at org.apache.kafka.clients.NetworkClient.initiateConnect(NetworkClient.java:1004)
	at org.apache.kafka.clients.NetworkClient.ready(NetworkClient.java:313)
	at org.apache.kafka.clients.producer.internals.Sender.sendProducerData(Sender.java:351)
	at org.apache.kafka.clients.producer.internals.Sender.runOnce(Sender.java:324)
	at org.apache.kafka.clients.producer.internals.Sender.run(Sender.java:240)
	at java.lang.Thread.run(Thread.java:748)
2025-01-22 09:42:40,573 ERROR com.example.frauddetection.kafka.FraudDetectionConsumer [main] consumeMsg message：{"amount":100,"bussTime":1737510160572,"transactionId":"transactionId01"} fail, input parameter error
2025-01-22 09:42:40,690 WARN org.apache.kafka.clients.NetworkClient [kafka-producer-network-thread | producer-1] [Producer clientId=producer-1] Error connecting to node sventaomac:9092 (id: 0 rack: null)
java.net.UnknownHostException: sventaomac
	at java.net.InetAddress.getAllByName0(InetAddress.java:1281)
	at java.net.InetAddress.getAllByName(InetAddress.java:1193)
	at java.net.InetAddress.getAllByName(InetAddress.java:1127)
	at org.apache.kafka.clients.DefaultHostResolver.resolve(DefaultHostResolver.java:27)
	at org.apache.kafka.clients.ClientUtils.resolve(ClientUtils.java:111)
	at org.apache.kafka.clients.ClusterConnectionStates$NodeConnectionState.currentAddress(ClusterConnectionStates.java:512)
	at org.apache.kafka.clients.ClusterConnectionStates$NodeConnectionState.access$200(ClusterConnectionStates.java:466)
	at org.apache.kafka.clients.ClusterConnectionStates.currentAddress(ClusterConnectionStates.java:172)
	at org.apache.kafka.clients.NetworkClient.initiateConnect(NetworkClient.java:1004)
	at org.apache.kafka.clients.NetworkClient.ready(NetworkClient.java:313)
	at org.apache.kafka.clients.producer.internals.Sender.sendProducerData(Sender.java:351)
	at org.apache.kafka.clients.producer.internals.Sender.runOnce(Sender.java:324)
	at org.apache.kafka.clients.producer.internals.Sender.run(Sender.java:240)
	at java.lang.Thread.run(Thread.java:748)
2025-01-22 09:42:40,790 WARN org.apache.kafka.clients.NetworkClient [pool-4-thread-1] [Consumer clientId=consumer-fraud-detection-group-2, groupId=fraud-detection-group] Error connecting to node sventaomac:9092 (id: 0 rack: null)
java.net.UnknownHostException: sventaomac
	at java.net.InetAddress.getAllByName0(InetAddress.java:1281)
	at java.net.InetAddress.getAllByName(InetAddress.java:1193)
	at java.net.InetAddress.getAllByName(InetAddress.java:1127)
	at org.apache.kafka.clients.DefaultHostResolver.resolve(DefaultHostResolver.java:27)
	at org.apache.kafka.clients.ClientUtils.resolve(ClientUtils.java:111)
	at org.apache.kafka.clients.ClusterConnectionStates$NodeConnectionState.currentAddress(ClusterConnectionStates.java:512)
	at org.apache.kafka.clients.ClusterConnectionStates$NodeConnectionState.access$200(ClusterConnectionStates.java:466)
	at org.apache.kafka.clients.ClusterConnectionStates.currentAddress(ClusterConnectionStates.java:172)
	at org.apache.kafka.clients.NetworkClient.initiateConnect(NetworkClient.java:1004)
	at org.apache.kafka.clients.NetworkClient.access$600(NetworkClient.java:75)
	at org.apache.kafka.clients.NetworkClient$DefaultMetadataUpdater.maybeUpdate(NetworkClient.java:1177)
	at org.apache.kafka.clients.NetworkClient$DefaultMetadataUpdater.maybeUpdate(NetworkClient.java:1065)
	at org.apache.kafka.clients.NetworkClient.poll(NetworkClient.java:561)
	at org.apache.kafka.clients.consumer.internals.ConsumerNetworkClient.poll(ConsumerNetworkClient.java:265)
	at org.apache.kafka.clients.consumer.internals.ConsumerNetworkClient.poll(ConsumerNetworkClient.java:236)
	at org.apache.kafka.clients.consumer.internals.ConsumerNetworkClient.poll(ConsumerNetworkClient.java:227)
	at org.apache.kafka.clients.consumer.internals.ConsumerNetworkClient.awaitMetadataUpdate(ConsumerNetworkClient.java:164)
	at org.apache.kafka.clients.consumer.internals.AbstractCoordinator.ensureCoordinatorReady(AbstractCoordinator.java:257)
	at org.apache.kafka.clients.consumer.internals.ConsumerCoordinator.poll(ConsumerCoordinator.java:480)
	at org.apache.kafka.clients.consumer.KafkaConsumer.updateAssignmentMetadataIfNeeded(KafkaConsumer.java:1257)
	at org.apache.kafka.clients.consumer.KafkaConsumer.poll(KafkaConsumer.java:1226)
	at org.apache.kafka.clients.consumer.KafkaConsumer.poll(KafkaConsumer.java:1206)
	at com.example.frauddetection.kafka.MessageConsumer.lambda$startListening$0(MessageConsumer.java:78)
	at java.util.concurrent.FutureTask.run(FutureTask.java:266)
	at java.util.concurrent.ThreadPoolExecutor.runWorker(ThreadPoolExecutor.java:1149)
	at java.util.concurrent.ThreadPoolExecutor$Worker.run(ThreadPoolExecutor.java:624)
	at java.lang.Thread.run(Thread.java:748)
2025-01-22 09:42:41,131 WARN org.apache.kafka.clients.NetworkClient [pool-1-thread-1] [Consumer clientId=consumer-fraud-detection-group-1, groupId=fraud-detection-group] Error connecting to node sventaomac:9092 (id: 0 rack: null)
java.net.UnknownHostException: sventaomac
	at java.net.InetAddress.getAllByName0(InetAddress.java:1281)
	at java.net.InetAddress.getAllByName(InetAddress.java:1193)
	at java.net.InetAddress.getAllByName(InetAddress.java:1127)
	at org.apache.kafka.clients.DefaultHostResolver.resolve(DefaultHostResolver.java:27)
	at org.apache.kafka.clients.ClientUtils.resolve(ClientUtils.java:111)
	at org.apache.kafka.clients.ClusterConnectionStates$NodeConnectionState.currentAddress(ClusterConnectionStates.java:512)
	at org.apache.kafka.clients.ClusterConnectionStates$NodeConnectionState.access$200(ClusterConnectionStates.java:466)
	at org.apache.kafka.clients.ClusterConnectionStates.currentAddress(ClusterConnectionStates.java:172)
	at org.apache.kafka.clients.NetworkClient.initiateConnect(NetworkClient.java:1004)
	at org.apache.kafka.clients.NetworkClient.access$600(NetworkClient.java:75)
	at org.apache.kafka.clients.NetworkClient$DefaultMetadataUpdater.maybeUpdate(NetworkClient.java:1177)
	at org.apache.kafka.clients.NetworkClient$DefaultMetadataUpdater.maybeUpdate(NetworkClient.java:1065)
	at org.apache.kafka.clients.NetworkClient.poll(NetworkClient.java:561)
	at org.apache.kafka.clients.consumer.internals.ConsumerNetworkClient.poll(ConsumerNetworkClient.java:265)
	at org.apache.kafka.clients.consumer.internals.ConsumerNetworkClient.poll(ConsumerNetworkClient.java:236)
	at org.apache.kafka.clients.consumer.KafkaConsumer.pollForFetches(KafkaConsumer.java:1292)
	at org.apache.kafka.clients.consumer.KafkaConsumer.poll(KafkaConsumer.java:1233)
	at org.apache.kafka.clients.consumer.KafkaConsumer.poll(KafkaConsumer.java:1206)
	at com.example.frauddetection.kafka.MessageConsumer.lambda$startListening$0(MessageConsumer.java:78)
	at java.util.concurrent.FutureTask.run(FutureTask.java:266)
	at java.util.concurrent.ThreadPoolExecutor.runWorker(ThreadPoolExecutor.java:1149)
	at java.util.concurrent.ThreadPoolExecutor$Worker.run(ThreadPoolExecutor.java:624)
	at java.lang.Thread.run(Thread.java:748)
2025-01-22 09:42:41,513 WARN org.apache.kafka.clients.NetworkClient [kafka-producer-network-thread | producer-2] [Producer clientId=producer-2] Error connecting to node sventaomac:9092 (id: 0 rack: null)
java.net.UnknownHostException: sventaomac
	at java.net.InetAddress.getAllByName0(InetAddress.java:1281)
	at java.net.InetAddress.getAllByName(InetAddress.java:1193)
	at java.net.InetAddress.getAllByName(InetAddress.java:1127)
	at org.apache.kafka.clients.DefaultHostResolver.resolve(DefaultHostResolver.java:27)
	at org.apache.kafka.clients.ClientUtils.resolve(ClientUtils.java:111)
	at org.apache.kafka.clients.ClusterConnectionStates$NodeConnectionState.currentAddress(ClusterConnectionStates.java:512)
	at org.apache.kafka.clients.ClusterConnectionStates$NodeConnectionState.access$200(ClusterConnectionStates.java:466)
	at org.apache.kafka.clients.ClusterConnectionStates.currentAddress(ClusterConnectionStates.java:172)
	at org.apache.kafka.clients.NetworkClient.initiateConnect(NetworkClient.java:1004)
	at org.apache.kafka.clients.NetworkClient.ready(NetworkClient.java:313)
	at org.apache.kafka.clients.producer.internals.Sender.sendProducerData(Sender.java:351)
	at org.apache.kafka.clients.producer.internals.Sender.runOnce(Sender.java:324)
	at org.apache.kafka.clients.producer.internals.Sender.run(Sender.java:240)
	at java.lang.Thread.run(Thread.java:748)
2025-01-22 09:42:41,609 ERROR com.example.frauddetection.kafka.FraudDetectionConsumer [main] consumeMsg message：{"amount":100,"bussTime":1737510161591,"transactionId":"transactionId04","userId":111} fail, too busy
2025-01-22 09:42:41,632 INFO org.apache.kafka.clients.producer.KafkaProducer [SpringApplicationShutdownHook] [Producer clientId=producer-2] Closing the Kafka producer with timeoutMillis = 30000 ms.
2025-01-22 09:42:41,705 WARN org.apache.kafka.clients.NetworkClient [kafka-producer-network-thread | producer-1] [Producer clientId=producer-1] Error connecting to node sventaomac:9092 (id: 0 rack: null)
java.net.UnknownHostException: sventaomac: nodename nor servname provided, or not known
	at java.net.Inet6AddressImpl.lookupAllHostAddr(Native Method)
	at java.net.InetAddress$2.lookupAllHostAddr(InetAddress.java:929)
	at java.net.InetAddress.getAddressesFromNameService(InetAddress.java:1324)
	at java.net.InetAddress.getAllByName0(InetAddress.java:1277)
	at java.net.InetAddress.getAllByName(InetAddress.java:1193)
	at java.net.InetAddress.getAllByName(InetAddress.java:1127)
	at org.apache.kafka.clients.DefaultHostResolver.resolve(DefaultHostResolver.java:27)
	at org.apache.kafka.clients.ClientUtils.resolve(ClientUtils.java:111)
	at org.apache.kafka.clients.ClusterConnectionStates$NodeConnectionState.currentAddress(ClusterConnectionStates.java:512)
	at org.apache.kafka.clients.ClusterConnectionStates$NodeConnectionState.access$200(ClusterConnectionStates.java:466)
	at org.apache.kafka.clients.ClusterConnectionStates.currentAddress(ClusterConnectionStates.java:172)
	at org.apache.kafka.clients.NetworkClient.initiateConnect(NetworkClient.java:1004)
	at org.apache.kafka.clients.NetworkClient.ready(NetworkClient.java:313)
	at org.apache.kafka.clients.producer.internals.Sender.sendProducerData(Sender.java:351)
	at org.apache.kafka.clients.producer.internals.Sender.runOnce(Sender.java:324)
	at org.apache.kafka.clients.producer.internals.Sender.run(Sender.java:240)
	at java.lang.Thread.run(Thread.java:748)
2025-01-22 09:42:41,798 WARN org.apache.kafka.clients.NetworkClient [pool-4-thread-1] [Consumer clientId=consumer-fraud-detection-group-2, groupId=fraud-detection-group] Error connecting to node sventaomac:9092 (id: 0 rack: null)
java.net.UnknownHostException: sventaomac
	at java.net.InetAddress.getAllByName0(InetAddress.java:1281)
	at java.net.InetAddress.getAllByName(InetAddress.java:1193)
	at java.net.InetAddress.getAllByName(InetAddress.java:1127)
	at org.apache.kafka.clients.DefaultHostResolver.resolve(DefaultHostResolver.java:27)
	at org.apache.kafka.clients.ClientUtils.resolve(ClientUtils.java:111)
	at org.apache.kafka.clients.ClusterConnectionStates$NodeConnectionState.currentAddress(ClusterConnectionStates.java:512)
	at org.apache.kafka.clients.ClusterConnectionStates$NodeConnectionState.access$200(ClusterConnectionStates.java:466)
	at org.apache.kafka.clients.ClusterConnectionStates.currentAddress(ClusterConnectionStates.java:172)
	at org.apache.kafka.clients.NetworkClient.initiateConnect(NetworkClient.java:1004)
	at org.apache.kafka.clients.NetworkClient.access$600(NetworkClient.java:75)
	at org.apache.kafka.clients.NetworkClient$DefaultMetadataUpdater.maybeUpdate(NetworkClient.java:1177)
	at org.apache.kafka.clients.NetworkClient$DefaultMetadataUpdater.maybeUpdate(NetworkClient.java:1065)
	at org.apache.kafka.clients.NetworkClient.poll(NetworkClient.java:561)
	at org.apache.kafka.clients.consumer.internals.ConsumerNetworkClient.poll(ConsumerNetworkClient.java:265)
	at org.apache.kafka.clients.consumer.internals.ConsumerNetworkClient.poll(ConsumerNetworkClient.java:236)
	at org.apache.kafka.clients.consumer.internals.ConsumerNetworkClient.poll(ConsumerNetworkClient.java:227)
	at org.apache.kafka.clients.consumer.internals.ConsumerNetworkClient.awaitMetadataUpdate(ConsumerNetworkClient.java:164)
	at org.apache.kafka.clients.consumer.internals.AbstractCoordinator.ensureCoordinatorReady(AbstractCoordinator.java:257)
	at org.apache.kafka.clients.consumer.internals.ConsumerCoordinator.poll(ConsumerCoordinator.java:480)
	at org.apache.kafka.clients.consumer.KafkaConsumer.updateAssignmentMetadataIfNeeded(KafkaConsumer.java:1257)
	at org.apache.kafka.clients.consumer.KafkaConsumer.poll(KafkaConsumer.java:1226)
	at org.apache.kafka.clients.consumer.KafkaConsumer.poll(KafkaConsumer.java:1206)
	at com.example.frauddetection.kafka.MessageConsumer.lambda$startListening$0(MessageConsumer.java:78)
	at java.util.concurrent.FutureTask.run(FutureTask.java:266)
	at java.util.concurrent.ThreadPoolExecutor.runWorker(ThreadPoolExecutor.java:1149)
	at java.util.concurrent.ThreadPoolExecutor$Worker.run(ThreadPoolExecutor.java:624)
	at java.lang.Thread.run(Thread.java:748)
2025-01-22 09:42:42,249 WARN org.apache.kafka.clients.NetworkClient [pool-1-thread-1] [Consumer clientId=consumer-fraud-detection-group-1, groupId=fraud-detection-group] Error connecting to node sventaomac:9092 (id: 0 rack: null)
java.net.UnknownHostException: sventaomac
	at java.net.InetAddress.getAllByName0(InetAddress.java:1281)
	at java.net.InetAddress.getAllByName(InetAddress.java:1193)
	at java.net.InetAddress.getAllByName(InetAddress.java:1127)
	at org.apache.kafka.clients.DefaultHostResolver.resolve(DefaultHostResolver.java:27)
	at org.apache.kafka.clients.ClientUtils.resolve(ClientUtils.java:111)
	at org.apache.kafka.clients.ClusterConnectionStates$NodeConnectionState.currentAddress(ClusterConnectionStates.java:512)
	at org.apache.kafka.clients.ClusterConnectionStates$NodeConnectionState.access$200(ClusterConnectionStates.java:466)
	at org.apache.kafka.clients.ClusterConnectionStates.currentAddress(ClusterConnectionStates.java:172)
	at org.apache.kafka.clients.NetworkClient.initiateConnect(NetworkClient.java:1004)
	at org.apache.kafka.clients.NetworkClient.access$600(NetworkClient.java:75)
	at org.apache.kafka.clients.NetworkClient$DefaultMetadataUpdater.maybeUpdate(NetworkClient.java:1177)
	at org.apache.kafka.clients.NetworkClient$DefaultMetadataUpdater.maybeUpdate(NetworkClient.java:1065)
	at org.apache.kafka.clients.NetworkClient.poll(NetworkClient.java:561)
	at org.apache.kafka.clients.consumer.internals.ConsumerNetworkClient.poll(ConsumerNetworkClient.java:265)
	at org.apache.kafka.clients.consumer.internals.ConsumerNetworkClient.poll(ConsumerNetworkClient.java:236)
	at org.apache.kafka.clients.consumer.KafkaConsumer.pollForFetches(KafkaConsumer.java:1292)
	at org.apache.kafka.clients.consumer.KafkaConsumer.poll(KafkaConsumer.java:1233)
	at org.apache.kafka.clients.consumer.KafkaConsumer.poll(KafkaConsumer.java:1206)
	at com.example.frauddetection.kafka.MessageConsumer.lambda$startListening$0(MessageConsumer.java:78)
	at java.util.concurrent.FutureTask.run(FutureTask.java:266)
	at java.util.concurrent.ThreadPoolExecutor.runWorker(ThreadPoolExecutor.java:1149)
	at java.util.concurrent.ThreadPoolExecutor$Worker.run(ThreadPoolExecutor.java:624)
	at java.lang.Thread.run(Thread.java:748)
2025-01-22 09:42:42,460 WARN org.apache.kafka.clients.NetworkClient [kafka-producer-network-thread | producer-2] [Producer clientId=producer-2] Error connecting to node sventaomac:9092 (id: 0 rack: null)
java.net.UnknownHostException: sventaomac
	at java.net.InetAddress.getAllByName0(InetAddress.java:1281)
	at java.net.InetAddress.getAllByName(InetAddress.java:1193)
	at java.net.InetAddress.getAllByName(InetAddress.java:1127)
	at org.apache.kafka.clients.DefaultHostResolver.resolve(DefaultHostResolver.java:27)
	at org.apache.kafka.clients.ClientUtils.resolve(ClientUtils.java:111)
	at org.apache.kafka.clients.ClusterConnectionStates$NodeConnectionState.currentAddress(ClusterConnectionStates.java:512)
	at org.apache.kafka.clients.ClusterConnectionStates$NodeConnectionState.access$200(ClusterConnectionStates.java:466)
	at org.apache.kafka.clients.ClusterConnectionStates.currentAddress(ClusterConnectionStates.java:172)
	at org.apache.kafka.clients.NetworkClient.initiateConnect(NetworkClient.java:1004)
	at org.apache.kafka.clients.NetworkClient.ready(NetworkClient.java:313)
	at org.apache.kafka.clients.producer.internals.Sender.sendProducerData(Sender.java:351)
	at org.apache.kafka.clients.producer.internals.Sender.runOnce(Sender.java:324)
	at org.apache.kafka.clients.producer.internals.Sender.run(Sender.java:253)
	at java.lang.Thread.run(Thread.java:748)
2025-01-22 09:42:42,654 WARN org.apache.kafka.clients.NetworkClient [pool-4-thread-1] [Consumer clientId=consumer-fraud-detection-group-2, groupId=fraud-detection-group] Error connecting to node sventaomac:9092 (id: 0 rack: null)
java.net.UnknownHostException: sventaomac
	at java.net.InetAddress.getAllByName0(InetAddress.java:1281)
	at java.net.InetAddress.getAllByName(InetAddress.java:1193)
	at java.net.InetAddress.getAllByName(InetAddress.java:1127)
	at org.apache.kafka.clients.DefaultHostResolver.resolve(DefaultHostResolver.java:27)
	at org.apache.kafka.clients.ClientUtils.resolve(ClientUtils.java:111)
	at org.apache.kafka.clients.ClusterConnectionStates$NodeConnectionState.currentAddress(ClusterConnectionStates.java:512)
	at org.apache.kafka.clients.ClusterConnectionStates$NodeConnectionState.access$200(ClusterConnectionStates.java:466)
	at org.apache.kafka.clients.ClusterConnectionStates.currentAddress(ClusterConnectionStates.java:172)
	at org.apache.kafka.clients.NetworkClient.initiateConnect(NetworkClient.java:1004)
	at org.apache.kafka.clients.NetworkClient.access$600(NetworkClient.java:75)
	at org.apache.kafka.clients.NetworkClient$DefaultMetadataUpdater.maybeUpdate(NetworkClient.java:1177)
	at org.apache.kafka.clients.NetworkClient$DefaultMetadataUpdater.maybeUpdate(NetworkClient.java:1065)
	at org.apache.kafka.clients.NetworkClient.poll(NetworkClient.java:561)
	at org.apache.kafka.clients.consumer.internals.ConsumerNetworkClient.poll(ConsumerNetworkClient.java:265)
	at org.apache.kafka.clients.consumer.internals.ConsumerNetworkClient.poll(ConsumerNetworkClient.java:236)
	at org.apache.kafka.clients.consumer.KafkaConsumer.pollForFetches(KafkaConsumer.java:1292)
	at org.apache.kafka.clients.consumer.KafkaConsumer.poll(KafkaConsumer.java:1233)
	at org.apache.kafka.clients.consumer.KafkaConsumer.poll(KafkaConsumer.java:1206)
	at com.example.frauddetection.kafka.MessageConsumer.lambda$startListening$0(MessageConsumer.java:78)
	at java.util.concurrent.FutureTask.run(FutureTask.java:266)
	at java.util.concurrent.ThreadPoolExecutor.runWorker(ThreadPoolExecutor.java:1149)
	at java.util.concurrent.ThreadPoolExecutor$Worker.run(ThreadPoolExecutor.java:624)
	at java.lang.Thread.run(Thread.java:748)
2025-01-22 09:42:42,692 WARN org.apache.kafka.clients.NetworkClient [kafka-producer-network-thread | producer-1] [Producer clientId=producer-1] Error connecting to node sventaomac:9092 (id: 0 rack: null)
java.net.UnknownHostException: sventaomac
	at java.net.InetAddress.getAllByName0(InetAddress.java:1281)
	at java.net.InetAddress.getAllByName(InetAddress.java:1193)
	at java.net.InetAddress.getAllByName(InetAddress.java:1127)
	at org.apache.kafka.clients.DefaultHostResolver.resolve(DefaultHostResolver.java:27)
	at org.apache.kafka.clients.ClientUtils.resolve(ClientUtils.java:111)
	at org.apache.kafka.clients.ClusterConnectionStates$NodeConnectionState.currentAddress(ClusterConnectionStates.java:512)
	at org.apache.kafka.clients.ClusterConnectionStates$NodeConnectionState.access$200(ClusterConnectionStates.java:466)
	at org.apache.kafka.clients.ClusterConnectionStates.currentAddress(ClusterConnectionStates.java:172)
	at org.apache.kafka.clients.NetworkClient.initiateConnect(NetworkClient.java:1004)
	at org.apache.kafka.clients.NetworkClient.ready(NetworkClient.java:313)
	at org.apache.kafka.clients.producer.internals.Sender.sendProducerData(Sender.java:351)
	at org.apache.kafka.clients.producer.internals.Sender.runOnce(Sender.java:324)
	at org.apache.kafka.clients.producer.internals.Sender.run(Sender.java:240)
	at java.lang.Thread.run(Thread.java:748)
2025-01-22 09:42:43,358 WARN org.apache.kafka.clients.NetworkClient [pool-1-thread-1] [Consumer clientId=consumer-fraud-detection-group-1, groupId=fraud-detection-group] Error connecting to node sventaomac:9092 (id: 0 rack: null)
java.net.UnknownHostException: sventaomac
	at java.net.InetAddress.getAllByName0(InetAddress.java:1281)
	at java.net.InetAddress.getAllByName(InetAddress.java:1193)
	at java.net.InetAddress.getAllByName(InetAddress.java:1127)
	at org.apache.kafka.clients.DefaultHostResolver.resolve(DefaultHostResolver.java:27)
	at org.apache.kafka.clients.ClientUtils.resolve(ClientUtils.java:111)
	at org.apache.kafka.clients.ClusterConnectionStates$NodeConnectionState.currentAddress(ClusterConnectionStates.java:512)
	at org.apache.kafka.clients.ClusterConnectionStates$NodeConnectionState.access$200(ClusterConnectionStates.java:466)
	at org.apache.kafka.clients.ClusterConnectionStates.currentAddress(ClusterConnectionStates.java:172)
	at org.apache.kafka.clients.NetworkClient.initiateConnect(NetworkClient.java:1004)
	at org.apache.kafka.clients.NetworkClient.access$600(NetworkClient.java:75)
	at org.apache.kafka.clients.NetworkClient$DefaultMetadataUpdater.maybeUpdate(NetworkClient.java:1177)
	at org.apache.kafka.clients.NetworkClient$DefaultMetadataUpdater.maybeUpdate(NetworkClient.java:1065)
	at org.apache.kafka.clients.NetworkClient.poll(NetworkClient.java:561)
	at org.apache.kafka.clients.consumer.internals.ConsumerNetworkClient.poll(ConsumerNetworkClient.java:265)
	at org.apache.kafka.clients.consumer.internals.ConsumerNetworkClient.poll(ConsumerNetworkClient.java:236)
	at org.apache.kafka.clients.consumer.KafkaConsumer.pollForFetches(KafkaConsumer.java:1292)
	at org.apache.kafka.clients.consumer.KafkaConsumer.poll(KafkaConsumer.java:1233)
	at org.apache.kafka.clients.consumer.KafkaConsumer.poll(KafkaConsumer.java:1206)
	at com.example.frauddetection.kafka.MessageConsumer.lambda$startListening$0(MessageConsumer.java:78)
	at java.util.concurrent.FutureTask.run(FutureTask.java:266)
	at java.util.concurrent.ThreadPoolExecutor.runWorker(ThreadPoolExecutor.java:1149)
	at java.util.concurrent.ThreadPoolExecutor$Worker.run(ThreadPoolExecutor.java:624)
	at java.lang.Thread.run(Thread.java:748)
2025-01-22 09:42:43,395 WARN org.apache.kafka.clients.NetworkClient [kafka-producer-network-thread | producer-2] [Producer clientId=producer-2] Error connecting to node sventaomac:9092 (id: 0 rack: null)
java.net.UnknownHostException: sventaomac
	at java.net.InetAddress.getAllByName0(InetAddress.java:1281)
	at java.net.InetAddress.getAllByName(InetAddress.java:1193)
	at java.net.InetAddress.getAllByName(InetAddress.java:1127)
	at org.apache.kafka.clients.DefaultHostResolver.resolve(DefaultHostResolver.java:27)
	at org.apache.kafka.clients.ClientUtils.resolve(ClientUtils.java:111)
	at org.apache.kafka.clients.ClusterConnectionStates$NodeConnectionState.currentAddress(ClusterConnectionStates.java:512)
	at org.apache.kafka.clients.ClusterConnectionStates$NodeConnectionState.access$200(ClusterConnectionStates.java:466)
	at org.apache.kafka.clients.ClusterConnectionStates.currentAddress(ClusterConnectionStates.java:172)
	at org.apache.kafka.clients.NetworkClient.initiateConnect(NetworkClient.java:1004)
	at org.apache.kafka.clients.NetworkClient.ready(NetworkClient.java:313)
	at org.apache.kafka.clients.producer.internals.Sender.sendProducerData(Sender.java:351)
	at org.apache.kafka.clients.producer.internals.Sender.runOnce(Sender.java:324)
	at org.apache.kafka.clients.producer.internals.Sender.run(Sender.java:253)
	at java.lang.Thread.run(Thread.java:748)
2025-01-22 09:42:43,560 WARN org.apache.kafka.clients.NetworkClient [pool-4-thread-1] [Consumer clientId=consumer-fraud-detection-group-2, groupId=fraud-detection-group] Error connecting to node sventaomac:9092 (id: 0 rack: null)
java.net.UnknownHostException: sventaomac
	at java.net.InetAddress.getAllByName0(InetAddress.java:1281)
	at java.net.InetAddress.getAllByName(InetAddress.java:1193)
	at java.net.InetAddress.getAllByName(InetAddress.java:1127)
	at org.apache.kafka.clients.DefaultHostResolver.resolve(DefaultHostResolver.java:27)
	at org.apache.kafka.clients.ClientUtils.resolve(ClientUtils.java:111)
	at org.apache.kafka.clients.ClusterConnectionStates$NodeConnectionState.currentAddress(ClusterConnectionStates.java:512)
	at org.apache.kafka.clients.ClusterConnectionStates$NodeConnectionState.access$200(ClusterConnectionStates.java:466)
	at org.apache.kafka.clients.ClusterConnectionStates.currentAddress(ClusterConnectionStates.java:172)
	at org.apache.kafka.clients.NetworkClient.initiateConnect(NetworkClient.java:1004)
	at org.apache.kafka.clients.NetworkClient.access$600(NetworkClient.java:75)
	at org.apache.kafka.clients.NetworkClient$DefaultMetadataUpdater.maybeUpdate(NetworkClient.java:1177)
	at org.apache.kafka.clients.NetworkClient$DefaultMetadataUpdater.maybeUpdate(NetworkClient.java:1065)
	at org.apache.kafka.clients.NetworkClient.poll(NetworkClient.java:561)
	at org.apache.kafka.clients.consumer.internals.ConsumerNetworkClient.poll(ConsumerNetworkClient.java:265)
	at org.apache.kafka.clients.consumer.internals.ConsumerNetworkClient.poll(ConsumerNetworkClient.java:236)
	at org.apache.kafka.clients.consumer.KafkaConsumer.pollForFetches(KafkaConsumer.java:1292)
	at org.apache.kafka.clients.consumer.KafkaConsumer.poll(KafkaConsumer.java:1233)
	at org.apache.kafka.clients.consumer.KafkaConsumer.poll(KafkaConsumer.java:1206)
	at com.example.frauddetection.kafka.MessageConsumer.lambda$startListening$0(MessageConsumer.java:78)
	at java.util.concurrent.FutureTask.run(FutureTask.java:266)
	at java.util.concurrent.ThreadPoolExecutor.runWorker(ThreadPoolExecutor.java:1149)
	at java.util.concurrent.ThreadPoolExecutor$Worker.run(ThreadPoolExecutor.java:624)
	at java.lang.Thread.run(Thread.java:748)
2025-01-22 09:42:43,796 WARN org.apache.kafka.clients.NetworkClient [kafka-producer-network-thread | producer-1] [Producer clientId=producer-1] Error connecting to node sventaomac:9092 (id: 0 rack: null)
java.net.UnknownHostException: sventaomac
	at java.net.InetAddress.getAllByName0(InetAddress.java:1281)
	at java.net.InetAddress.getAllByName(InetAddress.java:1193)
	at java.net.InetAddress.getAllByName(InetAddress.java:1127)
	at org.apache.kafka.clients.DefaultHostResolver.resolve(DefaultHostResolver.java:27)
	at org.apache.kafka.clients.ClientUtils.resolve(ClientUtils.java:111)
	at org.apache.kafka.clients.ClusterConnectionStates$NodeConnectionState.currentAddress(ClusterConnectionStates.java:512)
	at org.apache.kafka.clients.ClusterConnectionStates$NodeConnectionState.access$200(ClusterConnectionStates.java:466)
	at org.apache.kafka.clients.ClusterConnectionStates.currentAddress(ClusterConnectionStates.java:172)
	at org.apache.kafka.clients.NetworkClient.initiateConnect(NetworkClient.java:1004)
	at org.apache.kafka.clients.NetworkClient.ready(NetworkClient.java:313)
	at org.apache.kafka.clients.producer.internals.Sender.sendProducerData(Sender.java:351)
	at org.apache.kafka.clients.producer.internals.Sender.runOnce(Sender.java:324)
	at org.apache.kafka.clients.producer.internals.Sender.run(Sender.java:240)
	at java.lang.Thread.run(Thread.java:748)
2025-01-22 09:42:44,267 WARN org.apache.kafka.clients.NetworkClient [pool-1-thread-1] [Consumer clientId=consumer-fraud-detection-group-1, groupId=fraud-detection-group] Error connecting to node sventaomac:9092 (id: 0 rack: null)
java.net.UnknownHostException: sventaomac
	at java.net.InetAddress.getAllByName0(InetAddress.java:1281)
	at java.net.InetAddress.getAllByName(InetAddress.java:1193)
	at java.net.InetAddress.getAllByName(InetAddress.java:1127)
	at org.apache.kafka.clients.DefaultHostResolver.resolve(DefaultHostResolver.java:27)
	at org.apache.kafka.clients.ClientUtils.resolve(ClientUtils.java:111)
	at org.apache.kafka.clients.ClusterConnectionStates$NodeConnectionState.currentAddress(ClusterConnectionStates.java:512)
	at org.apache.kafka.clients.ClusterConnectionStates$NodeConnectionState.access$200(ClusterConnectionStates.java:466)
	at org.apache.kafka.clients.ClusterConnectionStates.currentAddress(ClusterConnectionStates.java:172)
	at org.apache.kafka.clients.NetworkClient.initiateConnect(NetworkClient.java:1004)
	at org.apache.kafka.clients.NetworkClient.access$600(NetworkClient.java:75)
	at org.apache.kafka.clients.NetworkClient$DefaultMetadataUpdater.maybeUpdate(NetworkClient.java:1177)
	at org.apache.kafka.clients.NetworkClient$DefaultMetadataUpdater.maybeUpdate(NetworkClient.java:1065)
	at org.apache.kafka.clients.NetworkClient.poll(NetworkClient.java:561)
	at org.apache.kafka.clients.consumer.internals.ConsumerNetworkClient.poll(ConsumerNetworkClient.java:265)
	at org.apache.kafka.clients.consumer.internals.ConsumerNetworkClient.poll(ConsumerNetworkClient.java:236)
	at org.apache.kafka.clients.consumer.KafkaConsumer.pollForFetches(KafkaConsumer.java:1292)
	at org.apache.kafka.clients.consumer.KafkaConsumer.poll(KafkaConsumer.java:1233)
	at org.apache.kafka.clients.consumer.KafkaConsumer.poll(KafkaConsumer.java:1206)
	at com.example.frauddetection.kafka.MessageConsumer.lambda$startListening$0(MessageConsumer.java:78)
	at java.util.concurrent.FutureTask.run(FutureTask.java:266)
	at java.util.concurrent.ThreadPoolExecutor.runWorker(ThreadPoolExecutor.java:1149)
	at java.util.concurrent.ThreadPoolExecutor$Worker.run(ThreadPoolExecutor.java:624)
	at java.lang.Thread.run(Thread.java:748)
2025-01-22 09:42:44,332 WARN org.apache.kafka.clients.NetworkClient [kafka-producer-network-thread | producer-2] [Producer clientId=producer-2] Error connecting to node sventaomac:9092 (id: 0 rack: null)
java.net.UnknownHostException: sventaomac
	at java.net.InetAddress.getAllByName0(InetAddress.java:1281)
	at java.net.InetAddress.getAllByName(InetAddress.java:1193)
	at java.net.InetAddress.getAllByName(InetAddress.java:1127)
	at org.apache.kafka.clients.DefaultHostResolver.resolve(DefaultHostResolver.java:27)
	at org.apache.kafka.clients.ClientUtils.resolve(ClientUtils.java:111)
	at org.apache.kafka.clients.ClusterConnectionStates$NodeConnectionState.currentAddress(ClusterConnectionStates.java:512)
	at org.apache.kafka.clients.ClusterConnectionStates$NodeConnectionState.access$200(ClusterConnectionStates.java:466)
	at org.apache.kafka.clients.ClusterConnectionStates.currentAddress(ClusterConnectionStates.java:172)
	at org.apache.kafka.clients.NetworkClient.initiateConnect(NetworkClient.java:1004)
	at org.apache.kafka.clients.NetworkClient.ready(NetworkClient.java:313)
	at org.apache.kafka.clients.producer.internals.Sender.sendProducerData(Sender.java:351)
	at org.apache.kafka.clients.producer.internals.Sender.runOnce(Sender.java:324)
	at org.apache.kafka.clients.producer.internals.Sender.run(Sender.java:253)
	at java.lang.Thread.run(Thread.java:748)
2025-01-22 09:42:44,418 WARN org.apache.kafka.clients.NetworkClient [pool-4-thread-1] [Consumer clientId=consumer-fraud-detection-group-2, groupId=fraud-detection-group] Error connecting to node sventaomac:9092 (id: 0 rack: null)
java.net.UnknownHostException: sventaomac
	at java.net.InetAddress.getAllByName0(InetAddress.java:1281)
	at java.net.InetAddress.getAllByName(InetAddress.java:1193)
	at java.net.InetAddress.getAllByName(InetAddress.java:1127)
	at org.apache.kafka.clients.DefaultHostResolver.resolve(DefaultHostResolver.java:27)
	at org.apache.kafka.clients.ClientUtils.resolve(ClientUtils.java:111)
	at org.apache.kafka.clients.ClusterConnectionStates$NodeConnectionState.currentAddress(ClusterConnectionStates.java:512)
	at org.apache.kafka.clients.ClusterConnectionStates$NodeConnectionState.access$200(ClusterConnectionStates.java:466)
	at org.apache.kafka.clients.ClusterConnectionStates.currentAddress(ClusterConnectionStates.java:172)
	at org.apache.kafka.clients.NetworkClient.initiateConnect(NetworkClient.java:1004)
	at org.apache.kafka.clients.NetworkClient.access$600(NetworkClient.java:75)
	at org.apache.kafka.clients.NetworkClient$DefaultMetadataUpdater.maybeUpdate(NetworkClient.java:1177)
	at org.apache.kafka.clients.NetworkClient$DefaultMetadataUpdater.maybeUpdate(NetworkClient.java:1065)
	at org.apache.kafka.clients.NetworkClient.poll(NetworkClient.java:561)
	at org.apache.kafka.clients.consumer.internals.ConsumerNetworkClient.poll(ConsumerNetworkClient.java:265)
	at org.apache.kafka.clients.consumer.internals.ConsumerNetworkClient.poll(ConsumerNetworkClient.java:236)
	at org.apache.kafka.clients.consumer.internals.ConsumerNetworkClient.poll(ConsumerNetworkClient.java:227)
	at org.apache.kafka.clients.consumer.internals.ConsumerNetworkClient.awaitMetadataUpdate(ConsumerNetworkClient.java:164)
	at org.apache.kafka.clients.consumer.internals.AbstractCoordinator.ensureCoordinatorReady(AbstractCoordinator.java:257)
	at org.apache.kafka.clients.consumer.internals.ConsumerCoordinator.poll(ConsumerCoordinator.java:480)
	at org.apache.kafka.clients.consumer.KafkaConsumer.updateAssignmentMetadataIfNeeded(KafkaConsumer.java:1257)
	at org.apache.kafka.clients.consumer.KafkaConsumer.poll(KafkaConsumer.java:1226)
	at org.apache.kafka.clients.consumer.KafkaConsumer.poll(KafkaConsumer.java:1206)
	at com.example.frauddetection.kafka.MessageConsumer.lambda$startListening$0(MessageConsumer.java:78)
	at java.util.concurrent.FutureTask.run(FutureTask.java:266)
	at java.util.concurrent.ThreadPoolExecutor.runWorker(ThreadPoolExecutor.java:1149)
	at java.util.concurrent.ThreadPoolExecutor$Worker.run(ThreadPoolExecutor.java:624)
	at java.lang.Thread.run(Thread.java:748)
2025-01-22 09:42:44,664 WARN org.apache.kafka.clients.NetworkClient [kafka-producer-network-thread | producer-1] [Producer clientId=producer-1] Error connecting to node sventaomac:9092 (id: 0 rack: null)
java.net.UnknownHostException: sventaomac
	at java.net.InetAddress.getAllByName0(InetAddress.java:1281)
	at java.net.InetAddress.getAllByName(InetAddress.java:1193)
	at java.net.InetAddress.getAllByName(InetAddress.java:1127)
	at org.apache.kafka.clients.DefaultHostResolver.resolve(DefaultHostResolver.java:27)
	at org.apache.kafka.clients.ClientUtils.resolve(ClientUtils.java:111)
	at org.apache.kafka.clients.ClusterConnectionStates$NodeConnectionState.currentAddress(ClusterConnectionStates.java:512)
	at org.apache.kafka.clients.ClusterConnectionStates$NodeConnectionState.access$200(ClusterConnectionStates.java:466)
	at org.apache.kafka.clients.ClusterConnectionStates.currentAddress(ClusterConnectionStates.java:172)
	at org.apache.kafka.clients.NetworkClient.initiateConnect(NetworkClient.java:1004)
	at org.apache.kafka.clients.NetworkClient.ready(NetworkClient.java:313)
	at org.apache.kafka.clients.producer.internals.Sender.sendProducerData(Sender.java:351)
	at org.apache.kafka.clients.producer.internals.Sender.runOnce(Sender.java:324)
	at org.apache.kafka.clients.producer.internals.Sender.run(Sender.java:240)
	at java.lang.Thread.run(Thread.java:748)
2025-01-22 09:42:45,124 WARN org.apache.kafka.clients.NetworkClient [pool-1-thread-1] [Consumer clientId=consumer-fraud-detection-group-1, groupId=fraud-detection-group] Error connecting to node sventaomac:9092 (id: 0 rack: null)
java.net.UnknownHostException: sventaomac
	at java.net.InetAddress.getAllByName0(InetAddress.java:1281)
	at java.net.InetAddress.getAllByName(InetAddress.java:1193)
	at java.net.InetAddress.getAllByName(InetAddress.java:1127)
	at org.apache.kafka.clients.DefaultHostResolver.resolve(DefaultHostResolver.java:27)
	at org.apache.kafka.clients.ClientUtils.resolve(ClientUtils.java:111)
	at org.apache.kafka.clients.ClusterConnectionStates$NodeConnectionState.currentAddress(ClusterConnectionStates.java:512)
	at org.apache.kafka.clients.ClusterConnectionStates$NodeConnectionState.access$200(ClusterConnectionStates.java:466)
	at org.apache.kafka.clients.ClusterConnectionStates.currentAddress(ClusterConnectionStates.java:172)
	at org.apache.kafka.clients.NetworkClient.initiateConnect(NetworkClient.java:1004)
	at org.apache.kafka.clients.NetworkClient.access$600(NetworkClient.java:75)
	at org.apache.kafka.clients.NetworkClient$DefaultMetadataUpdater.maybeUpdate(NetworkClient.java:1177)
	at org.apache.kafka.clients.NetworkClient$DefaultMetadataUpdater.maybeUpdate(NetworkClient.java:1065)
	at org.apache.kafka.clients.NetworkClient.poll(NetworkClient.java:561)
	at org.apache.kafka.clients.consumer.internals.ConsumerNetworkClient.poll(ConsumerNetworkClient.java:265)
	at org.apache.kafka.clients.consumer.internals.ConsumerNetworkClient.poll(ConsumerNetworkClient.java:236)
	at org.apache.kafka.clients.consumer.internals.ConsumerNetworkClient.poll(ConsumerNetworkClient.java:227)
	at org.apache.kafka.clients.consumer.internals.ConsumerNetworkClient.awaitMetadataUpdate(ConsumerNetworkClient.java:164)
	at org.apache.kafka.clients.consumer.internals.AbstractCoordinator.ensureCoordinatorReady(AbstractCoordinator.java:257)
	at org.apache.kafka.clients.consumer.internals.ConsumerCoordinator.poll(ConsumerCoordinator.java:480)
	at org.apache.kafka.clients.consumer.KafkaConsumer.updateAssignmentMetadataIfNeeded(KafkaConsumer.java:1257)
	at org.apache.kafka.clients.consumer.KafkaConsumer.poll(KafkaConsumer.java:1226)
	at org.apache.kafka.clients.consumer.KafkaConsumer.poll(KafkaConsumer.java:1206)
	at com.example.frauddetection.kafka.MessageConsumer.lambda$startListening$0(MessageConsumer.java:78)
	at java.util.concurrent.FutureTask.run(FutureTask.java:266)
	at java.util.concurrent.ThreadPoolExecutor.runWorker(ThreadPoolExecutor.java:1149)
	at java.util.concurrent.ThreadPoolExecutor$Worker.run(ThreadPoolExecutor.java:624)
	at java.lang.Thread.run(Thread.java:748)
2025-01-22 09:42:45,354 WARN org.apache.kafka.clients.NetworkClient [kafka-producer-network-thread | producer-2] [Producer clientId=producer-2] Error connecting to node sventaomac:9092 (id: 0 rack: null)
java.net.UnknownHostException: sventaomac
	at java.net.InetAddress.getAllByName0(InetAddress.java:1281)
	at java.net.InetAddress.getAllByName(InetAddress.java:1193)
	at java.net.InetAddress.getAllByName(InetAddress.java:1127)
	at org.apache.kafka.clients.DefaultHostResolver.resolve(DefaultHostResolver.java:27)
	at org.apache.kafka.clients.ClientUtils.resolve(ClientUtils.java:111)
	at org.apache.kafka.clients.ClusterConnectionStates$NodeConnectionState.currentAddress(ClusterConnectionStates.java:512)
	at org.apache.kafka.clients.ClusterConnectionStates$NodeConnectionState.access$200(ClusterConnectionStates.java:466)
	at org.apache.kafka.clients.ClusterConnectionStates.currentAddress(ClusterConnectionStates.java:172)
	at org.apache.kafka.clients.NetworkClient.initiateConnect(NetworkClient.java:1004)
	at org.apache.kafka.clients.NetworkClient.ready(NetworkClient.java:313)
	at org.apache.kafka.clients.producer.internals.Sender.sendProducerData(Sender.java:351)
	at org.apache.kafka.clients.producer.internals.Sender.runOnce(Sender.java:324)
	at org.apache.kafka.clients.producer.internals.Sender.run(Sender.java:253)
	at java.lang.Thread.run(Thread.java:748)
2025-01-22 09:42:45,477 WARN org.apache.kafka.clients.NetworkClient [pool-4-thread-1] [Consumer clientId=consumer-fraud-detection-group-2, groupId=fraud-detection-group] Error connecting to node sventaomac:9092 (id: 0 rack: null)
java.net.UnknownHostException: sventaomac
	at java.net.InetAddress.getAllByName0(InetAddress.java:1281)
	at java.net.InetAddress.getAllByName(InetAddress.java:1193)
	at java.net.InetAddress.getAllByName(InetAddress.java:1127)
	at org.apache.kafka.clients.DefaultHostResolver.resolve(DefaultHostResolver.java:27)
	at org.apache.kafka.clients.ClientUtils.resolve(ClientUtils.java:111)
	at org.apache.kafka.clients.ClusterConnectionStates$NodeConnectionState.currentAddress(ClusterConnectionStates.java:512)
	at org.apache.kafka.clients.ClusterConnectionStates$NodeConnectionState.access$200(ClusterConnectionStates.java:466)
	at org.apache.kafka.clients.ClusterConnectionStates.currentAddress(ClusterConnectionStates.java:172)
	at org.apache.kafka.clients.NetworkClient.initiateConnect(NetworkClient.java:1004)
	at org.apache.kafka.clients.NetworkClient.access$600(NetworkClient.java:75)
	at org.apache.kafka.clients.NetworkClient$DefaultMetadataUpdater.maybeUpdate(NetworkClient.java:1177)
	at org.apache.kafka.clients.NetworkClient$DefaultMetadataUpdater.maybeUpdate(NetworkClient.java:1065)
	at org.apache.kafka.clients.NetworkClient.poll(NetworkClient.java:561)
	at org.apache.kafka.clients.consumer.internals.ConsumerNetworkClient.poll(ConsumerNetworkClient.java:265)
	at org.apache.kafka.clients.consumer.internals.ConsumerNetworkClient.poll(ConsumerNetworkClient.java:236)
	at org.apache.kafka.clients.consumer.KafkaConsumer.pollForFetches(KafkaConsumer.java:1292)
	at org.apache.kafka.clients.consumer.KafkaConsumer.poll(KafkaConsumer.java:1233)
	at org.apache.kafka.clients.consumer.KafkaConsumer.poll(KafkaConsumer.java:1206)
	at com.example.frauddetection.kafka.MessageConsumer.lambda$startListening$0(MessageConsumer.java:78)
	at java.util.concurrent.FutureTask.run(FutureTask.java:266)
	at java.util.concurrent.ThreadPoolExecutor.runWorker(ThreadPoolExecutor.java:1149)
	at java.util.concurrent.ThreadPoolExecutor$Worker.run(ThreadPoolExecutor.java:624)
	at java.lang.Thread.run(Thread.java:748)
2025-01-22 09:42:45,492 WARN org.apache.kafka.clients.NetworkClient [kafka-producer-network-thread | producer-1] [Producer clientId=producer-1] Error connecting to node sventaomac:9092 (id: 0 rack: null)
java.net.UnknownHostException: sventaomac
	at java.net.InetAddress.getAllByName0(InetAddress.java:1281)
	at java.net.InetAddress.getAllByName(InetAddress.java:1193)
	at java.net.InetAddress.getAllByName(InetAddress.java:1127)
	at org.apache.kafka.clients.DefaultHostResolver.resolve(DefaultHostResolver.java:27)
	at org.apache.kafka.clients.ClientUtils.resolve(ClientUtils.java:111)
	at org.apache.kafka.clients.ClusterConnectionStates$NodeConnectionState.currentAddress(ClusterConnectionStates.java:512)
	at org.apache.kafka.clients.ClusterConnectionStates$NodeConnectionState.access$200(ClusterConnectionStates.java:466)
	at org.apache.kafka.clients.ClusterConnectionStates.currentAddress(ClusterConnectionStates.java:172)
	at org.apache.kafka.clients.NetworkClient.initiateConnect(NetworkClient.java:1004)
	at org.apache.kafka.clients.NetworkClient.ready(NetworkClient.java:313)
	at org.apache.kafka.clients.producer.internals.Sender.sendProducerData(Sender.java:351)
	at org.apache.kafka.clients.producer.internals.Sender.runOnce(Sender.java:324)
	at org.apache.kafka.clients.producer.internals.Sender.run(Sender.java:240)
	at java.lang.Thread.run(Thread.java:748)
2025-01-22 09:42:46,284 WARN org.apache.kafka.clients.NetworkClient [pool-4-thread-1] [Consumer clientId=consumer-fraud-detection-group-2, groupId=fraud-detection-group] Error connecting to node sventaomac:9092 (id: 0 rack: null)
java.net.UnknownHostException: sventaomac
	at java.net.InetAddress.getAllByName0(InetAddress.java:1281)
	at java.net.InetAddress.getAllByName(InetAddress.java:1193)
	at java.net.InetAddress.getAllByName(InetAddress.java:1127)
	at org.apache.kafka.clients.DefaultHostResolver.resolve(DefaultHostResolver.java:27)
	at org.apache.kafka.clients.ClientUtils.resolve(ClientUtils.java:111)
	at org.apache.kafka.clients.ClusterConnectionStates$NodeConnectionState.currentAddress(ClusterConnectionStates.java:512)
	at org.apache.kafka.clients.ClusterConnectionStates$NodeConnectionState.access$200(ClusterConnectionStates.java:466)
	at org.apache.kafka.clients.ClusterConnectionStates.currentAddress(ClusterConnectionStates.java:172)
	at org.apache.kafka.clients.NetworkClient.initiateConnect(NetworkClient.java:1004)
	at org.apache.kafka.clients.NetworkClient.access$600(NetworkClient.java:75)
	at org.apache.kafka.clients.NetworkClient$DefaultMetadataUpdater.maybeUpdate(NetworkClient.java:1177)
	at org.apache.kafka.clients.NetworkClient$DefaultMetadataUpdater.maybeUpdate(NetworkClient.java:1065)
	at org.apache.kafka.clients.NetworkClient.poll(NetworkClient.java:561)
	at org.apache.kafka.clients.consumer.internals.ConsumerNetworkClient.poll(ConsumerNetworkClient.java:265)
	at org.apache.kafka.clients.consumer.internals.ConsumerNetworkClient.poll(ConsumerNetworkClient.java:236)
	at org.apache.kafka.clients.consumer.KafkaConsumer.pollForFetches(KafkaConsumer.java:1292)
	at org.apache.kafka.clients.consumer.KafkaConsumer.poll(KafkaConsumer.java:1233)
	at org.apache.kafka.clients.consumer.KafkaConsumer.poll(KafkaConsumer.java:1206)
	at com.example.frauddetection.kafka.MessageConsumer.lambda$startListening$0(MessageConsumer.java:78)
	at java.util.concurrent.FutureTask.run(FutureTask.java:266)
	at java.util.concurrent.ThreadPoolExecutor.runWorker(ThreadPoolExecutor.java:1149)
	at java.util.concurrent.ThreadPoolExecutor$Worker.run(ThreadPoolExecutor.java:624)
	at java.lang.Thread.run(Thread.java:748)
2025-01-22 09:42:46,317 WARN org.apache.kafka.clients.NetworkClient [kafka-producer-network-thread | producer-2] [Producer clientId=producer-2] Error connecting to node sventaomac:9092 (id: 0 rack: null)
java.net.UnknownHostException: sventaomac
	at java.net.InetAddress.getAllByName0(InetAddress.java:1281)
	at java.net.InetAddress.getAllByName(InetAddress.java:1193)
	at java.net.InetAddress.getAllByName(InetAddress.java:1127)
	at org.apache.kafka.clients.DefaultHostResolver.resolve(DefaultHostResolver.java:27)
	at org.apache.kafka.clients.ClientUtils.resolve(ClientUtils.java:111)
	at org.apache.kafka.clients.ClusterConnectionStates$NodeConnectionState.currentAddress(ClusterConnectionStates.java:512)
	at org.apache.kafka.clients.ClusterConnectionStates$NodeConnectionState.access$200(ClusterConnectionStates.java:466)
	at org.apache.kafka.clients.ClusterConnectionStates.currentAddress(ClusterConnectionStates.java:172)
	at org.apache.kafka.clients.NetworkClient.initiateConnect(NetworkClient.java:1004)
	at org.apache.kafka.clients.NetworkClient.ready(NetworkClient.java:313)
	at org.apache.kafka.clients.producer.internals.Sender.sendProducerData(Sender.java:351)
	at org.apache.kafka.clients.producer.internals.Sender.runOnce(Sender.java:324)
	at org.apache.kafka.clients.producer.internals.Sender.run(Sender.java:253)
	at java.lang.Thread.run(Thread.java:748)
2025-01-22 09:42:46,335 WARN org.apache.kafka.clients.NetworkClient [pool-1-thread-1] [Consumer clientId=consumer-fraud-detection-group-1, groupId=fraud-detection-group] Error connecting to node sventaomac:9092 (id: 0 rack: null)
java.net.UnknownHostException: sventaomac
	at java.net.InetAddress.getAllByName0(InetAddress.java:1281)
	at java.net.InetAddress.getAllByName(InetAddress.java:1193)
	at java.net.InetAddress.getAllByName(InetAddress.java:1127)
	at org.apache.kafka.clients.DefaultHostResolver.resolve(DefaultHostResolver.java:27)
	at org.apache.kafka.clients.ClientUtils.resolve(ClientUtils.java:111)
	at org.apache.kafka.clients.ClusterConnectionStates$NodeConnectionState.currentAddress(ClusterConnectionStates.java:512)
	at org.apache.kafka.clients.ClusterConnectionStates$NodeConnectionState.access$200(ClusterConnectionStates.java:466)
	at org.apache.kafka.clients.ClusterConnectionStates.currentAddress(ClusterConnectionStates.java:172)
	at org.apache.kafka.clients.NetworkClient.initiateConnect(NetworkClient.java:1004)
	at org.apache.kafka.clients.NetworkClient.access$600(NetworkClient.java:75)
	at org.apache.kafka.clients.NetworkClient$DefaultMetadataUpdater.maybeUpdate(NetworkClient.java:1177)
	at org.apache.kafka.clients.NetworkClient$DefaultMetadataUpdater.maybeUpdate(NetworkClient.java:1065)
	at org.apache.kafka.clients.NetworkClient.poll(NetworkClient.java:561)
	at org.apache.kafka.clients.consumer.internals.ConsumerNetworkClient.poll(ConsumerNetworkClient.java:265)
	at org.apache.kafka.clients.consumer.internals.ConsumerNetworkClient.poll(ConsumerNetworkClient.java:236)
	at org.apache.kafka.clients.consumer.internals.ConsumerNetworkClient.poll(ConsumerNetworkClient.java:227)
	at org.apache.kafka.clients.consumer.internals.ConsumerNetworkClient.awaitMetadataUpdate(ConsumerNetworkClient.java:164)
	at org.apache.kafka.clients.consumer.internals.AbstractCoordinator.ensureCoordinatorReady(AbstractCoordinator.java:257)
	at org.apache.kafka.clients.consumer.internals.ConsumerCoordinator.poll(ConsumerCoordinator.java:480)
	at org.apache.kafka.clients.consumer.KafkaConsumer.updateAssignmentMetadataIfNeeded(KafkaConsumer.java:1257)
	at org.apache.kafka.clients.consumer.KafkaConsumer.poll(KafkaConsumer.java:1226)
	at org.apache.kafka.clients.consumer.KafkaConsumer.poll(KafkaConsumer.java:1206)
	at com.example.frauddetection.kafka.MessageConsumer.lambda$startListening$0(MessageConsumer.java:78)
	at java.util.concurrent.FutureTask.run(FutureTask.java:266)
	at java.util.concurrent.ThreadPoolExecutor.runWorker(ThreadPoolExecutor.java:1149)
	at java.util.concurrent.ThreadPoolExecutor$Worker.run(ThreadPoolExecutor.java:624)
	at java.lang.Thread.run(Thread.java:748)
2025-01-22 09:42:46,459 WARN org.apache.kafka.clients.NetworkClient [kafka-producer-network-thread | producer-1] [Producer clientId=producer-1] Error connecting to node sventaomac:9092 (id: 0 rack: null)
java.net.UnknownHostException: sventaomac
	at java.net.InetAddress.getAllByName0(InetAddress.java:1281)
	at java.net.InetAddress.getAllByName(InetAddress.java:1193)
	at java.net.InetAddress.getAllByName(InetAddress.java:1127)
	at org.apache.kafka.clients.DefaultHostResolver.resolve(DefaultHostResolver.java:27)
	at org.apache.kafka.clients.ClientUtils.resolve(ClientUtils.java:111)
	at org.apache.kafka.clients.ClusterConnectionStates$NodeConnectionState.currentAddress(ClusterConnectionStates.java:512)
	at org.apache.kafka.clients.ClusterConnectionStates$NodeConnectionState.access$200(ClusterConnectionStates.java:466)
	at org.apache.kafka.clients.ClusterConnectionStates.currentAddress(ClusterConnectionStates.java:172)
	at org.apache.kafka.clients.NetworkClient.initiateConnect(NetworkClient.java:1004)
	at org.apache.kafka.clients.NetworkClient.ready(NetworkClient.java:313)
	at org.apache.kafka.clients.producer.internals.Sender.sendProducerData(Sender.java:351)
	at org.apache.kafka.clients.producer.internals.Sender.runOnce(Sender.java:324)
	at org.apache.kafka.clients.producer.internals.Sender.run(Sender.java:240)
	at java.lang.Thread.run(Thread.java:748)
2025-01-22 09:42:47,144 WARN org.apache.kafka.clients.NetworkClient [pool-4-thread-1] [Consumer clientId=consumer-fraud-detection-group-2, groupId=fraud-detection-group] Error connecting to node sventaomac:9092 (id: 0 rack: null)
java.net.UnknownHostException: sventaomac
	at java.net.InetAddress.getAllByName0(InetAddress.java:1281)
	at java.net.InetAddress.getAllByName(InetAddress.java:1193)
	at java.net.InetAddress.getAllByName(InetAddress.java:1127)
	at org.apache.kafka.clients.DefaultHostResolver.resolve(DefaultHostResolver.java:27)
	at org.apache.kafka.clients.ClientUtils.resolve(ClientUtils.java:111)
	at org.apache.kafka.clients.ClusterConnectionStates$NodeConnectionState.currentAddress(ClusterConnectionStates.java:512)
	at org.apache.kafka.clients.ClusterConnectionStates$NodeConnectionState.access$200(ClusterConnectionStates.java:466)
	at org.apache.kafka.clients.ClusterConnectionStates.currentAddress(ClusterConnectionStates.java:172)
	at org.apache.kafka.clients.NetworkClient.initiateConnect(NetworkClient.java:1004)
	at org.apache.kafka.clients.NetworkClient.access$600(NetworkClient.java:75)
	at org.apache.kafka.clients.NetworkClient$DefaultMetadataUpdater.maybeUpdate(NetworkClient.java:1177)
	at org.apache.kafka.clients.NetworkClient$DefaultMetadataUpdater.maybeUpdate(NetworkClient.java:1065)
	at org.apache.kafka.clients.NetworkClient.poll(NetworkClient.java:561)
	at org.apache.kafka.clients.consumer.internals.ConsumerNetworkClient.poll(ConsumerNetworkClient.java:265)
	at org.apache.kafka.clients.consumer.internals.ConsumerNetworkClient.poll(ConsumerNetworkClient.java:236)
	at org.apache.kafka.clients.consumer.internals.ConsumerNetworkClient.poll(ConsumerNetworkClient.java:227)
	at org.apache.kafka.clients.consumer.internals.ConsumerNetworkClient.awaitMetadataUpdate(ConsumerNetworkClient.java:164)
	at org.apache.kafka.clients.consumer.internals.AbstractCoordinator.ensureCoordinatorReady(AbstractCoordinator.java:257)
	at org.apache.kafka.clients.consumer.internals.ConsumerCoordinator.poll(ConsumerCoordinator.java:480)
	at org.apache.kafka.clients.consumer.KafkaConsumer.updateAssignmentMetadataIfNeeded(KafkaConsumer.java:1257)
	at org.apache.kafka.clients.consumer.KafkaConsumer.poll(KafkaConsumer.java:1226)
	at org.apache.kafka.clients.consumer.KafkaConsumer.poll(KafkaConsumer.java:1206)
	at com.example.frauddetection.kafka.MessageConsumer.lambda$startListening$0(MessageConsumer.java:78)
	at java.util.concurrent.FutureTask.run(FutureTask.java:266)
	at java.util.concurrent.ThreadPoolExecutor.runWorker(ThreadPoolExecutor.java:1149)
	at java.util.concurrent.ThreadPoolExecutor$Worker.run(ThreadPoolExecutor.java:624)
	at java.lang.Thread.run(Thread.java:748)
2025-01-22 09:42:47,295 WARN org.apache.kafka.clients.NetworkClient [pool-1-thread-1] [Consumer clientId=consumer-fraud-detection-group-1, groupId=fraud-detection-group] Error connecting to node sventaomac:9092 (id: 0 rack: null)
java.net.UnknownHostException: sventaomac
	at java.net.InetAddress.getAllByName0(InetAddress.java:1281)
	at java.net.InetAddress.getAllByName(InetAddress.java:1193)
	at java.net.InetAddress.getAllByName(InetAddress.java:1127)
	at org.apache.kafka.clients.DefaultHostResolver.resolve(DefaultHostResolver.java:27)
	at org.apache.kafka.clients.ClientUtils.resolve(ClientUtils.java:111)
	at org.apache.kafka.clients.ClusterConnectionStates$NodeConnectionState.currentAddress(ClusterConnectionStates.java:512)
	at org.apache.kafka.clients.ClusterConnectionStates$NodeConnectionState.access$200(ClusterConnectionStates.java:466)
	at org.apache.kafka.clients.ClusterConnectionStates.currentAddress(ClusterConnectionStates.java:172)
	at org.apache.kafka.clients.NetworkClient.initiateConnect(NetworkClient.java:1004)
	at org.apache.kafka.clients.NetworkClient.access$600(NetworkClient.java:75)
	at org.apache.kafka.clients.NetworkClient$DefaultMetadataUpdater.maybeUpdate(NetworkClient.java:1177)
	at org.apache.kafka.clients.NetworkClient$DefaultMetadataUpdater.maybeUpdate(NetworkClient.java:1065)
	at org.apache.kafka.clients.NetworkClient.poll(NetworkClient.java:561)
	at org.apache.kafka.clients.consumer.internals.ConsumerNetworkClient.poll(ConsumerNetworkClient.java:265)
	at org.apache.kafka.clients.consumer.internals.ConsumerNetworkClient.poll(ConsumerNetworkClient.java:236)
	at org.apache.kafka.clients.consumer.KafkaConsumer.pollForFetches(KafkaConsumer.java:1292)
	at org.apache.kafka.clients.consumer.KafkaConsumer.poll(KafkaConsumer.java:1233)
	at org.apache.kafka.clients.consumer.KafkaConsumer.poll(KafkaConsumer.java:1206)
	at com.example.frauddetection.kafka.MessageConsumer.lambda$startListening$0(MessageConsumer.java:78)
	at java.util.concurrent.FutureTask.run(FutureTask.java:266)
	at java.util.concurrent.ThreadPoolExecutor.runWorker(ThreadPoolExecutor.java:1149)
	at java.util.concurrent.ThreadPoolExecutor$Worker.run(ThreadPoolExecutor.java:624)
	at java.lang.Thread.run(Thread.java:748)
2025-01-22 09:42:47,433 WARN org.apache.kafka.clients.NetworkClient [kafka-producer-network-thread | producer-2] [Producer clientId=producer-2] Error connecting to node sventaomac:9092 (id: 0 rack: null)
java.net.UnknownHostException: sventaomac
	at java.net.InetAddress.getAllByName0(InetAddress.java:1281)
	at java.net.InetAddress.getAllByName(InetAddress.java:1193)
	at java.net.InetAddress.getAllByName(InetAddress.java:1127)
	at org.apache.kafka.clients.DefaultHostResolver.resolve(DefaultHostResolver.java:27)
	at org.apache.kafka.clients.ClientUtils.resolve(ClientUtils.java:111)
	at org.apache.kafka.clients.ClusterConnectionStates$NodeConnectionState.currentAddress(ClusterConnectionStates.java:512)
	at org.apache.kafka.clients.ClusterConnectionStates$NodeConnectionState.access$200(ClusterConnectionStates.java:466)
	at org.apache.kafka.clients.ClusterConnectionStates.currentAddress(ClusterConnectionStates.java:172)
	at org.apache.kafka.clients.NetworkClient.initiateConnect(NetworkClient.java:1004)
	at org.apache.kafka.clients.NetworkClient.ready(NetworkClient.java:313)
	at org.apache.kafka.clients.producer.internals.Sender.sendProducerData(Sender.java:351)
	at org.apache.kafka.clients.producer.internals.Sender.runOnce(Sender.java:324)
	at org.apache.kafka.clients.producer.internals.Sender.run(Sender.java:253)
	at java.lang.Thread.run(Thread.java:748)
2025-01-22 09:42:47,575 WARN org.apache.kafka.clients.NetworkClient [kafka-producer-network-thread | producer-1] [Producer clientId=producer-1] Error connecting to node sventaomac:9092 (id: 0 rack: null)
java.net.UnknownHostException: sventaomac
	at java.net.InetAddress.getAllByName0(InetAddress.java:1281)
	at java.net.InetAddress.getAllByName(InetAddress.java:1193)
	at java.net.InetAddress.getAllByName(InetAddress.java:1127)
	at org.apache.kafka.clients.DefaultHostResolver.resolve(DefaultHostResolver.java:27)
	at org.apache.kafka.clients.ClientUtils.resolve(ClientUtils.java:111)
	at org.apache.kafka.clients.ClusterConnectionStates$NodeConnectionState.currentAddress(ClusterConnectionStates.java:512)
	at org.apache.kafka.clients.ClusterConnectionStates$NodeConnectionState.access$200(ClusterConnectionStates.java:466)
	at org.apache.kafka.clients.ClusterConnectionStates.currentAddress(ClusterConnectionStates.java:172)
	at org.apache.kafka.clients.NetworkClient.initiateConnect(NetworkClient.java:1004)
	at org.apache.kafka.clients.NetworkClient.ready(NetworkClient.java:313)
	at org.apache.kafka.clients.producer.internals.Sender.sendProducerData(Sender.java:351)
	at org.apache.kafka.clients.producer.internals.Sender.runOnce(Sender.java:324)
	at org.apache.kafka.clients.producer.internals.Sender.run(Sender.java:240)
	at java.lang.Thread.run(Thread.java:748)
2025-01-22 09:42:48,100 WARN org.apache.kafka.clients.NetworkClient [pool-4-thread-1] [Consumer clientId=consumer-fraud-detection-group-2, groupId=fraud-detection-group] Error connecting to node sventaomac:9092 (id: 0 rack: null)
java.net.UnknownHostException: sventaomac
	at java.net.InetAddress.getAllByName0(InetAddress.java:1281)
	at java.net.InetAddress.getAllByName(InetAddress.java:1193)
	at java.net.InetAddress.getAllByName(InetAddress.java:1127)
	at org.apache.kafka.clients.DefaultHostResolver.resolve(DefaultHostResolver.java:27)
	at org.apache.kafka.clients.ClientUtils.resolve(ClientUtils.java:111)
	at org.apache.kafka.clients.ClusterConnectionStates$NodeConnectionState.currentAddress(ClusterConnectionStates.java:512)
	at org.apache.kafka.clients.ClusterConnectionStates$NodeConnectionState.access$200(ClusterConnectionStates.java:466)
	at org.apache.kafka.clients.ClusterConnectionStates.currentAddress(ClusterConnectionStates.java:172)
	at org.apache.kafka.clients.NetworkClient.initiateConnect(NetworkClient.java:1004)
	at org.apache.kafka.clients.NetworkClient.access$600(NetworkClient.java:75)
	at org.apache.kafka.clients.NetworkClient$DefaultMetadataUpdater.maybeUpdate(NetworkClient.java:1177)
	at org.apache.kafka.clients.NetworkClient$DefaultMetadataUpdater.maybeUpdate(NetworkClient.java:1065)
	at org.apache.kafka.clients.NetworkClient.poll(NetworkClient.java:561)
	at org.apache.kafka.clients.consumer.internals.ConsumerNetworkClient.poll(ConsumerNetworkClient.java:265)
	at org.apache.kafka.clients.consumer.internals.ConsumerNetworkClient.poll(ConsumerNetworkClient.java:236)
	at org.apache.kafka.clients.consumer.KafkaConsumer.pollForFetches(KafkaConsumer.java:1292)
	at org.apache.kafka.clients.consumer.KafkaConsumer.poll(KafkaConsumer.java:1233)
	at org.apache.kafka.clients.consumer.KafkaConsumer.poll(KafkaConsumer.java:1206)
	at com.example.frauddetection.kafka.MessageConsumer.lambda$startListening$0(MessageConsumer.java:78)
	at java.util.concurrent.FutureTask.run(FutureTask.java:266)
	at java.util.concurrent.ThreadPoolExecutor.runWorker(ThreadPoolExecutor.java:1149)
	at java.util.concurrent.ThreadPoolExecutor$Worker.run(ThreadPoolExecutor.java:624)
	at java.lang.Thread.run(Thread.java:748)
2025-01-22 09:42:48,456 WARN org.apache.kafka.clients.NetworkClient [pool-1-thread-1] [Consumer clientId=consumer-fraud-detection-group-1, groupId=fraud-detection-group] Error connecting to node sventaomac:9092 (id: 0 rack: null)
java.net.UnknownHostException: sventaomac
	at java.net.InetAddress.getAllByName0(InetAddress.java:1281)
	at java.net.InetAddress.getAllByName(InetAddress.java:1193)
	at java.net.InetAddress.getAllByName(InetAddress.java:1127)
	at org.apache.kafka.clients.DefaultHostResolver.resolve(DefaultHostResolver.java:27)
	at org.apache.kafka.clients.ClientUtils.resolve(ClientUtils.java:111)
	at org.apache.kafka.clients.ClusterConnectionStates$NodeConnectionState.currentAddress(ClusterConnectionStates.java:512)
	at org.apache.kafka.clients.ClusterConnectionStates$NodeConnectionState.access$200(ClusterConnectionStates.java:466)
	at org.apache.kafka.clients.ClusterConnectionStates.currentAddress(ClusterConnectionStates.java:172)
	at org.apache.kafka.clients.NetworkClient.initiateConnect(NetworkClient.java:1004)
	at org.apache.kafka.clients.NetworkClient.access$600(NetworkClient.java:75)
	at org.apache.kafka.clients.NetworkClient$DefaultMetadataUpdater.maybeUpdate(NetworkClient.java:1177)
	at org.apache.kafka.clients.NetworkClient$DefaultMetadataUpdater.maybeUpdate(NetworkClient.java:1065)
	at org.apache.kafka.clients.NetworkClient.poll(NetworkClient.java:561)
	at org.apache.kafka.clients.consumer.internals.ConsumerNetworkClient.poll(ConsumerNetworkClient.java:265)
	at org.apache.kafka.clients.consumer.internals.ConsumerNetworkClient.poll(ConsumerNetworkClient.java:236)
	at org.apache.kafka.clients.consumer.internals.ConsumerNetworkClient.poll(ConsumerNetworkClient.java:227)
	at org.apache.kafka.clients.consumer.internals.ConsumerNetworkClient.awaitMetadataUpdate(ConsumerNetworkClient.java:164)
	at org.apache.kafka.clients.consumer.internals.AbstractCoordinator.ensureCoordinatorReady(AbstractCoordinator.java:257)
	at org.apache.kafka.clients.consumer.internals.ConsumerCoordinator.poll(ConsumerCoordinator.java:480)
	at org.apache.kafka.clients.consumer.KafkaConsumer.updateAssignmentMetadataIfNeeded(KafkaConsumer.java:1257)
	at org.apache.kafka.clients.consumer.KafkaConsumer.poll(KafkaConsumer.java:1226)
	at org.apache.kafka.clients.consumer.KafkaConsumer.poll(KafkaConsumer.java:1206)
	at com.example.frauddetection.kafka.MessageConsumer.lambda$startListening$0(MessageConsumer.java:78)
	at java.util.concurrent.FutureTask.run(FutureTask.java:266)
	at java.util.concurrent.ThreadPoolExecutor.runWorker(ThreadPoolExecutor.java:1149)
	at java.util.concurrent.ThreadPoolExecutor$Worker.run(ThreadPoolExecutor.java:624)
	at java.lang.Thread.run(Thread.java:748)
2025-01-22 09:42:48,517 WARN org.apache.kafka.clients.NetworkClient [kafka-producer-network-thread | producer-2] [Producer clientId=producer-2] Error connecting to node sventaomac:9092 (id: 0 rack: null)
java.net.UnknownHostException: sventaomac
	at java.net.InetAddress.getAllByName0(InetAddress.java:1281)
	at java.net.InetAddress.getAllByName(InetAddress.java:1193)
	at java.net.InetAddress.getAllByName(InetAddress.java:1127)
	at org.apache.kafka.clients.DefaultHostResolver.resolve(DefaultHostResolver.java:27)
	at org.apache.kafka.clients.ClientUtils.resolve(ClientUtils.java:111)
	at org.apache.kafka.clients.ClusterConnectionStates$NodeConnectionState.currentAddress(ClusterConnectionStates.java:512)
	at org.apache.kafka.clients.ClusterConnectionStates$NodeConnectionState.access$200(ClusterConnectionStates.java:466)
	at org.apache.kafka.clients.ClusterConnectionStates.currentAddress(ClusterConnectionStates.java:172)
	at org.apache.kafka.clients.NetworkClient.initiateConnect(NetworkClient.java:1004)
	at org.apache.kafka.clients.NetworkClient.ready(NetworkClient.java:313)
	at org.apache.kafka.clients.producer.internals.Sender.sendProducerData(Sender.java:351)
	at org.apache.kafka.clients.producer.internals.Sender.runOnce(Sender.java:324)
	at org.apache.kafka.clients.producer.internals.Sender.run(Sender.java:253)
	at java.lang.Thread.run(Thread.java:748)
2025-01-22 09:42:48,706 WARN org.apache.kafka.clients.NetworkClient [kafka-producer-network-thread | producer-1] [Producer clientId=producer-1] Error connecting to node sventaomac:9092 (id: 0 rack: null)
java.net.UnknownHostException: sventaomac
	at java.net.InetAddress.getAllByName0(InetAddress.java:1281)
	at java.net.InetAddress.getAllByName(InetAddress.java:1193)
	at java.net.InetAddress.getAllByName(InetAddress.java:1127)
	at org.apache.kafka.clients.DefaultHostResolver.resolve(DefaultHostResolver.java:27)
	at org.apache.kafka.clients.ClientUtils.resolve(ClientUtils.java:111)
	at org.apache.kafka.clients.ClusterConnectionStates$NodeConnectionState.currentAddress(ClusterConnectionStates.java:512)
	at org.apache.kafka.clients.ClusterConnectionStates$NodeConnectionState.access$200(ClusterConnectionStates.java:466)
	at org.apache.kafka.clients.ClusterConnectionStates.currentAddress(ClusterConnectionStates.java:172)
	at org.apache.kafka.clients.NetworkClient.initiateConnect(NetworkClient.java:1004)
	at org.apache.kafka.clients.NetworkClient.ready(NetworkClient.java:313)
	at org.apache.kafka.clients.producer.internals.Sender.sendProducerData(Sender.java:351)
	at org.apache.kafka.clients.producer.internals.Sender.runOnce(Sender.java:324)
	at org.apache.kafka.clients.producer.internals.Sender.run(Sender.java:240)
	at java.lang.Thread.run(Thread.java:748)
2025-01-22 09:42:49,260 WARN org.apache.kafka.clients.NetworkClient [pool-4-thread-1] [Consumer clientId=consumer-fraud-detection-group-2, groupId=fraud-detection-group] Error connecting to node sventaomac:9092 (id: 0 rack: null)
java.net.UnknownHostException: sventaomac
	at java.net.InetAddress.getAllByName0(InetAddress.java:1281)
	at java.net.InetAddress.getAllByName(InetAddress.java:1193)
	at java.net.InetAddress.getAllByName(InetAddress.java:1127)
	at org.apache.kafka.clients.DefaultHostResolver.resolve(DefaultHostResolver.java:27)
	at org.apache.kafka.clients.ClientUtils.resolve(ClientUtils.java:111)
	at org.apache.kafka.clients.ClusterConnectionStates$NodeConnectionState.currentAddress(ClusterConnectionStates.java:512)
	at org.apache.kafka.clients.ClusterConnectionStates$NodeConnectionState.access$200(ClusterConnectionStates.java:466)
	at org.apache.kafka.clients.ClusterConnectionStates.currentAddress(ClusterConnectionStates.java:172)
	at org.apache.kafka.clients.NetworkClient.initiateConnect(NetworkClient.java:1004)
	at org.apache.kafka.clients.NetworkClient.access$600(NetworkClient.java:75)
	at org.apache.kafka.clients.NetworkClient$DefaultMetadataUpdater.maybeUpdate(NetworkClient.java:1177)
	at org.apache.kafka.clients.NetworkClient$DefaultMetadataUpdater.maybeUpdate(NetworkClient.java:1065)
	at org.apache.kafka.clients.NetworkClient.poll(NetworkClient.java:561)
	at org.apache.kafka.clients.consumer.internals.ConsumerNetworkClient.poll(ConsumerNetworkClient.java:265)
	at org.apache.kafka.clients.consumer.internals.ConsumerNetworkClient.poll(ConsumerNetworkClient.java:236)
	at org.apache.kafka.clients.consumer.internals.ConsumerNetworkClient.poll(ConsumerNetworkClient.java:227)
	at org.apache.kafka.clients.consumer.internals.ConsumerNetworkClient.awaitMetadataUpdate(ConsumerNetworkClient.java:164)
	at org.apache.kafka.clients.consumer.internals.AbstractCoordinator.ensureCoordinatorReady(AbstractCoordinator.java:257)
	at org.apache.kafka.clients.consumer.internals.ConsumerCoordinator.poll(ConsumerCoordinator.java:480)
	at org.apache.kafka.clients.consumer.KafkaConsumer.updateAssignmentMetadataIfNeeded(KafkaConsumer.java:1257)
	at org.apache.kafka.clients.consumer.KafkaConsumer.poll(KafkaConsumer.java:1226)
	at org.apache.kafka.clients.consumer.KafkaConsumer.poll(KafkaConsumer.java:1206)
	at com.example.frauddetection.kafka.MessageConsumer.lambda$startListening$0(MessageConsumer.java:78)
	at java.util.concurrent.FutureTask.run(FutureTask.java:266)
	at java.util.concurrent.ThreadPoolExecutor.runWorker(ThreadPoolExecutor.java:1149)
	at java.util.concurrent.ThreadPoolExecutor$Worker.run(ThreadPoolExecutor.java:624)
	at java.lang.Thread.run(Thread.java:748)
2025-01-22 09:42:49,515 WARN org.apache.kafka.clients.NetworkClient [pool-1-thread-1] [Consumer clientId=consumer-fraud-detection-group-1, groupId=fraud-detection-group] Error connecting to node sventaomac:9092 (id: 0 rack: null)
java.net.UnknownHostException: sventaomac
	at java.net.InetAddress.getAllByName0(InetAddress.java:1281)
	at java.net.InetAddress.getAllByName(InetAddress.java:1193)
	at java.net.InetAddress.getAllByName(InetAddress.java:1127)
	at org.apache.kafka.clients.DefaultHostResolver.resolve(DefaultHostResolver.java:27)
	at org.apache.kafka.clients.ClientUtils.resolve(ClientUtils.java:111)
	at org.apache.kafka.clients.ClusterConnectionStates$NodeConnectionState.currentAddress(ClusterConnectionStates.java:512)
	at org.apache.kafka.clients.ClusterConnectionStates$NodeConnectionState.access$200(ClusterConnectionStates.java:466)
	at org.apache.kafka.clients.ClusterConnectionStates.currentAddress(ClusterConnectionStates.java:172)
	at org.apache.kafka.clients.NetworkClient.initiateConnect(NetworkClient.java:1004)
	at org.apache.kafka.clients.NetworkClient.access$600(NetworkClient.java:75)
	at org.apache.kafka.clients.NetworkClient$DefaultMetadataUpdater.maybeUpdate(NetworkClient.java:1177)
	at org.apache.kafka.clients.NetworkClient$DefaultMetadataUpdater.maybeUpdate(NetworkClient.java:1065)
	at org.apache.kafka.clients.NetworkClient.poll(NetworkClient.java:561)
	at org.apache.kafka.clients.consumer.internals.ConsumerNetworkClient.poll(ConsumerNetworkClient.java:265)
	at org.apache.kafka.clients.consumer.internals.ConsumerNetworkClient.poll(ConsumerNetworkClient.java:236)
	at org.apache.kafka.clients.consumer.KafkaConsumer.pollForFetches(KafkaConsumer.java:1292)
	at org.apache.kafka.clients.consumer.KafkaConsumer.poll(KafkaConsumer.java:1233)
	at org.apache.kafka.clients.consumer.KafkaConsumer.poll(KafkaConsumer.java:1206)
	at com.example.frauddetection.kafka.MessageConsumer.lambda$startListening$0(MessageConsumer.java:78)
	at java.util.concurrent.FutureTask.run(FutureTask.java:266)
	at java.util.concurrent.ThreadPoolExecutor.runWorker(ThreadPoolExecutor.java:1149)
	at java.util.concurrent.ThreadPoolExecutor$Worker.run(ThreadPoolExecutor.java:624)
	at java.lang.Thread.run(Thread.java:748)
2025-01-22 09:42:49,639 WARN org.apache.kafka.clients.NetworkClient [kafka-producer-network-thread | producer-1] [Producer clientId=producer-1] Error connecting to node sventaomac:9092 (id: 0 rack: null)
java.net.UnknownHostException: sventaomac
	at java.net.InetAddress.getAllByName0(InetAddress.java:1281)
	at java.net.InetAddress.getAllByName(InetAddress.java:1193)
	at java.net.InetAddress.getAllByName(InetAddress.java:1127)
	at org.apache.kafka.clients.DefaultHostResolver.resolve(DefaultHostResolver.java:27)
	at org.apache.kafka.clients.ClientUtils.resolve(ClientUtils.java:111)
	at org.apache.kafka.clients.ClusterConnectionStates$NodeConnectionState.currentAddress(ClusterConnectionStates.java:512)
	at org.apache.kafka.clients.ClusterConnectionStates$NodeConnectionState.access$200(ClusterConnectionStates.java:466)
	at org.apache.kafka.clients.ClusterConnectionStates.currentAddress(ClusterConnectionStates.java:172)
	at org.apache.kafka.clients.NetworkClient.initiateConnect(NetworkClient.java:1004)
	at org.apache.kafka.clients.NetworkClient.ready(NetworkClient.java:313)
	at org.apache.kafka.clients.producer.internals.Sender.sendProducerData(Sender.java:351)
	at org.apache.kafka.clients.producer.internals.Sender.runOnce(Sender.java:324)
	at org.apache.kafka.clients.producer.internals.Sender.run(Sender.java:240)
	at java.lang.Thread.run(Thread.java:748)
2025-01-22 09:42:49,683 WARN org.apache.kafka.clients.NetworkClient [kafka-producer-network-thread | producer-2] [Producer clientId=producer-2] Error connecting to node sventaomac:9092 (id: 0 rack: null)
java.net.UnknownHostException: sventaomac
	at java.net.InetAddress.getAllByName0(InetAddress.java:1281)
	at java.net.InetAddress.getAllByName(InetAddress.java:1193)
	at java.net.InetAddress.getAllByName(InetAddress.java:1127)
	at org.apache.kafka.clients.DefaultHostResolver.resolve(DefaultHostResolver.java:27)
	at org.apache.kafka.clients.ClientUtils.resolve(ClientUtils.java:111)
	at org.apache.kafka.clients.ClusterConnectionStates$NodeConnectionState.currentAddress(ClusterConnectionStates.java:512)
	at org.apache.kafka.clients.ClusterConnectionStates$NodeConnectionState.access$200(ClusterConnectionStates.java:466)
	at org.apache.kafka.clients.ClusterConnectionStates.currentAddress(ClusterConnectionStates.java:172)
	at org.apache.kafka.clients.NetworkClient.initiateConnect(NetworkClient.java:1004)
	at org.apache.kafka.clients.NetworkClient.ready(NetworkClient.java:313)
	at org.apache.kafka.clients.producer.internals.Sender.sendProducerData(Sender.java:351)
	at org.apache.kafka.clients.producer.internals.Sender.runOnce(Sender.java:324)
	at org.apache.kafka.clients.producer.internals.Sender.run(Sender.java:253)
	at java.lang.Thread.run(Thread.java:748)
2025-01-22 09:42:50,469 WARN org.apache.kafka.clients.NetworkClient [pool-4-thread-1] [Consumer clientId=consumer-fraud-detection-group-2, groupId=fraud-detection-group] Error connecting to node sventaomac:9092 (id: 0 rack: null)
java.net.UnknownHostException: sventaomac
	at java.net.InetAddress.getAllByName0(InetAddress.java:1281)
	at java.net.InetAddress.getAllByName(InetAddress.java:1193)
	at java.net.InetAddress.getAllByName(InetAddress.java:1127)
	at org.apache.kafka.clients.DefaultHostResolver.resolve(DefaultHostResolver.java:27)
	at org.apache.kafka.clients.ClientUtils.resolve(ClientUtils.java:111)
	at org.apache.kafka.clients.ClusterConnectionStates$NodeConnectionState.currentAddress(ClusterConnectionStates.java:512)
	at org.apache.kafka.clients.ClusterConnectionStates$NodeConnectionState.access$200(ClusterConnectionStates.java:466)
	at org.apache.kafka.clients.ClusterConnectionStates.currentAddress(ClusterConnectionStates.java:172)
	at org.apache.kafka.clients.NetworkClient.initiateConnect(NetworkClient.java:1004)
	at org.apache.kafka.clients.NetworkClient.access$600(NetworkClient.java:75)
	at org.apache.kafka.clients.NetworkClient$DefaultMetadataUpdater.maybeUpdate(NetworkClient.java:1177)
	at org.apache.kafka.clients.NetworkClient$DefaultMetadataUpdater.maybeUpdate(NetworkClient.java:1065)
	at org.apache.kafka.clients.NetworkClient.poll(NetworkClient.java:561)
	at org.apache.kafka.clients.consumer.internals.ConsumerNetworkClient.poll(ConsumerNetworkClient.java:265)
	at org.apache.kafka.clients.consumer.internals.ConsumerNetworkClient.poll(ConsumerNetworkClient.java:236)
	at org.apache.kafka.clients.consumer.internals.ConsumerNetworkClient.poll(ConsumerNetworkClient.java:227)
	at org.apache.kafka.clients.consumer.internals.ConsumerNetworkClient.awaitMetadataUpdate(ConsumerNetworkClient.java:164)
	at org.apache.kafka.clients.consumer.internals.AbstractCoordinator.ensureCoordinatorReady(AbstractCoordinator.java:257)
	at org.apache.kafka.clients.consumer.internals.ConsumerCoordinator.poll(ConsumerCoordinator.java:480)
	at org.apache.kafka.clients.consumer.KafkaConsumer.updateAssignmentMetadataIfNeeded(KafkaConsumer.java:1257)
	at org.apache.kafka.clients.consumer.KafkaConsumer.poll(KafkaConsumer.java:1226)
	at org.apache.kafka.clients.consumer.KafkaConsumer.poll(KafkaConsumer.java:1206)
	at com.example.frauddetection.kafka.MessageConsumer.lambda$startListening$0(MessageConsumer.java:78)
	at java.util.concurrent.FutureTask.run(FutureTask.java:266)
	at java.util.concurrent.ThreadPoolExecutor.runWorker(ThreadPoolExecutor.java:1149)
	at java.util.concurrent.ThreadPoolExecutor$Worker.run(ThreadPoolExecutor.java:624)
	at java.lang.Thread.run(Thread.java:748)
2025-01-22 09:42:50,677 WARN org.apache.kafka.clients.NetworkClient [pool-1-thread-1] [Consumer clientId=consumer-fraud-detection-group-1, groupId=fraud-detection-group] Error connecting to node sventaomac:9092 (id: 0 rack: null)
java.net.UnknownHostException: sventaomac
	at java.net.InetAddress.getAllByName0(InetAddress.java:1281)
	at java.net.InetAddress.getAllByName(InetAddress.java:1193)
	at java.net.InetAddress.getAllByName(InetAddress.java:1127)
	at org.apache.kafka.clients.DefaultHostResolver.resolve(DefaultHostResolver.java:27)
	at org.apache.kafka.clients.ClientUtils.resolve(ClientUtils.java:111)
	at org.apache.kafka.clients.ClusterConnectionStates$NodeConnectionState.currentAddress(ClusterConnectionStates.java:512)
	at org.apache.kafka.clients.ClusterConnectionStates$NodeConnectionState.access$200(ClusterConnectionStates.java:466)
	at org.apache.kafka.clients.ClusterConnectionStates.currentAddress(ClusterConnectionStates.java:172)
	at org.apache.kafka.clients.NetworkClient.initiateConnect(NetworkClient.java:1004)
	at org.apache.kafka.clients.NetworkClient.access$600(NetworkClient.java:75)
	at org.apache.kafka.clients.NetworkClient$DefaultMetadataUpdater.maybeUpdate(NetworkClient.java:1177)
	at org.apache.kafka.clients.NetworkClient$DefaultMetadataUpdater.maybeUpdate(NetworkClient.java:1065)
	at org.apache.kafka.clients.NetworkClient.poll(NetworkClient.java:561)
	at org.apache.kafka.clients.consumer.internals.ConsumerNetworkClient.poll(ConsumerNetworkClient.java:265)
	at org.apache.kafka.clients.consumer.internals.ConsumerNetworkClient.poll(ConsumerNetworkClient.java:236)
	at org.apache.kafka.clients.consumer.internals.ConsumerNetworkClient.poll(ConsumerNetworkClient.java:227)
	at org.apache.kafka.clients.consumer.internals.ConsumerNetworkClient.awaitMetadataUpdate(ConsumerNetworkClient.java:164)
	at org.apache.kafka.clients.consumer.internals.AbstractCoordinator.ensureCoordinatorReady(AbstractCoordinator.java:257)
	at org.apache.kafka.clients.consumer.internals.ConsumerCoordinator.poll(ConsumerCoordinator.java:480)
	at org.apache.kafka.clients.consumer.KafkaConsumer.updateAssignmentMetadataIfNeeded(KafkaConsumer.java:1257)
	at org.apache.kafka.clients.consumer.KafkaConsumer.poll(KafkaConsumer.java:1226)
	at org.apache.kafka.clients.consumer.KafkaConsumer.poll(KafkaConsumer.java:1206)
	at com.example.frauddetection.kafka.MessageConsumer.lambda$startListening$0(MessageConsumer.java:78)
	at java.util.concurrent.FutureTask.run(FutureTask.java:266)
	at java.util.concurrent.ThreadPoolExecutor.runWorker(ThreadPoolExecutor.java:1149)
	at java.util.concurrent.ThreadPoolExecutor$Worker.run(ThreadPoolExecutor.java:624)
	at java.lang.Thread.run(Thread.java:748)
2025-01-22 09:42:50,682 WARN org.apache.kafka.clients.NetworkClient [kafka-producer-network-thread | producer-2] [Producer clientId=producer-2] Error connecting to node sventaomac:9092 (id: 0 rack: null)
java.net.UnknownHostException: sventaomac
	at java.net.InetAddress.getAllByName0(InetAddress.java:1281)
	at java.net.InetAddress.getAllByName(InetAddress.java:1193)
	at java.net.InetAddress.getAllByName(InetAddress.java:1127)
	at org.apache.kafka.clients.DefaultHostResolver.resolve(DefaultHostResolver.java:27)
	at org.apache.kafka.clients.ClientUtils.resolve(ClientUtils.java:111)
	at org.apache.kafka.clients.ClusterConnectionStates$NodeConnectionState.currentAddress(ClusterConnectionStates.java:512)
	at org.apache.kafka.clients.ClusterConnectionStates$NodeConnectionState.access$200(ClusterConnectionStates.java:466)
	at org.apache.kafka.clients.ClusterConnectionStates.currentAddress(ClusterConnectionStates.java:172)
	at org.apache.kafka.clients.NetworkClient.initiateConnect(NetworkClient.java:1004)
	at org.apache.kafka.clients.NetworkClient.ready(NetworkClient.java:313)
	at org.apache.kafka.clients.producer.internals.Sender.sendProducerData(Sender.java:351)
	at org.apache.kafka.clients.producer.internals.Sender.runOnce(Sender.java:324)
	at org.apache.kafka.clients.producer.internals.Sender.run(Sender.java:253)
	at java.lang.Thread.run(Thread.java:748)
2025-01-22 09:42:50,697 WARN org.apache.kafka.clients.NetworkClient [kafka-producer-network-thread | producer-1] [Producer clientId=producer-1] Error connecting to node sventaomac:9092 (id: 0 rack: null)
java.net.UnknownHostException: sventaomac
	at java.net.InetAddress.getAllByName0(InetAddress.java:1281)
	at java.net.InetAddress.getAllByName(InetAddress.java:1193)
	at java.net.InetAddress.getAllByName(InetAddress.java:1127)
	at org.apache.kafka.clients.DefaultHostResolver.resolve(DefaultHostResolver.java:27)
	at org.apache.kafka.clients.ClientUtils.resolve(ClientUtils.java:111)
	at org.apache.kafka.clients.ClusterConnectionStates$NodeConnectionState.currentAddress(ClusterConnectionStates.java:512)
	at org.apache.kafka.clients.ClusterConnectionStates$NodeConnectionState.access$200(ClusterConnectionStates.java:466)
	at org.apache.kafka.clients.ClusterConnectionStates.currentAddress(ClusterConnectionStates.java:172)
	at org.apache.kafka.clients.NetworkClient.initiateConnect(NetworkClient.java:1004)
	at org.apache.kafka.clients.NetworkClient.ready(NetworkClient.java:313)
	at org.apache.kafka.clients.producer.internals.Sender.sendProducerData(Sender.java:351)
	at org.apache.kafka.clients.producer.internals.Sender.runOnce(Sender.java:324)
	at org.apache.kafka.clients.producer.internals.Sender.run(Sender.java:240)
	at java.lang.Thread.run(Thread.java:748)
2025-01-22 09:42:51,378 WARN org.apache.kafka.clients.NetworkClient [pool-4-thread-1] [Consumer clientId=consumer-fraud-detection-group-2, groupId=fraud-detection-group] Error connecting to node sventaomac:9092 (id: 0 rack: null)
java.net.UnknownHostException: sventaomac
	at java.net.InetAddress.getAllByName0(InetAddress.java:1281)
	at java.net.InetAddress.getAllByName(InetAddress.java:1193)
	at java.net.InetAddress.getAllByName(InetAddress.java:1127)
	at org.apache.kafka.clients.DefaultHostResolver.resolve(DefaultHostResolver.java:27)
	at org.apache.kafka.clients.ClientUtils.resolve(ClientUtils.java:111)
	at org.apache.kafka.clients.ClusterConnectionStates$NodeConnectionState.currentAddress(ClusterConnectionStates.java:512)
	at org.apache.kafka.clients.ClusterConnectionStates$NodeConnectionState.access$200(ClusterConnectionStates.java:466)
	at org.apache.kafka.clients.ClusterConnectionStates.currentAddress(ClusterConnectionStates.java:172)
	at org.apache.kafka.clients.NetworkClient.initiateConnect(NetworkClient.java:1004)
	at org.apache.kafka.clients.NetworkClient.access$600(NetworkClient.java:75)
	at org.apache.kafka.clients.NetworkClient$DefaultMetadataUpdater.maybeUpdate(NetworkClient.java:1177)
	at org.apache.kafka.clients.NetworkClient$DefaultMetadataUpdater.maybeUpdate(NetworkClient.java:1065)
	at org.apache.kafka.clients.NetworkClient.poll(NetworkClient.java:561)
	at org.apache.kafka.clients.consumer.internals.ConsumerNetworkClient.poll(ConsumerNetworkClient.java:265)
	at org.apache.kafka.clients.consumer.internals.ConsumerNetworkClient.poll(ConsumerNetworkClient.java:236)
	at org.apache.kafka.clients.consumer.internals.ConsumerNetworkClient.poll(ConsumerNetworkClient.java:227)
	at org.apache.kafka.clients.consumer.internals.ConsumerNetworkClient.awaitMetadataUpdate(ConsumerNetworkClient.java:164)
	at org.apache.kafka.clients.consumer.internals.AbstractCoordinator.ensureCoordinatorReady(AbstractCoordinator.java:257)
	at org.apache.kafka.clients.consumer.internals.ConsumerCoordinator.poll(ConsumerCoordinator.java:480)
	at org.apache.kafka.clients.consumer.KafkaConsumer.updateAssignmentMetadataIfNeeded(KafkaConsumer.java:1257)
	at org.apache.kafka.clients.consumer.KafkaConsumer.poll(KafkaConsumer.java:1226)
	at org.apache.kafka.clients.consumer.KafkaConsumer.poll(KafkaConsumer.java:1206)
	at com.example.frauddetection.kafka.MessageConsumer.lambda$startListening$0(MessageConsumer.java:78)
	at java.util.concurrent.FutureTask.run(FutureTask.java:266)
	at java.util.concurrent.ThreadPoolExecutor.runWorker(ThreadPoolExecutor.java:1149)
	at java.util.concurrent.ThreadPoolExecutor$Worker.run(ThreadPoolExecutor.java:624)
	at java.lang.Thread.run(Thread.java:748)
2025-01-22 09:42:51,537 WARN org.apache.kafka.clients.NetworkClient [kafka-producer-network-thread | producer-1] [Producer clientId=producer-1] Error connecting to node sventaomac:9092 (id: 0 rack: null)
java.net.UnknownHostException: sventaomac
	at java.net.InetAddress.getAllByName0(InetAddress.java:1281)
	at java.net.InetAddress.getAllByName(InetAddress.java:1193)
	at java.net.InetAddress.getAllByName(InetAddress.java:1127)
	at org.apache.kafka.clients.DefaultHostResolver.resolve(DefaultHostResolver.java:27)
	at org.apache.kafka.clients.ClientUtils.resolve(ClientUtils.java:111)
	at org.apache.kafka.clients.ClusterConnectionStates$NodeConnectionState.currentAddress(ClusterConnectionStates.java:512)
	at org.apache.kafka.clients.ClusterConnectionStates$NodeConnectionState.access$200(ClusterConnectionStates.java:466)
	at org.apache.kafka.clients.ClusterConnectionStates.currentAddress(ClusterConnectionStates.java:172)
	at org.apache.kafka.clients.NetworkClient.initiateConnect(NetworkClient.java:1004)
	at org.apache.kafka.clients.NetworkClient.ready(NetworkClient.java:313)
	at org.apache.kafka.clients.producer.internals.Sender.sendProducerData(Sender.java:351)
	at org.apache.kafka.clients.producer.internals.Sender.runOnce(Sender.java:324)
	at org.apache.kafka.clients.producer.internals.Sender.run(Sender.java:240)
	at java.lang.Thread.run(Thread.java:748)
2025-01-22 09:42:51,609 WARN org.apache.kafka.clients.NetworkClient [kafka-producer-network-thread | producer-2] [Producer clientId=producer-2] Error connecting to node sventaomac:9092 (id: 0 rack: null)
java.net.UnknownHostException: sventaomac
	at java.net.InetAddress.getAllByName0(InetAddress.java:1281)
	at java.net.InetAddress.getAllByName(InetAddress.java:1193)
	at java.net.InetAddress.getAllByName(InetAddress.java:1127)
	at org.apache.kafka.clients.DefaultHostResolver.resolve(DefaultHostResolver.java:27)
	at org.apache.kafka.clients.ClientUtils.resolve(ClientUtils.java:111)
	at org.apache.kafka.clients.ClusterConnectionStates$NodeConnectionState.currentAddress(ClusterConnectionStates.java:512)
	at org.apache.kafka.clients.ClusterConnectionStates$NodeConnectionState.access$200(ClusterConnectionStates.java:466)
	at org.apache.kafka.clients.ClusterConnectionStates.currentAddress(ClusterConnectionStates.java:172)
	at org.apache.kafka.clients.NetworkClient.initiateConnect(NetworkClient.java:1004)
	at org.apache.kafka.clients.NetworkClient.ready(NetworkClient.java:313)
	at org.apache.kafka.clients.producer.internals.Sender.sendProducerData(Sender.java:351)
	at org.apache.kafka.clients.producer.internals.Sender.runOnce(Sender.java:324)
	at org.apache.kafka.clients.producer.internals.Sender.run(Sender.java:253)
	at java.lang.Thread.run(Thread.java:748)
2025-01-22 09:42:51,846 WARN org.apache.kafka.clients.NetworkClient [pool-1-thread-1] [Consumer clientId=consumer-fraud-detection-group-1, groupId=fraud-detection-group] Error connecting to node sventaomac:9092 (id: 0 rack: null)
java.net.UnknownHostException: sventaomac: nodename nor servname provided, or not known
	at java.net.Inet6AddressImpl.lookupAllHostAddr(Native Method)
	at java.net.InetAddress$2.lookupAllHostAddr(InetAddress.java:929)
	at java.net.InetAddress.getAddressesFromNameService(InetAddress.java:1324)
	at java.net.InetAddress.getAllByName0(InetAddress.java:1277)
	at java.net.InetAddress.getAllByName(InetAddress.java:1193)
	at java.net.InetAddress.getAllByName(InetAddress.java:1127)
	at org.apache.kafka.clients.DefaultHostResolver.resolve(DefaultHostResolver.java:27)
	at org.apache.kafka.clients.ClientUtils.resolve(ClientUtils.java:111)
	at org.apache.kafka.clients.ClusterConnectionStates$NodeConnectionState.currentAddress(ClusterConnectionStates.java:512)
	at org.apache.kafka.clients.ClusterConnectionStates$NodeConnectionState.access$200(ClusterConnectionStates.java:466)
	at org.apache.kafka.clients.ClusterConnectionStates.currentAddress(ClusterConnectionStates.java:172)
	at org.apache.kafka.clients.NetworkClient.initiateConnect(NetworkClient.java:1004)
	at org.apache.kafka.clients.NetworkClient.access$600(NetworkClient.java:75)
	at org.apache.kafka.clients.NetworkClient$DefaultMetadataUpdater.maybeUpdate(NetworkClient.java:1177)
	at org.apache.kafka.clients.NetworkClient$DefaultMetadataUpdater.maybeUpdate(NetworkClient.java:1065)
	at org.apache.kafka.clients.NetworkClient.poll(NetworkClient.java:561)
	at org.apache.kafka.clients.consumer.internals.ConsumerNetworkClient.poll(ConsumerNetworkClient.java:265)
	at org.apache.kafka.clients.consumer.internals.ConsumerNetworkClient.poll(ConsumerNetworkClient.java:236)
	at org.apache.kafka.clients.consumer.KafkaConsumer.pollForFetches(KafkaConsumer.java:1292)
	at org.apache.kafka.clients.consumer.KafkaConsumer.poll(KafkaConsumer.java:1233)
	at org.apache.kafka.clients.consumer.KafkaConsumer.poll(KafkaConsumer.java:1206)
	at com.example.frauddetection.kafka.MessageConsumer.lambda$startListening$0(MessageConsumer.java:78)
	at java.util.concurrent.FutureTask.run(FutureTask.java:266)
	at java.util.concurrent.ThreadPoolExecutor.runWorker(ThreadPoolExecutor.java:1149)
	at java.util.concurrent.ThreadPoolExecutor$Worker.run(ThreadPoolExecutor.java:624)
	at java.lang.Thread.run(Thread.java:748)
2025-01-22 09:42:52,345 WARN org.apache.kafka.clients.NetworkClient [pool-4-thread-1] [Consumer clientId=consumer-fraud-detection-group-2, groupId=fraud-detection-group] Error connecting to node sventaomac:9092 (id: 0 rack: null)
java.net.UnknownHostException: sventaomac
	at java.net.InetAddress.getAllByName0(InetAddress.java:1281)
	at java.net.InetAddress.getAllByName(InetAddress.java:1193)
	at java.net.InetAddress.getAllByName(InetAddress.java:1127)
	at org.apache.kafka.clients.DefaultHostResolver.resolve(DefaultHostResolver.java:27)
	at org.apache.kafka.clients.ClientUtils.resolve(ClientUtils.java:111)
	at org.apache.kafka.clients.ClusterConnectionStates$NodeConnectionState.currentAddress(ClusterConnectionStates.java:512)
	at org.apache.kafka.clients.ClusterConnectionStates$NodeConnectionState.access$200(ClusterConnectionStates.java:466)
	at org.apache.kafka.clients.ClusterConnectionStates.currentAddress(ClusterConnectionStates.java:172)
	at org.apache.kafka.clients.NetworkClient.initiateConnect(NetworkClient.java:1004)
	at org.apache.kafka.clients.NetworkClient.access$600(NetworkClient.java:75)
	at org.apache.kafka.clients.NetworkClient$DefaultMetadataUpdater.maybeUpdate(NetworkClient.java:1177)
	at org.apache.kafka.clients.NetworkClient$DefaultMetadataUpdater.maybeUpdate(NetworkClient.java:1065)
	at org.apache.kafka.clients.NetworkClient.poll(NetworkClient.java:561)
	at org.apache.kafka.clients.consumer.internals.ConsumerNetworkClient.poll(ConsumerNetworkClient.java:265)
	at org.apache.kafka.clients.consumer.internals.ConsumerNetworkClient.poll(ConsumerNetworkClient.java:236)
	at org.apache.kafka.clients.consumer.KafkaConsumer.pollForFetches(KafkaConsumer.java:1292)
	at org.apache.kafka.clients.consumer.KafkaConsumer.poll(KafkaConsumer.java:1233)
	at org.apache.kafka.clients.consumer.KafkaConsumer.poll(KafkaConsumer.java:1206)
	at com.example.frauddetection.kafka.MessageConsumer.lambda$startListening$0(MessageConsumer.java:78)
	at java.util.concurrent.FutureTask.run(FutureTask.java:266)
	at java.util.concurrent.ThreadPoolExecutor.runWorker(ThreadPoolExecutor.java:1149)
	at java.util.concurrent.ThreadPoolExecutor$Worker.run(ThreadPoolExecutor.java:624)
	at java.lang.Thread.run(Thread.java:748)
2025-01-22 09:42:52,483 WARN org.apache.kafka.clients.NetworkClient [kafka-producer-network-thread | producer-2] [Producer clientId=producer-2] Error connecting to node sventaomac:9092 (id: 0 rack: null)
java.net.UnknownHostException: sventaomac
	at java.net.InetAddress.getAllByName0(InetAddress.java:1281)
	at java.net.InetAddress.getAllByName(InetAddress.java:1193)
	at java.net.InetAddress.getAllByName(InetAddress.java:1127)
	at org.apache.kafka.clients.DefaultHostResolver.resolve(DefaultHostResolver.java:27)
	at org.apache.kafka.clients.ClientUtils.resolve(ClientUtils.java:111)
	at org.apache.kafka.clients.ClusterConnectionStates$NodeConnectionState.currentAddress(ClusterConnectionStates.java:512)
	at org.apache.kafka.clients.ClusterConnectionStates$NodeConnectionState.access$200(ClusterConnectionStates.java:466)
	at org.apache.kafka.clients.ClusterConnectionStates.currentAddress(ClusterConnectionStates.java:172)
	at org.apache.kafka.clients.NetworkClient.initiateConnect(NetworkClient.java:1004)
	at org.apache.kafka.clients.NetworkClient.ready(NetworkClient.java:313)
	at org.apache.kafka.clients.producer.internals.Sender.sendProducerData(Sender.java:351)
	at org.apache.kafka.clients.producer.internals.Sender.runOnce(Sender.java:324)
	at org.apache.kafka.clients.producer.internals.Sender.run(Sender.java:253)
	at java.lang.Thread.run(Thread.java:748)
2025-01-22 09:42:52,733 WARN org.apache.kafka.clients.NetworkClient [kafka-producer-network-thread | producer-1] [Producer clientId=producer-1] Error connecting to node sventaomac:9092 (id: 0 rack: null)
java.net.UnknownHostException: sventaomac
	at java.net.InetAddress.getAllByName0(InetAddress.java:1281)
	at java.net.InetAddress.getAllByName(InetAddress.java:1193)
	at java.net.InetAddress.getAllByName(InetAddress.java:1127)
	at org.apache.kafka.clients.DefaultHostResolver.resolve(DefaultHostResolver.java:27)
	at org.apache.kafka.clients.ClientUtils.resolve(ClientUtils.java:111)
	at org.apache.kafka.clients.ClusterConnectionStates$NodeConnectionState.currentAddress(ClusterConnectionStates.java:512)
	at org.apache.kafka.clients.ClusterConnectionStates$NodeConnectionState.access$200(ClusterConnectionStates.java:466)
	at org.apache.kafka.clients.ClusterConnectionStates.currentAddress(ClusterConnectionStates.java:172)
	at org.apache.kafka.clients.NetworkClient.initiateConnect(NetworkClient.java:1004)
	at org.apache.kafka.clients.NetworkClient.ready(NetworkClient.java:313)
	at org.apache.kafka.clients.producer.internals.Sender.sendProducerData(Sender.java:351)
	at org.apache.kafka.clients.producer.internals.Sender.runOnce(Sender.java:324)
	at org.apache.kafka.clients.producer.internals.Sender.run(Sender.java:240)
	at java.lang.Thread.run(Thread.java:748)
2025-01-22 09:42:52,751 WARN org.apache.kafka.clients.NetworkClient [pool-1-thread-1] [Consumer clientId=consumer-fraud-detection-group-1, groupId=fraud-detection-group] Error connecting to node sventaomac:9092 (id: 0 rack: null)
java.net.UnknownHostException: sventaomac
	at java.net.InetAddress.getAllByName0(InetAddress.java:1281)
	at java.net.InetAddress.getAllByName(InetAddress.java:1193)
	at java.net.InetAddress.getAllByName(InetAddress.java:1127)
	at org.apache.kafka.clients.DefaultHostResolver.resolve(DefaultHostResolver.java:27)
	at org.apache.kafka.clients.ClientUtils.resolve(ClientUtils.java:111)
	at org.apache.kafka.clients.ClusterConnectionStates$NodeConnectionState.currentAddress(ClusterConnectionStates.java:512)
	at org.apache.kafka.clients.ClusterConnectionStates$NodeConnectionState.access$200(ClusterConnectionStates.java:466)
	at org.apache.kafka.clients.ClusterConnectionStates.currentAddress(ClusterConnectionStates.java:172)
	at org.apache.kafka.clients.NetworkClient.initiateConnect(NetworkClient.java:1004)
	at org.apache.kafka.clients.NetworkClient.access$600(NetworkClient.java:75)
	at org.apache.kafka.clients.NetworkClient$DefaultMetadataUpdater.maybeUpdate(NetworkClient.java:1177)
	at org.apache.kafka.clients.NetworkClient$DefaultMetadataUpdater.maybeUpdate(NetworkClient.java:1065)
	at org.apache.kafka.clients.NetworkClient.poll(NetworkClient.java:561)
	at org.apache.kafka.clients.consumer.internals.ConsumerNetworkClient.poll(ConsumerNetworkClient.java:265)
	at org.apache.kafka.clients.consumer.internals.ConsumerNetworkClient.poll(ConsumerNetworkClient.java:236)
	at org.apache.kafka.clients.consumer.KafkaConsumer.pollForFetches(KafkaConsumer.java:1292)
	at org.apache.kafka.clients.consumer.KafkaConsumer.poll(KafkaConsumer.java:1233)
	at org.apache.kafka.clients.consumer.KafkaConsumer.poll(KafkaConsumer.java:1206)
	at com.example.frauddetection.kafka.MessageConsumer.lambda$startListening$0(MessageConsumer.java:78)
	at java.util.concurrent.FutureTask.run(FutureTask.java:266)
	at java.util.concurrent.ThreadPoolExecutor.runWorker(ThreadPoolExecutor.java:1149)
	at java.util.concurrent.ThreadPoolExecutor$Worker.run(ThreadPoolExecutor.java:624)
	at java.lang.Thread.run(Thread.java:748)
2025-01-22 09:42:53,454 WARN org.apache.kafka.clients.NetworkClient [pool-4-thread-1] [Consumer clientId=consumer-fraud-detection-group-2, groupId=fraud-detection-group] Error connecting to node sventaomac:9092 (id: 0 rack: null)
java.net.UnknownHostException: sventaomac
	at java.net.InetAddress.getAllByName0(InetAddress.java:1281)
	at java.net.InetAddress.getAllByName(InetAddress.java:1193)
	at java.net.InetAddress.getAllByName(InetAddress.java:1127)
	at org.apache.kafka.clients.DefaultHostResolver.resolve(DefaultHostResolver.java:27)
	at org.apache.kafka.clients.ClientUtils.resolve(ClientUtils.java:111)
	at org.apache.kafka.clients.ClusterConnectionStates$NodeConnectionState.currentAddress(ClusterConnectionStates.java:512)
	at org.apache.kafka.clients.ClusterConnectionStates$NodeConnectionState.access$200(ClusterConnectionStates.java:466)
	at org.apache.kafka.clients.ClusterConnectionStates.currentAddress(ClusterConnectionStates.java:172)
	at org.apache.kafka.clients.NetworkClient.initiateConnect(NetworkClient.java:1004)
	at org.apache.kafka.clients.NetworkClient.access$600(NetworkClient.java:75)
	at org.apache.kafka.clients.NetworkClient$DefaultMetadataUpdater.maybeUpdate(NetworkClient.java:1177)
	at org.apache.kafka.clients.NetworkClient$DefaultMetadataUpdater.maybeUpdate(NetworkClient.java:1065)
	at org.apache.kafka.clients.NetworkClient.poll(NetworkClient.java:561)
	at org.apache.kafka.clients.consumer.internals.ConsumerNetworkClient.poll(ConsumerNetworkClient.java:265)
	at org.apache.kafka.clients.consumer.internals.ConsumerNetworkClient.poll(ConsumerNetworkClient.java:236)
	at org.apache.kafka.clients.consumer.KafkaConsumer.pollForFetches(KafkaConsumer.java:1292)
	at org.apache.kafka.clients.consumer.KafkaConsumer.poll(KafkaConsumer.java:1233)
	at org.apache.kafka.clients.consumer.KafkaConsumer.poll(KafkaConsumer.java:1206)
	at com.example.frauddetection.kafka.MessageConsumer.lambda$startListening$0(MessageConsumer.java:78)
	at java.util.concurrent.FutureTask.run(FutureTask.java:266)
	at java.util.concurrent.ThreadPoolExecutor.runWorker(ThreadPoolExecutor.java:1149)
	at java.util.concurrent.ThreadPoolExecutor$Worker.run(ThreadPoolExecutor.java:624)
	at java.lang.Thread.run(Thread.java:748)
2025-01-22 09:42:53,542 WARN org.apache.kafka.clients.NetworkClient [kafka-producer-network-thread | producer-2] [Producer clientId=producer-2] Error connecting to node sventaomac:9092 (id: 0 rack: null)
java.net.UnknownHostException: sventaomac
	at java.net.InetAddress.getAllByName0(InetAddress.java:1281)
	at java.net.InetAddress.getAllByName(InetAddress.java:1193)
	at java.net.InetAddress.getAllByName(InetAddress.java:1127)
	at org.apache.kafka.clients.DefaultHostResolver.resolve(DefaultHostResolver.java:27)
	at org.apache.kafka.clients.ClientUtils.resolve(ClientUtils.java:111)
	at org.apache.kafka.clients.ClusterConnectionStates$NodeConnectionState.currentAddress(ClusterConnectionStates.java:512)
	at org.apache.kafka.clients.ClusterConnectionStates$NodeConnectionState.access$200(ClusterConnectionStates.java:466)
	at org.apache.kafka.clients.ClusterConnectionStates.currentAddress(ClusterConnectionStates.java:172)
	at org.apache.kafka.clients.NetworkClient.initiateConnect(NetworkClient.java:1004)
	at org.apache.kafka.clients.NetworkClient.ready(NetworkClient.java:313)
	at org.apache.kafka.clients.producer.internals.Sender.sendProducerData(Sender.java:351)
	at org.apache.kafka.clients.producer.internals.Sender.runOnce(Sender.java:324)
	at org.apache.kafka.clients.producer.internals.Sender.run(Sender.java:253)
	at java.lang.Thread.run(Thread.java:748)
2025-01-22 09:42:53,727 WARN org.apache.kafka.clients.NetworkClient [kafka-producer-network-thread | producer-1] [Producer clientId=producer-1] Error connecting to node sventaomac:9092 (id: 0 rack: null)
java.net.UnknownHostException: sventaomac
	at java.net.InetAddress.getAllByName0(InetAddress.java:1281)
	at java.net.InetAddress.getAllByName(InetAddress.java:1193)
	at java.net.InetAddress.getAllByName(InetAddress.java:1127)
	at org.apache.kafka.clients.DefaultHostResolver.resolve(DefaultHostResolver.java:27)
	at org.apache.kafka.clients.ClientUtils.resolve(ClientUtils.java:111)
	at org.apache.kafka.clients.ClusterConnectionStates$NodeConnectionState.currentAddress(ClusterConnectionStates.java:512)
	at org.apache.kafka.clients.ClusterConnectionStates$NodeConnectionState.access$200(ClusterConnectionStates.java:466)
	at org.apache.kafka.clients.ClusterConnectionStates.currentAddress(ClusterConnectionStates.java:172)
	at org.apache.kafka.clients.NetworkClient.initiateConnect(NetworkClient.java:1004)
	at org.apache.kafka.clients.NetworkClient.ready(NetworkClient.java:313)
	at org.apache.kafka.clients.producer.internals.Sender.sendProducerData(Sender.java:351)
	at org.apache.kafka.clients.producer.internals.Sender.runOnce(Sender.java:324)
	at org.apache.kafka.clients.producer.internals.Sender.run(Sender.java:240)
	at java.lang.Thread.run(Thread.java:748)
2025-01-22 09:42:53,861 WARN org.apache.kafka.clients.NetworkClient [pool-1-thread-1] [Consumer clientId=consumer-fraud-detection-group-1, groupId=fraud-detection-group] Error connecting to node sventaomac:9092 (id: 0 rack: null)
java.net.UnknownHostException: sventaomac
	at java.net.InetAddress.getAllByName0(InetAddress.java:1281)
	at java.net.InetAddress.getAllByName(InetAddress.java:1193)
	at java.net.InetAddress.getAllByName(InetAddress.java:1127)
	at org.apache.kafka.clients.DefaultHostResolver.resolve(DefaultHostResolver.java:27)
	at org.apache.kafka.clients.ClientUtils.resolve(ClientUtils.java:111)
	at org.apache.kafka.clients.ClusterConnectionStates$NodeConnectionState.currentAddress(ClusterConnectionStates.java:512)
	at org.apache.kafka.clients.ClusterConnectionStates$NodeConnectionState.access$200(ClusterConnectionStates.java:466)
	at org.apache.kafka.clients.ClusterConnectionStates.currentAddress(ClusterConnectionStates.java:172)
	at org.apache.kafka.clients.NetworkClient.initiateConnect(NetworkClient.java:1004)
	at org.apache.kafka.clients.NetworkClient.access$600(NetworkClient.java:75)
	at org.apache.kafka.clients.NetworkClient$DefaultMetadataUpdater.maybeUpdate(NetworkClient.java:1177)
	at org.apache.kafka.clients.NetworkClient$DefaultMetadataUpdater.maybeUpdate(NetworkClient.java:1065)
	at org.apache.kafka.clients.NetworkClient.poll(NetworkClient.java:561)
	at org.apache.kafka.clients.consumer.internals.ConsumerNetworkClient.poll(ConsumerNetworkClient.java:265)
	at org.apache.kafka.clients.consumer.internals.ConsumerNetworkClient.poll(ConsumerNetworkClient.java:236)
	at org.apache.kafka.clients.consumer.KafkaConsumer.pollForFetches(KafkaConsumer.java:1292)
	at org.apache.kafka.clients.consumer.KafkaConsumer.poll(KafkaConsumer.java:1233)
	at org.apache.kafka.clients.consumer.KafkaConsumer.poll(KafkaConsumer.java:1206)
	at com.example.frauddetection.kafka.MessageConsumer.lambda$startListening$0(MessageConsumer.java:78)
	at java.util.concurrent.FutureTask.run(FutureTask.java:266)
	at java.util.concurrent.ThreadPoolExecutor.runWorker(ThreadPoolExecutor.java:1149)
	at java.util.concurrent.ThreadPoolExecutor$Worker.run(ThreadPoolExecutor.java:624)
	at java.lang.Thread.run(Thread.java:748)
2025-01-22 09:42:54,261 WARN org.apache.kafka.clients.NetworkClient [pool-4-thread-1] [Consumer clientId=consumer-fraud-detection-group-2, groupId=fraud-detection-group] Error connecting to node sventaomac:9092 (id: 0 rack: null)
java.net.UnknownHostException: sventaomac
	at java.net.InetAddress.getAllByName0(InetAddress.java:1281)
	at java.net.InetAddress.getAllByName(InetAddress.java:1193)
	at java.net.InetAddress.getAllByName(InetAddress.java:1127)
	at org.apache.kafka.clients.DefaultHostResolver.resolve(DefaultHostResolver.java:27)
	at org.apache.kafka.clients.ClientUtils.resolve(ClientUtils.java:111)
	at org.apache.kafka.clients.ClusterConnectionStates$NodeConnectionState.currentAddress(ClusterConnectionStates.java:512)
	at org.apache.kafka.clients.ClusterConnectionStates$NodeConnectionState.access$200(ClusterConnectionStates.java:466)
	at org.apache.kafka.clients.ClusterConnectionStates.currentAddress(ClusterConnectionStates.java:172)
	at org.apache.kafka.clients.NetworkClient.initiateConnect(NetworkClient.java:1004)
	at org.apache.kafka.clients.NetworkClient.access$600(NetworkClient.java:75)
	at org.apache.kafka.clients.NetworkClient$DefaultMetadataUpdater.maybeUpdate(NetworkClient.java:1177)
	at org.apache.kafka.clients.NetworkClient$DefaultMetadataUpdater.maybeUpdate(NetworkClient.java:1065)
	at org.apache.kafka.clients.NetworkClient.poll(NetworkClient.java:561)
	at org.apache.kafka.clients.consumer.internals.ConsumerNetworkClient.poll(ConsumerNetworkClient.java:265)
	at org.apache.kafka.clients.consumer.internals.ConsumerNetworkClient.poll(ConsumerNetworkClient.java:236)
	at org.apache.kafka.clients.consumer.KafkaConsumer.pollForFetches(KafkaConsumer.java:1292)
	at org.apache.kafka.clients.consumer.KafkaConsumer.poll(KafkaConsumer.java:1233)
	at org.apache.kafka.clients.consumer.KafkaConsumer.poll(KafkaConsumer.java:1206)
	at com.example.frauddetection.kafka.MessageConsumer.lambda$startListening$0(MessageConsumer.java:78)
	at java.util.concurrent.FutureTask.run(FutureTask.java:266)
	at java.util.concurrent.ThreadPoolExecutor.runWorker(ThreadPoolExecutor.java:1149)
	at java.util.concurrent.ThreadPoolExecutor$Worker.run(ThreadPoolExecutor.java:624)
	at java.lang.Thread.run(Thread.java:748)
2025-01-22 09:42:54,734 WARN org.apache.kafka.clients.NetworkClient [kafka-producer-network-thread | producer-2] [Producer clientId=producer-2] Error connecting to node sventaomac:9092 (id: 0 rack: null)
java.net.UnknownHostException: sventaomac
	at java.net.InetAddress.getAllByName0(InetAddress.java:1281)
	at java.net.InetAddress.getAllByName(InetAddress.java:1193)
	at java.net.InetAddress.getAllByName(InetAddress.java:1127)
	at org.apache.kafka.clients.DefaultHostResolver.resolve(DefaultHostResolver.java:27)
	at org.apache.kafka.clients.ClientUtils.resolve(ClientUtils.java:111)
	at org.apache.kafka.clients.ClusterConnectionStates$NodeConnectionState.currentAddress(ClusterConnectionStates.java:512)
	at org.apache.kafka.clients.ClusterConnectionStates$NodeConnectionState.access$200(ClusterConnectionStates.java:466)
	at org.apache.kafka.clients.ClusterConnectionStates.currentAddress(ClusterConnectionStates.java:172)
	at org.apache.kafka.clients.NetworkClient.initiateConnect(NetworkClient.java:1004)
	at org.apache.kafka.clients.NetworkClient.ready(NetworkClient.java:313)
	at org.apache.kafka.clients.producer.internals.Sender.sendProducerData(Sender.java:351)
	at org.apache.kafka.clients.producer.internals.Sender.runOnce(Sender.java:324)
	at org.apache.kafka.clients.producer.internals.Sender.run(Sender.java:253)
	at java.lang.Thread.run(Thread.java:748)
2025-01-22 09:42:54,769 WARN org.apache.kafka.clients.NetworkClient [kafka-producer-network-thread | producer-1] [Producer clientId=producer-1] Error connecting to node sventaomac:9092 (id: 0 rack: null)
java.net.UnknownHostException: sventaomac
	at java.net.InetAddress.getAllByName0(InetAddress.java:1281)
	at java.net.InetAddress.getAllByName(InetAddress.java:1193)
	at java.net.InetAddress.getAllByName(InetAddress.java:1127)
	at org.apache.kafka.clients.DefaultHostResolver.resolve(DefaultHostResolver.java:27)
	at org.apache.kafka.clients.ClientUtils.resolve(ClientUtils.java:111)
	at org.apache.kafka.clients.ClusterConnectionStates$NodeConnectionState.currentAddress(ClusterConnectionStates.java:512)
	at org.apache.kafka.clients.ClusterConnectionStates$NodeConnectionState.access$200(ClusterConnectionStates.java:466)
	at org.apache.kafka.clients.ClusterConnectionStates.currentAddress(ClusterConnectionStates.java:172)
	at org.apache.kafka.clients.NetworkClient.initiateConnect(NetworkClient.java:1004)
	at org.apache.kafka.clients.NetworkClient.ready(NetworkClient.java:313)
	at org.apache.kafka.clients.producer.internals.Sender.sendProducerData(Sender.java:351)
	at org.apache.kafka.clients.producer.internals.Sender.runOnce(Sender.java:324)
	at org.apache.kafka.clients.producer.internals.Sender.run(Sender.java:240)
	at java.lang.Thread.run(Thread.java:748)
2025-01-22 09:42:54,863 WARN org.apache.kafka.clients.NetworkClient [pool-1-thread-1] [Consumer clientId=consumer-fraud-detection-group-1, groupId=fraud-detection-group] Error connecting to node sventaomac:9092 (id: 0 rack: null)
java.net.UnknownHostException: sventaomac
	at java.net.InetAddress.getAllByName0(InetAddress.java:1281)
	at java.net.InetAddress.getAllByName(InetAddress.java:1193)
	at java.net.InetAddress.getAllByName(InetAddress.java:1127)
	at org.apache.kafka.clients.DefaultHostResolver.resolve(DefaultHostResolver.java:27)
	at org.apache.kafka.clients.ClientUtils.resolve(ClientUtils.java:111)
	at org.apache.kafka.clients.ClusterConnectionStates$NodeConnectionState.currentAddress(ClusterConnectionStates.java:512)
	at org.apache.kafka.clients.ClusterConnectionStates$NodeConnectionState.access$200(ClusterConnectionStates.java:466)
	at org.apache.kafka.clients.ClusterConnectionStates.currentAddress(ClusterConnectionStates.java:172)
	at org.apache.kafka.clients.NetworkClient.initiateConnect(NetworkClient.java:1004)
	at org.apache.kafka.clients.NetworkClient.access$600(NetworkClient.java:75)
	at org.apache.kafka.clients.NetworkClient$DefaultMetadataUpdater.maybeUpdate(NetworkClient.java:1177)
	at org.apache.kafka.clients.NetworkClient$DefaultMetadataUpdater.maybeUpdate(NetworkClient.java:1065)
	at org.apache.kafka.clients.NetworkClient.poll(NetworkClient.java:561)
	at org.apache.kafka.clients.consumer.internals.ConsumerNetworkClient.poll(ConsumerNetworkClient.java:265)
	at org.apache.kafka.clients.consumer.internals.ConsumerNetworkClient.poll(ConsumerNetworkClient.java:236)
	at org.apache.kafka.clients.consumer.KafkaConsumer.pollForFetches(KafkaConsumer.java:1292)
	at org.apache.kafka.clients.consumer.KafkaConsumer.poll(KafkaConsumer.java:1233)
	at org.apache.kafka.clients.consumer.KafkaConsumer.poll(KafkaConsumer.java:1206)
	at com.example.frauddetection.kafka.MessageConsumer.lambda$startListening$0(MessageConsumer.java:78)
	at java.util.concurrent.FutureTask.run(FutureTask.java:266)
	at java.util.concurrent.ThreadPoolExecutor.runWorker(ThreadPoolExecutor.java:1149)
	at java.util.concurrent.ThreadPoolExecutor$Worker.run(ThreadPoolExecutor.java:624)
	at java.lang.Thread.run(Thread.java:748)
2025-01-22 09:42:55,366 WARN org.apache.kafka.clients.NetworkClient [pool-4-thread-1] [Consumer clientId=consumer-fraud-detection-group-2, groupId=fraud-detection-group] Error connecting to node sventaomac:9092 (id: 0 rack: null)
java.net.UnknownHostException: sventaomac
	at java.net.InetAddress.getAllByName0(InetAddress.java:1281)
	at java.net.InetAddress.getAllByName(InetAddress.java:1193)
	at java.net.InetAddress.getAllByName(InetAddress.java:1127)
	at org.apache.kafka.clients.DefaultHostResolver.resolve(DefaultHostResolver.java:27)
	at org.apache.kafka.clients.ClientUtils.resolve(ClientUtils.java:111)
	at org.apache.kafka.clients.ClusterConnectionStates$NodeConnectionState.currentAddress(ClusterConnectionStates.java:512)
	at org.apache.kafka.clients.ClusterConnectionStates$NodeConnectionState.access$200(ClusterConnectionStates.java:466)
	at org.apache.kafka.clients.ClusterConnectionStates.currentAddress(ClusterConnectionStates.java:172)
	at org.apache.kafka.clients.NetworkClient.initiateConnect(NetworkClient.java:1004)
	at org.apache.kafka.clients.NetworkClient.access$600(NetworkClient.java:75)
	at org.apache.kafka.clients.NetworkClient$DefaultMetadataUpdater.maybeUpdate(NetworkClient.java:1177)
	at org.apache.kafka.clients.NetworkClient$DefaultMetadataUpdater.maybeUpdate(NetworkClient.java:1065)
	at org.apache.kafka.clients.NetworkClient.poll(NetworkClient.java:561)
	at org.apache.kafka.clients.consumer.internals.ConsumerNetworkClient.poll(ConsumerNetworkClient.java:265)
	at org.apache.kafka.clients.consumer.internals.ConsumerNetworkClient.poll(ConsumerNetworkClient.java:236)
	at org.apache.kafka.clients.consumer.KafkaConsumer.pollForFetches(KafkaConsumer.java:1292)
	at org.apache.kafka.clients.consumer.KafkaConsumer.poll(KafkaConsumer.java:1233)
	at org.apache.kafka.clients.consumer.KafkaConsumer.poll(KafkaConsumer.java:1206)
	at com.example.frauddetection.kafka.MessageConsumer.lambda$startListening$0(MessageConsumer.java:78)
	at java.util.concurrent.FutureTask.run(FutureTask.java:266)
	at java.util.concurrent.ThreadPoolExecutor.runWorker(ThreadPoolExecutor.java:1149)
	at java.util.concurrent.ThreadPoolExecutor$Worker.run(ThreadPoolExecutor.java:624)
	at java.lang.Thread.run(Thread.java:748)
2025-01-22 09:42:55,890 WARN org.apache.kafka.clients.NetworkClient [kafka-producer-network-thread | producer-2] [Producer clientId=producer-2] Error connecting to node sventaomac:9092 (id: 0 rack: null)
java.net.UnknownHostException: sventaomac
	at java.net.InetAddress.getAllByName0(InetAddress.java:1281)
	at java.net.InetAddress.getAllByName(InetAddress.java:1193)
	at java.net.InetAddress.getAllByName(InetAddress.java:1127)
	at org.apache.kafka.clients.DefaultHostResolver.resolve(DefaultHostResolver.java:27)
	at org.apache.kafka.clients.ClientUtils.resolve(ClientUtils.java:111)
	at org.apache.kafka.clients.ClusterConnectionStates$NodeConnectionState.currentAddress(ClusterConnectionStates.java:512)
	at org.apache.kafka.clients.ClusterConnectionStates$NodeConnectionState.access$200(ClusterConnectionStates.java:466)
	at org.apache.kafka.clients.ClusterConnectionStates.currentAddress(ClusterConnectionStates.java:172)
	at org.apache.kafka.clients.NetworkClient.initiateConnect(NetworkClient.java:1004)
	at org.apache.kafka.clients.NetworkClient.ready(NetworkClient.java:313)
	at org.apache.kafka.clients.producer.internals.Sender.sendProducerData(Sender.java:351)
	at org.apache.kafka.clients.producer.internals.Sender.runOnce(Sender.java:324)
	at org.apache.kafka.clients.producer.internals.Sender.run(Sender.java:253)
	at java.lang.Thread.run(Thread.java:748)
2025-01-22 09:42:55,913 WARN org.apache.kafka.clients.NetworkClient [kafka-producer-network-thread | producer-1] [Producer clientId=producer-1] Error connecting to node sventaomac:9092 (id: 0 rack: null)
java.net.UnknownHostException: sventaomac
	at java.net.InetAddress.getAllByName0(InetAddress.java:1281)
	at java.net.InetAddress.getAllByName(InetAddress.java:1193)
	at java.net.InetAddress.getAllByName(InetAddress.java:1127)
	at org.apache.kafka.clients.DefaultHostResolver.resolve(DefaultHostResolver.java:27)
	at org.apache.kafka.clients.ClientUtils.resolve(ClientUtils.java:111)
	at org.apache.kafka.clients.ClusterConnectionStates$NodeConnectionState.currentAddress(ClusterConnectionStates.java:512)
	at org.apache.kafka.clients.ClusterConnectionStates$NodeConnectionState.access$200(ClusterConnectionStates.java:466)
	at org.apache.kafka.clients.ClusterConnectionStates.currentAddress(ClusterConnectionStates.java:172)
	at org.apache.kafka.clients.NetworkClient.initiateConnect(NetworkClient.java:1004)
	at org.apache.kafka.clients.NetworkClient.ready(NetworkClient.java:313)
	at org.apache.kafka.clients.producer.internals.Sender.sendProducerData(Sender.java:351)
	at org.apache.kafka.clients.producer.internals.Sender.runOnce(Sender.java:324)
	at org.apache.kafka.clients.producer.internals.Sender.run(Sender.java:240)
	at java.lang.Thread.run(Thread.java:748)
2025-01-22 09:42:56,021 WARN org.apache.kafka.clients.NetworkClient [pool-1-thread-1] [Consumer clientId=consumer-fraud-detection-group-1, groupId=fraud-detection-group] Error connecting to node sventaomac:9092 (id: 0 rack: null)
java.net.UnknownHostException: sventaomac
	at java.net.InetAddress.getAllByName0(InetAddress.java:1281)
	at java.net.InetAddress.getAllByName(InetAddress.java:1193)
	at java.net.InetAddress.getAllByName(InetAddress.java:1127)
	at org.apache.kafka.clients.DefaultHostResolver.resolve(DefaultHostResolver.java:27)
	at org.apache.kafka.clients.ClientUtils.resolve(ClientUtils.java:111)
	at org.apache.kafka.clients.ClusterConnectionStates$NodeConnectionState.currentAddress(ClusterConnectionStates.java:512)
	at org.apache.kafka.clients.ClusterConnectionStates$NodeConnectionState.access$200(ClusterConnectionStates.java:466)
	at org.apache.kafka.clients.ClusterConnectionStates.currentAddress(ClusterConnectionStates.java:172)
	at org.apache.kafka.clients.NetworkClient.initiateConnect(NetworkClient.java:1004)
	at org.apache.kafka.clients.NetworkClient.access$600(NetworkClient.java:75)
	at org.apache.kafka.clients.NetworkClient$DefaultMetadataUpdater.maybeUpdate(NetworkClient.java:1177)
	at org.apache.kafka.clients.NetworkClient$DefaultMetadataUpdater.maybeUpdate(NetworkClient.java:1065)
	at org.apache.kafka.clients.NetworkClient.poll(NetworkClient.java:561)
	at org.apache.kafka.clients.consumer.internals.ConsumerNetworkClient.poll(ConsumerNetworkClient.java:265)
	at org.apache.kafka.clients.consumer.internals.ConsumerNetworkClient.poll(ConsumerNetworkClient.java:236)
	at org.apache.kafka.clients.consumer.internals.ConsumerNetworkClient.poll(ConsumerNetworkClient.java:227)
	at org.apache.kafka.clients.consumer.internals.ConsumerNetworkClient.awaitMetadataUpdate(ConsumerNetworkClient.java:164)
	at org.apache.kafka.clients.consumer.internals.AbstractCoordinator.ensureCoordinatorReady(AbstractCoordinator.java:257)
	at org.apache.kafka.clients.consumer.internals.ConsumerCoordinator.poll(ConsumerCoordinator.java:480)
	at org.apache.kafka.clients.consumer.KafkaConsumer.updateAssignmentMetadataIfNeeded(KafkaConsumer.java:1257)
	at org.apache.kafka.clients.consumer.KafkaConsumer.poll(KafkaConsumer.java:1226)
	at org.apache.kafka.clients.consumer.KafkaConsumer.poll(KafkaConsumer.java:1206)
	at com.example.frauddetection.kafka.MessageConsumer.lambda$startListening$0(MessageConsumer.java:78)
	at java.util.concurrent.FutureTask.run(FutureTask.java:266)
	at java.util.concurrent.ThreadPoolExecutor.runWorker(ThreadPoolExecutor.java:1149)
	at java.util.concurrent.ThreadPoolExecutor$Worker.run(ThreadPoolExecutor.java:624)
	at java.lang.Thread.run(Thread.java:748)
2025-01-22 09:42:56,272 WARN org.apache.kafka.clients.NetworkClient [pool-4-thread-1] [Consumer clientId=consumer-fraud-detection-group-2, groupId=fraud-detection-group] Error connecting to node sventaomac:9092 (id: 0 rack: null)
java.net.UnknownHostException: sventaomac
	at java.net.InetAddress.getAllByName0(InetAddress.java:1281)
	at java.net.InetAddress.getAllByName(InetAddress.java:1193)
	at java.net.InetAddress.getAllByName(InetAddress.java:1127)
	at org.apache.kafka.clients.DefaultHostResolver.resolve(DefaultHostResolver.java:27)
	at org.apache.kafka.clients.ClientUtils.resolve(ClientUtils.java:111)
	at org.apache.kafka.clients.ClusterConnectionStates$NodeConnectionState.currentAddress(ClusterConnectionStates.java:512)
	at org.apache.kafka.clients.ClusterConnectionStates$NodeConnectionState.access$200(ClusterConnectionStates.java:466)
	at org.apache.kafka.clients.ClusterConnectionStates.currentAddress(ClusterConnectionStates.java:172)
	at org.apache.kafka.clients.NetworkClient.initiateConnect(NetworkClient.java:1004)
	at org.apache.kafka.clients.NetworkClient.access$600(NetworkClient.java:75)
	at org.apache.kafka.clients.NetworkClient$DefaultMetadataUpdater.maybeUpdate(NetworkClient.java:1177)
	at org.apache.kafka.clients.NetworkClient$DefaultMetadataUpdater.maybeUpdate(NetworkClient.java:1065)
	at org.apache.kafka.clients.NetworkClient.poll(NetworkClient.java:561)
	at org.apache.kafka.clients.consumer.internals.ConsumerNetworkClient.poll(ConsumerNetworkClient.java:265)
	at org.apache.kafka.clients.consumer.internals.ConsumerNetworkClient.poll(ConsumerNetworkClient.java:236)
	at org.apache.kafka.clients.consumer.KafkaConsumer.pollForFetches(KafkaConsumer.java:1292)
	at org.apache.kafka.clients.consumer.KafkaConsumer.poll(KafkaConsumer.java:1233)
	at org.apache.kafka.clients.consumer.KafkaConsumer.poll(KafkaConsumer.java:1206)
	at com.example.frauddetection.kafka.MessageConsumer.lambda$startListening$0(MessageConsumer.java:78)
	at java.util.concurrent.FutureTask.run(FutureTask.java:266)
	at java.util.concurrent.ThreadPoolExecutor.runWorker(ThreadPoolExecutor.java:1149)
	at java.util.concurrent.ThreadPoolExecutor$Worker.run(ThreadPoolExecutor.java:624)
	at java.lang.Thread.run(Thread.java:748)
2025-01-22 09:42:57,011 WARN org.apache.kafka.clients.NetworkClient [kafka-producer-network-thread | producer-2] [Producer clientId=producer-2] Error connecting to node sventaomac:9092 (id: 0 rack: null)
java.net.UnknownHostException: sventaomac
	at java.net.InetAddress.getAllByName0(InetAddress.java:1281)
	at java.net.InetAddress.getAllByName(InetAddress.java:1193)
	at java.net.InetAddress.getAllByName(InetAddress.java:1127)
	at org.apache.kafka.clients.DefaultHostResolver.resolve(DefaultHostResolver.java:27)
	at org.apache.kafka.clients.ClientUtils.resolve(ClientUtils.java:111)
	at org.apache.kafka.clients.ClusterConnectionStates$NodeConnectionState.currentAddress(ClusterConnectionStates.java:512)
	at org.apache.kafka.clients.ClusterConnectionStates$NodeConnectionState.access$200(ClusterConnectionStates.java:466)
	at org.apache.kafka.clients.ClusterConnectionStates.currentAddress(ClusterConnectionStates.java:172)
	at org.apache.kafka.clients.NetworkClient.initiateConnect(NetworkClient.java:1004)
	at org.apache.kafka.clients.NetworkClient.ready(NetworkClient.java:313)
	at org.apache.kafka.clients.producer.internals.Sender.sendProducerData(Sender.java:351)
	at org.apache.kafka.clients.producer.internals.Sender.runOnce(Sender.java:324)
	at org.apache.kafka.clients.producer.internals.Sender.run(Sender.java:253)
	at java.lang.Thread.run(Thread.java:748)
2025-01-22 09:42:57,029 WARN org.apache.kafka.clients.NetworkClient [pool-1-thread-1] [Consumer clientId=consumer-fraud-detection-group-1, groupId=fraud-detection-group] Error connecting to node sventaomac:9092 (id: 0 rack: null)
java.net.UnknownHostException: sventaomac
	at java.net.InetAddress.getAllByName0(InetAddress.java:1281)
	at java.net.InetAddress.getAllByName(InetAddress.java:1193)
	at java.net.InetAddress.getAllByName(InetAddress.java:1127)
	at org.apache.kafka.clients.DefaultHostResolver.resolve(DefaultHostResolver.java:27)
	at org.apache.kafka.clients.ClientUtils.resolve(ClientUtils.java:111)
	at org.apache.kafka.clients.ClusterConnectionStates$NodeConnectionState.currentAddress(ClusterConnectionStates.java:512)
	at org.apache.kafka.clients.ClusterConnectionStates$NodeConnectionState.access$200(ClusterConnectionStates.java:466)
	at org.apache.kafka.clients.ClusterConnectionStates.currentAddress(ClusterConnectionStates.java:172)
	at org.apache.kafka.clients.NetworkClient.initiateConnect(NetworkClient.java:1004)
	at org.apache.kafka.clients.NetworkClient.access$600(NetworkClient.java:75)
	at org.apache.kafka.clients.NetworkClient$DefaultMetadataUpdater.maybeUpdate(NetworkClient.java:1177)
	at org.apache.kafka.clients.NetworkClient$DefaultMetadataUpdater.maybeUpdate(NetworkClient.java:1065)
	at org.apache.kafka.clients.NetworkClient.poll(NetworkClient.java:561)
	at org.apache.kafka.clients.consumer.internals.ConsumerNetworkClient.poll(ConsumerNetworkClient.java:265)
	at org.apache.kafka.clients.consumer.internals.ConsumerNetworkClient.poll(ConsumerNetworkClient.java:236)
	at org.apache.kafka.clients.consumer.internals.ConsumerNetworkClient.poll(ConsumerNetworkClient.java:227)
	at org.apache.kafka.clients.consumer.internals.ConsumerNetworkClient.awaitMetadataUpdate(ConsumerNetworkClient.java:164)
	at org.apache.kafka.clients.consumer.internals.AbstractCoordinator.ensureCoordinatorReady(AbstractCoordinator.java:257)
	at org.apache.kafka.clients.consumer.internals.ConsumerCoordinator.poll(ConsumerCoordinator.java:480)
	at org.apache.kafka.clients.consumer.KafkaConsumer.updateAssignmentMetadataIfNeeded(KafkaConsumer.java:1257)
	at org.apache.kafka.clients.consumer.KafkaConsumer.poll(KafkaConsumer.java:1226)
	at org.apache.kafka.clients.consumer.KafkaConsumer.poll(KafkaConsumer.java:1206)
	at com.example.frauddetection.kafka.MessageConsumer.lambda$startListening$0(MessageConsumer.java:78)
	at java.util.concurrent.FutureTask.run(FutureTask.java:266)
	at java.util.concurrent.ThreadPoolExecutor.runWorker(ThreadPoolExecutor.java:1149)
	at java.util.concurrent.ThreadPoolExecutor$Worker.run(ThreadPoolExecutor.java:624)
	at java.lang.Thread.run(Thread.java:748)
2025-01-22 09:42:57,073 WARN org.apache.kafka.clients.NetworkClient [kafka-producer-network-thread | producer-1] [Producer clientId=producer-1] Error connecting to node sventaomac:9092 (id: 0 rack: null)
java.net.UnknownHostException: sventaomac
	at java.net.InetAddress.getAllByName0(InetAddress.java:1281)
	at java.net.InetAddress.getAllByName(InetAddress.java:1193)
	at java.net.InetAddress.getAllByName(InetAddress.java:1127)
	at org.apache.kafka.clients.DefaultHostResolver.resolve(DefaultHostResolver.java:27)
	at org.apache.kafka.clients.ClientUtils.resolve(ClientUtils.java:111)
	at org.apache.kafka.clients.ClusterConnectionStates$NodeConnectionState.currentAddress(ClusterConnectionStates.java:512)
	at org.apache.kafka.clients.ClusterConnectionStates$NodeConnectionState.access$200(ClusterConnectionStates.java:466)
	at org.apache.kafka.clients.ClusterConnectionStates.currentAddress(ClusterConnectionStates.java:172)
	at org.apache.kafka.clients.NetworkClient.initiateConnect(NetworkClient.java:1004)
	at org.apache.kafka.clients.NetworkClient.ready(NetworkClient.java:313)
	at org.apache.kafka.clients.producer.internals.Sender.sendProducerData(Sender.java:351)
	at org.apache.kafka.clients.producer.internals.Sender.runOnce(Sender.java:324)
	at org.apache.kafka.clients.producer.internals.Sender.run(Sender.java:240)
	at java.lang.Thread.run(Thread.java:748)
2025-01-22 09:42:57,129 WARN org.apache.kafka.clients.NetworkClient [pool-4-thread-1] [Consumer clientId=consumer-fraud-detection-group-2, groupId=fraud-detection-group] Error connecting to node sventaomac:9092 (id: 0 rack: null)
java.net.UnknownHostException: sventaomac
	at java.net.InetAddress.getAllByName0(InetAddress.java:1281)
	at java.net.InetAddress.getAllByName(InetAddress.java:1193)
	at java.net.InetAddress.getAllByName(InetAddress.java:1127)
	at org.apache.kafka.clients.DefaultHostResolver.resolve(DefaultHostResolver.java:27)
	at org.apache.kafka.clients.ClientUtils.resolve(ClientUtils.java:111)
	at org.apache.kafka.clients.ClusterConnectionStates$NodeConnectionState.currentAddress(ClusterConnectionStates.java:512)
	at org.apache.kafka.clients.ClusterConnectionStates$NodeConnectionState.access$200(ClusterConnectionStates.java:466)
	at org.apache.kafka.clients.ClusterConnectionStates.currentAddress(ClusterConnectionStates.java:172)
	at org.apache.kafka.clients.NetworkClient.initiateConnect(NetworkClient.java:1004)
	at org.apache.kafka.clients.NetworkClient.access$600(NetworkClient.java:75)
	at org.apache.kafka.clients.NetworkClient$DefaultMetadataUpdater.maybeUpdate(NetworkClient.java:1177)
	at org.apache.kafka.clients.NetworkClient$DefaultMetadataUpdater.maybeUpdate(NetworkClient.java:1065)
	at org.apache.kafka.clients.NetworkClient.poll(NetworkClient.java:561)
	at org.apache.kafka.clients.consumer.internals.ConsumerNetworkClient.poll(ConsumerNetworkClient.java:265)
	at org.apache.kafka.clients.consumer.internals.ConsumerNetworkClient.poll(ConsumerNetworkClient.java:236)
	at org.apache.kafka.clients.consumer.internals.ConsumerNetworkClient.poll(ConsumerNetworkClient.java:227)
	at org.apache.kafka.clients.consumer.internals.ConsumerNetworkClient.awaitMetadataUpdate(ConsumerNetworkClient.java:164)
	at org.apache.kafka.clients.consumer.internals.AbstractCoordinator.ensureCoordinatorReady(AbstractCoordinator.java:257)
	at org.apache.kafka.clients.consumer.internals.ConsumerCoordinator.poll(ConsumerCoordinator.java:480)
	at org.apache.kafka.clients.consumer.KafkaConsumer.updateAssignmentMetadataIfNeeded(KafkaConsumer.java:1257)
	at org.apache.kafka.clients.consumer.KafkaConsumer.poll(KafkaConsumer.java:1226)
	at org.apache.kafka.clients.consumer.KafkaConsumer.poll(KafkaConsumer.java:1206)
	at com.example.frauddetection.kafka.MessageConsumer.lambda$startListening$0(MessageConsumer.java:78)
	at java.util.concurrent.FutureTask.run(FutureTask.java:266)
	at java.util.concurrent.ThreadPoolExecutor.runWorker(ThreadPoolExecutor.java:1149)
	at java.util.concurrent.ThreadPoolExecutor$Worker.run(ThreadPoolExecutor.java:624)
	at java.lang.Thread.run(Thread.java:748)
2025-01-22 09:42:57,905 WARN org.apache.kafka.clients.NetworkClient [kafka-producer-network-thread | producer-2] [Producer clientId=producer-2] Error connecting to node sventaomac:9092 (id: 0 rack: null)
java.net.UnknownHostException: sventaomac
	at java.net.InetAddress.getAllByName0(InetAddress.java:1281)
	at java.net.InetAddress.getAllByName(InetAddress.java:1193)
	at java.net.InetAddress.getAllByName(InetAddress.java:1127)
	at org.apache.kafka.clients.DefaultHostResolver.resolve(DefaultHostResolver.java:27)
	at org.apache.kafka.clients.ClientUtils.resolve(ClientUtils.java:111)
	at org.apache.kafka.clients.ClusterConnectionStates$NodeConnectionState.currentAddress(ClusterConnectionStates.java:512)
	at org.apache.kafka.clients.ClusterConnectionStates$NodeConnectionState.access$200(ClusterConnectionStates.java:466)
	at org.apache.kafka.clients.ClusterConnectionStates.currentAddress(ClusterConnectionStates.java:172)
	at org.apache.kafka.clients.NetworkClient.initiateConnect(NetworkClient.java:1004)
	at org.apache.kafka.clients.NetworkClient.ready(NetworkClient.java:313)
	at org.apache.kafka.clients.producer.internals.Sender.sendProducerData(Sender.java:351)
	at org.apache.kafka.clients.producer.internals.Sender.runOnce(Sender.java:324)
	at org.apache.kafka.clients.producer.internals.Sender.run(Sender.java:253)
	at java.lang.Thread.run(Thread.java:748)
2025-01-22 09:42:57,972 WARN org.apache.kafka.clients.NetworkClient [kafka-producer-network-thread | producer-1] [Producer clientId=producer-1] Error connecting to node sventaomac:9092 (id: 0 rack: null)
java.net.UnknownHostException: sventaomac
	at java.net.InetAddress.getAllByName0(InetAddress.java:1281)
	at java.net.InetAddress.getAllByName(InetAddress.java:1193)
	at java.net.InetAddress.getAllByName(InetAddress.java:1127)
	at org.apache.kafka.clients.DefaultHostResolver.resolve(DefaultHostResolver.java:27)
	at org.apache.kafka.clients.ClientUtils.resolve(ClientUtils.java:111)
	at org.apache.kafka.clients.ClusterConnectionStates$NodeConnectionState.currentAddress(ClusterConnectionStates.java:512)
	at org.apache.kafka.clients.ClusterConnectionStates$NodeConnectionState.access$200(ClusterConnectionStates.java:466)
	at org.apache.kafka.clients.ClusterConnectionStates.currentAddress(ClusterConnectionStates.java:172)
	at org.apache.kafka.clients.NetworkClient.initiateConnect(NetworkClient.java:1004)
	at org.apache.kafka.clients.NetworkClient.ready(NetworkClient.java:313)
	at org.apache.kafka.clients.producer.internals.Sender.sendProducerData(Sender.java:351)
	at org.apache.kafka.clients.producer.internals.Sender.runOnce(Sender.java:324)
	at org.apache.kafka.clients.producer.internals.Sender.run(Sender.java:240)
	at java.lang.Thread.run(Thread.java:748)
2025-01-22 09:42:58,138 WARN org.apache.kafka.clients.NetworkClient [pool-4-thread-1] [Consumer clientId=consumer-fraud-detection-group-2, groupId=fraud-detection-group] Error connecting to node sventaomac:9092 (id: 0 rack: null)
java.net.UnknownHostException: sventaomac
	at java.net.InetAddress.getAllByName0(InetAddress.java:1281)
	at java.net.InetAddress.getAllByName(InetAddress.java:1193)
	at java.net.InetAddress.getAllByName(InetAddress.java:1127)
	at org.apache.kafka.clients.DefaultHostResolver.resolve(DefaultHostResolver.java:27)
	at org.apache.kafka.clients.ClientUtils.resolve(ClientUtils.java:111)
	at org.apache.kafka.clients.ClusterConnectionStates$NodeConnectionState.currentAddress(ClusterConnectionStates.java:512)
	at org.apache.kafka.clients.ClusterConnectionStates$NodeConnectionState.access$200(ClusterConnectionStates.java:466)
	at org.apache.kafka.clients.ClusterConnectionStates.currentAddress(ClusterConnectionStates.java:172)
	at org.apache.kafka.clients.NetworkClient.initiateConnect(NetworkClient.java:1004)
	at org.apache.kafka.clients.NetworkClient.access$600(NetworkClient.java:75)
	at org.apache.kafka.clients.NetworkClient$DefaultMetadataUpdater.maybeUpdate(NetworkClient.java:1177)
	at org.apache.kafka.clients.NetworkClient$DefaultMetadataUpdater.maybeUpdate(NetworkClient.java:1065)
	at org.apache.kafka.clients.NetworkClient.poll(NetworkClient.java:561)
	at org.apache.kafka.clients.consumer.internals.ConsumerNetworkClient.poll(ConsumerNetworkClient.java:265)
	at org.apache.kafka.clients.consumer.internals.ConsumerNetworkClient.poll(ConsumerNetworkClient.java:236)
	at org.apache.kafka.clients.consumer.internals.ConsumerNetworkClient.poll(ConsumerNetworkClient.java:227)
	at org.apache.kafka.clients.consumer.internals.ConsumerNetworkClient.awaitMetadataUpdate(ConsumerNetworkClient.java:164)
	at org.apache.kafka.clients.consumer.internals.AbstractCoordinator.ensureCoordinatorReady(AbstractCoordinator.java:257)
	at org.apache.kafka.clients.consumer.internals.ConsumerCoordinator.poll(ConsumerCoordinator.java:480)
	at org.apache.kafka.clients.consumer.KafkaConsumer.updateAssignmentMetadataIfNeeded(KafkaConsumer.java:1257)
	at org.apache.kafka.clients.consumer.KafkaConsumer.poll(KafkaConsumer.java:1226)
	at org.apache.kafka.clients.consumer.KafkaConsumer.poll(KafkaConsumer.java:1206)
	at com.example.frauddetection.kafka.MessageConsumer.lambda$startListening$0(MessageConsumer.java:78)
	at java.util.concurrent.FutureTask.run(FutureTask.java:266)
	at java.util.concurrent.ThreadPoolExecutor.runWorker(ThreadPoolExecutor.java:1149)
	at java.util.concurrent.ThreadPoolExecutor$Worker.run(ThreadPoolExecutor.java:624)
	at java.lang.Thread.run(Thread.java:748)
2025-01-22 09:42:58,138 WARN org.apache.kafka.clients.NetworkClient [pool-1-thread-1] [Consumer clientId=consumer-fraud-detection-group-1, groupId=fraud-detection-group] Error connecting to node sventaomac:9092 (id: 0 rack: null)
java.net.UnknownHostException: sventaomac
	at java.net.InetAddress.getAllByName0(InetAddress.java:1281)
	at java.net.InetAddress.getAllByName(InetAddress.java:1193)
	at java.net.InetAddress.getAllByName(InetAddress.java:1127)
	at org.apache.kafka.clients.DefaultHostResolver.resolve(DefaultHostResolver.java:27)
	at org.apache.kafka.clients.ClientUtils.resolve(ClientUtils.java:111)
	at org.apache.kafka.clients.ClusterConnectionStates$NodeConnectionState.currentAddress(ClusterConnectionStates.java:512)
	at org.apache.kafka.clients.ClusterConnectionStates$NodeConnectionState.access$200(ClusterConnectionStates.java:466)
	at org.apache.kafka.clients.ClusterConnectionStates.currentAddress(ClusterConnectionStates.java:172)
	at org.apache.kafka.clients.NetworkClient.initiateConnect(NetworkClient.java:1004)
	at org.apache.kafka.clients.NetworkClient.access$600(NetworkClient.java:75)
	at org.apache.kafka.clients.NetworkClient$DefaultMetadataUpdater.maybeUpdate(NetworkClient.java:1177)
	at org.apache.kafka.clients.NetworkClient$DefaultMetadataUpdater.maybeUpdate(NetworkClient.java:1065)
	at org.apache.kafka.clients.NetworkClient.poll(NetworkClient.java:561)
	at org.apache.kafka.clients.consumer.internals.ConsumerNetworkClient.poll(ConsumerNetworkClient.java:265)
	at org.apache.kafka.clients.consumer.internals.ConsumerNetworkClient.poll(ConsumerNetworkClient.java:236)
	at org.apache.kafka.clients.consumer.internals.ConsumerNetworkClient.poll(ConsumerNetworkClient.java:227)
	at org.apache.kafka.clients.consumer.internals.ConsumerNetworkClient.awaitMetadataUpdate(ConsumerNetworkClient.java:164)
	at org.apache.kafka.clients.consumer.internals.AbstractCoordinator.ensureCoordinatorReady(AbstractCoordinator.java:257)
	at org.apache.kafka.clients.consumer.internals.ConsumerCoordinator.poll(ConsumerCoordinator.java:480)
	at org.apache.kafka.clients.consumer.KafkaConsumer.updateAssignmentMetadataIfNeeded(KafkaConsumer.java:1257)
	at org.apache.kafka.clients.consumer.KafkaConsumer.poll(KafkaConsumer.java:1226)
	at org.apache.kafka.clients.consumer.KafkaConsumer.poll(KafkaConsumer.java:1206)
	at com.example.frauddetection.kafka.MessageConsumer.lambda$startListening$0(MessageConsumer.java:78)
	at java.util.concurrent.FutureTask.run(FutureTask.java:266)
	at java.util.concurrent.ThreadPoolExecutor.runWorker(ThreadPoolExecutor.java:1149)
	at java.util.concurrent.ThreadPoolExecutor$Worker.run(ThreadPoolExecutor.java:624)
	at java.lang.Thread.run(Thread.java:748)
2025-01-22 09:42:58,708 WARN org.apache.kafka.clients.NetworkClient [kafka-producer-network-thread | producer-2] [Producer clientId=producer-2] Error connecting to node sventaomac:9092 (id: 0 rack: null)
java.net.UnknownHostException: sventaomac
	at java.net.InetAddress.getAllByName0(InetAddress.java:1281)
	at java.net.InetAddress.getAllByName(InetAddress.java:1193)
	at java.net.InetAddress.getAllByName(InetAddress.java:1127)
	at org.apache.kafka.clients.DefaultHostResolver.resolve(DefaultHostResolver.java:27)
	at org.apache.kafka.clients.ClientUtils.resolve(ClientUtils.java:111)
	at org.apache.kafka.clients.ClusterConnectionStates$NodeConnectionState.currentAddress(ClusterConnectionStates.java:512)
	at org.apache.kafka.clients.ClusterConnectionStates$NodeConnectionState.access$200(ClusterConnectionStates.java:466)
	at org.apache.kafka.clients.ClusterConnectionStates.currentAddress(ClusterConnectionStates.java:172)
	at org.apache.kafka.clients.NetworkClient.initiateConnect(NetworkClient.java:1004)
	at org.apache.kafka.clients.NetworkClient.ready(NetworkClient.java:313)
	at org.apache.kafka.clients.producer.internals.Sender.sendProducerData(Sender.java:351)
	at org.apache.kafka.clients.producer.internals.Sender.runOnce(Sender.java:324)
	at org.apache.kafka.clients.producer.internals.Sender.run(Sender.java:253)
	at java.lang.Thread.run(Thread.java:748)
2025-01-22 09:42:59,106 WARN org.apache.kafka.clients.NetworkClient [kafka-producer-network-thread | producer-1] [Producer clientId=producer-1] Error connecting to node sventaomac:9092 (id: 0 rack: null)
java.net.UnknownHostException: sventaomac
	at java.net.InetAddress.getAllByName0(InetAddress.java:1281)
	at java.net.InetAddress.getAllByName(InetAddress.java:1193)
	at java.net.InetAddress.getAllByName(InetAddress.java:1127)
	at org.apache.kafka.clients.DefaultHostResolver.resolve(DefaultHostResolver.java:27)
	at org.apache.kafka.clients.ClientUtils.resolve(ClientUtils.java:111)
	at org.apache.kafka.clients.ClusterConnectionStates$NodeConnectionState.currentAddress(ClusterConnectionStates.java:512)
	at org.apache.kafka.clients.ClusterConnectionStates$NodeConnectionState.access$200(ClusterConnectionStates.java:466)
	at org.apache.kafka.clients.ClusterConnectionStates.currentAddress(ClusterConnectionStates.java:172)
	at org.apache.kafka.clients.NetworkClient.initiateConnect(NetworkClient.java:1004)
	at org.apache.kafka.clients.NetworkClient.ready(NetworkClient.java:313)
	at org.apache.kafka.clients.producer.internals.Sender.sendProducerData(Sender.java:351)
	at org.apache.kafka.clients.producer.internals.Sender.runOnce(Sender.java:324)
	at org.apache.kafka.clients.producer.internals.Sender.run(Sender.java:240)
	at java.lang.Thread.run(Thread.java:748)
2025-01-22 09:42:59,146 WARN org.apache.kafka.clients.NetworkClient [pool-1-thread-1] [Consumer clientId=consumer-fraud-detection-group-1, groupId=fraud-detection-group] Error connecting to node sventaomac:9092 (id: 0 rack: null)
java.net.UnknownHostException: sventaomac
	at java.net.InetAddress.getAllByName0(InetAddress.java:1281)
	at java.net.InetAddress.getAllByName(InetAddress.java:1193)
	at java.net.InetAddress.getAllByName(InetAddress.java:1127)
	at org.apache.kafka.clients.DefaultHostResolver.resolve(DefaultHostResolver.java:27)
	at org.apache.kafka.clients.ClientUtils.resolve(ClientUtils.java:111)
	at org.apache.kafka.clients.ClusterConnectionStates$NodeConnectionState.currentAddress(ClusterConnectionStates.java:512)
	at org.apache.kafka.clients.ClusterConnectionStates$NodeConnectionState.access$200(ClusterConnectionStates.java:466)
	at org.apache.kafka.clients.ClusterConnectionStates.currentAddress(ClusterConnectionStates.java:172)
	at org.apache.kafka.clients.NetworkClient.initiateConnect(NetworkClient.java:1004)
	at org.apache.kafka.clients.NetworkClient.access$600(NetworkClient.java:75)
	at org.apache.kafka.clients.NetworkClient$DefaultMetadataUpdater.maybeUpdate(NetworkClient.java:1177)
	at org.apache.kafka.clients.NetworkClient$DefaultMetadataUpdater.maybeUpdate(NetworkClient.java:1065)
	at org.apache.kafka.clients.NetworkClient.poll(NetworkClient.java:561)
	at org.apache.kafka.clients.consumer.internals.ConsumerNetworkClient.poll(ConsumerNetworkClient.java:265)
	at org.apache.kafka.clients.consumer.internals.ConsumerNetworkClient.poll(ConsumerNetworkClient.java:236)
	at org.apache.kafka.clients.consumer.internals.ConsumerNetworkClient.poll(ConsumerNetworkClient.java:227)
	at org.apache.kafka.clients.consumer.internals.ConsumerNetworkClient.awaitMetadataUpdate(ConsumerNetworkClient.java:164)
	at org.apache.kafka.clients.consumer.internals.AbstractCoordinator.ensureCoordinatorReady(AbstractCoordinator.java:257)
	at org.apache.kafka.clients.consumer.internals.ConsumerCoordinator.poll(ConsumerCoordinator.java:480)
	at org.apache.kafka.clients.consumer.KafkaConsumer.updateAssignmentMetadataIfNeeded(KafkaConsumer.java:1257)
	at org.apache.kafka.clients.consumer.KafkaConsumer.poll(KafkaConsumer.java:1226)
	at org.apache.kafka.clients.consumer.KafkaConsumer.poll(KafkaConsumer.java:1206)
	at com.example.frauddetection.kafka.MessageConsumer.lambda$startListening$0(MessageConsumer.java:78)
	at java.util.concurrent.FutureTask.run(FutureTask.java:266)
	at java.util.concurrent.ThreadPoolExecutor.runWorker(ThreadPoolExecutor.java:1149)
	at java.util.concurrent.ThreadPoolExecutor$Worker.run(ThreadPoolExecutor.java:624)
	at java.lang.Thread.run(Thread.java:748)
2025-01-22 09:42:59,247 WARN org.apache.kafka.clients.NetworkClient [pool-4-thread-1] [Consumer clientId=consumer-fraud-detection-group-2, groupId=fraud-detection-group] Error connecting to node sventaomac:9092 (id: 0 rack: null)
java.net.UnknownHostException: sventaomac
	at java.net.InetAddress.getAllByName0(InetAddress.java:1281)
	at java.net.InetAddress.getAllByName(InetAddress.java:1193)
	at java.net.InetAddress.getAllByName(InetAddress.java:1127)
	at org.apache.kafka.clients.DefaultHostResolver.resolve(DefaultHostResolver.java:27)
	at org.apache.kafka.clients.ClientUtils.resolve(ClientUtils.java:111)
	at org.apache.kafka.clients.ClusterConnectionStates$NodeConnectionState.currentAddress(ClusterConnectionStates.java:512)
	at org.apache.kafka.clients.ClusterConnectionStates$NodeConnectionState.access$200(ClusterConnectionStates.java:466)
	at org.apache.kafka.clients.ClusterConnectionStates.currentAddress(ClusterConnectionStates.java:172)
	at org.apache.kafka.clients.NetworkClient.initiateConnect(NetworkClient.java:1004)
	at org.apache.kafka.clients.NetworkClient.access$600(NetworkClient.java:75)
	at org.apache.kafka.clients.NetworkClient$DefaultMetadataUpdater.maybeUpdate(NetworkClient.java:1177)
	at org.apache.kafka.clients.NetworkClient$DefaultMetadataUpdater.maybeUpdate(NetworkClient.java:1065)
	at org.apache.kafka.clients.NetworkClient.poll(NetworkClient.java:561)
	at org.apache.kafka.clients.consumer.internals.ConsumerNetworkClient.poll(ConsumerNetworkClient.java:265)
	at org.apache.kafka.clients.consumer.internals.ConsumerNetworkClient.poll(ConsumerNetworkClient.java:236)
	at org.apache.kafka.clients.consumer.internals.ConsumerNetworkClient.poll(ConsumerNetworkClient.java:227)
	at org.apache.kafka.clients.consumer.internals.ConsumerNetworkClient.awaitMetadataUpdate(ConsumerNetworkClient.java:164)
	at org.apache.kafka.clients.consumer.internals.AbstractCoordinator.ensureCoordinatorReady(AbstractCoordinator.java:257)
	at org.apache.kafka.clients.consumer.internals.ConsumerCoordinator.poll(ConsumerCoordinator.java:480)
	at org.apache.kafka.clients.consumer.KafkaConsumer.updateAssignmentMetadataIfNeeded(KafkaConsumer.java:1257)
	at org.apache.kafka.clients.consumer.KafkaConsumer.poll(KafkaConsumer.java:1226)
	at org.apache.kafka.clients.consumer.KafkaConsumer.poll(KafkaConsumer.java:1206)
	at com.example.frauddetection.kafka.MessageConsumer.lambda$startListening$0(MessageConsumer.java:78)
	at java.util.concurrent.FutureTask.run(FutureTask.java:266)
	at java.util.concurrent.ThreadPoolExecutor.runWorker(ThreadPoolExecutor.java:1149)
	at java.util.concurrent.ThreadPoolExecutor$Worker.run(ThreadPoolExecutor.java:624)
	at java.lang.Thread.run(Thread.java:748)
2025-01-22 09:42:59,598 WARN org.apache.kafka.clients.NetworkClient [kafka-producer-network-thread | producer-2] [Producer clientId=producer-2] Error connecting to node sventaomac:9092 (id: 0 rack: null)
java.net.UnknownHostException: sventaomac
	at java.net.InetAddress.getAllByName0(InetAddress.java:1281)
	at java.net.InetAddress.getAllByName(InetAddress.java:1193)
	at java.net.InetAddress.getAllByName(InetAddress.java:1127)
	at org.apache.kafka.clients.DefaultHostResolver.resolve(DefaultHostResolver.java:27)
	at org.apache.kafka.clients.ClientUtils.resolve(ClientUtils.java:111)
	at org.apache.kafka.clients.ClusterConnectionStates$NodeConnectionState.currentAddress(ClusterConnectionStates.java:512)
	at org.apache.kafka.clients.ClusterConnectionStates$NodeConnectionState.access$200(ClusterConnectionStates.java:466)
	at org.apache.kafka.clients.ClusterConnectionStates.currentAddress(ClusterConnectionStates.java:172)
	at org.apache.kafka.clients.NetworkClient.initiateConnect(NetworkClient.java:1004)
	at org.apache.kafka.clients.NetworkClient.ready(NetworkClient.java:313)
	at org.apache.kafka.clients.producer.internals.Sender.sendProducerData(Sender.java:351)
	at org.apache.kafka.clients.producer.internals.Sender.runOnce(Sender.java:324)
	at org.apache.kafka.clients.producer.internals.Sender.run(Sender.java:253)
	at java.lang.Thread.run(Thread.java:748)
2025-01-22 09:43:00,083 WARN org.apache.kafka.clients.NetworkClient [kafka-producer-network-thread | producer-1] [Producer clientId=producer-1] Error connecting to node sventaomac:9092 (id: 0 rack: null)
java.net.UnknownHostException: sventaomac
	at java.net.InetAddress.getAllByName0(InetAddress.java:1281)
	at java.net.InetAddress.getAllByName(InetAddress.java:1193)
	at java.net.InetAddress.getAllByName(InetAddress.java:1127)
	at org.apache.kafka.clients.DefaultHostResolver.resolve(DefaultHostResolver.java:27)
	at org.apache.kafka.clients.ClientUtils.resolve(ClientUtils.java:111)
	at org.apache.kafka.clients.ClusterConnectionStates$NodeConnectionState.currentAddress(ClusterConnectionStates.java:512)
	at org.apache.kafka.clients.ClusterConnectionStates$NodeConnectionState.access$200(ClusterConnectionStates.java:466)
	at org.apache.kafka.clients.ClusterConnectionStates.currentAddress(ClusterConnectionStates.java:172)
	at org.apache.kafka.clients.NetworkClient.initiateConnect(NetworkClient.java:1004)
	at org.apache.kafka.clients.NetworkClient.ready(NetworkClient.java:313)
	at org.apache.kafka.clients.producer.internals.Sender.sendProducerData(Sender.java:351)
	at org.apache.kafka.clients.producer.internals.Sender.runOnce(Sender.java:324)
	at org.apache.kafka.clients.producer.internals.Sender.run(Sender.java:240)
	at java.lang.Thread.run(Thread.java:748)
2025-01-22 09:43:00,201 WARN org.apache.kafka.clients.NetworkClient [pool-4-thread-1] [Consumer clientId=consumer-fraud-detection-group-2, groupId=fraud-detection-group] Error connecting to node sventaomac:9092 (id: 0 rack: null)
java.net.UnknownHostException: sventaomac
	at java.net.InetAddress.getAllByName0(InetAddress.java:1281)
	at java.net.InetAddress.getAllByName(InetAddress.java:1193)
	at java.net.InetAddress.getAllByName(InetAddress.java:1127)
	at org.apache.kafka.clients.DefaultHostResolver.resolve(DefaultHostResolver.java:27)
	at org.apache.kafka.clients.ClientUtils.resolve(ClientUtils.java:111)
	at org.apache.kafka.clients.ClusterConnectionStates$NodeConnectionState.currentAddress(ClusterConnectionStates.java:512)
	at org.apache.kafka.clients.ClusterConnectionStates$NodeConnectionState.access$200(ClusterConnectionStates.java:466)
	at org.apache.kafka.clients.ClusterConnectionStates.currentAddress(ClusterConnectionStates.java:172)
	at org.apache.kafka.clients.NetworkClient.initiateConnect(NetworkClient.java:1004)
	at org.apache.kafka.clients.NetworkClient.access$600(NetworkClient.java:75)
	at org.apache.kafka.clients.NetworkClient$DefaultMetadataUpdater.maybeUpdate(NetworkClient.java:1177)
	at org.apache.kafka.clients.NetworkClient$DefaultMetadataUpdater.maybeUpdate(NetworkClient.java:1065)
	at org.apache.kafka.clients.NetworkClient.poll(NetworkClient.java:561)
	at org.apache.kafka.clients.consumer.internals.ConsumerNetworkClient.poll(ConsumerNetworkClient.java:265)
	at org.apache.kafka.clients.consumer.internals.ConsumerNetworkClient.poll(ConsumerNetworkClient.java:236)
	at org.apache.kafka.clients.consumer.KafkaConsumer.pollForFetches(KafkaConsumer.java:1292)
	at org.apache.kafka.clients.consumer.KafkaConsumer.poll(KafkaConsumer.java:1233)
	at org.apache.kafka.clients.consumer.KafkaConsumer.poll(KafkaConsumer.java:1206)
	at com.example.frauddetection.kafka.MessageConsumer.lambda$startListening$0(MessageConsumer.java:78)
	at java.util.concurrent.FutureTask.run(FutureTask.java:266)
	at java.util.concurrent.ThreadPoolExecutor.runWorker(ThreadPoolExecutor.java:1149)
	at java.util.concurrent.ThreadPoolExecutor$Worker.run(ThreadPoolExecutor.java:624)
	at java.lang.Thread.run(Thread.java:748)
2025-01-22 09:43:00,252 WARN org.apache.kafka.clients.NetworkClient [pool-1-thread-1] [Consumer clientId=consumer-fraud-detection-group-1, groupId=fraud-detection-group] Error connecting to node sventaomac:9092 (id: 0 rack: null)
java.net.UnknownHostException: sventaomac
	at java.net.InetAddress.getAllByName0(InetAddress.java:1281)
	at java.net.InetAddress.getAllByName(InetAddress.java:1193)
	at java.net.InetAddress.getAllByName(InetAddress.java:1127)
	at org.apache.kafka.clients.DefaultHostResolver.resolve(DefaultHostResolver.java:27)
	at org.apache.kafka.clients.ClientUtils.resolve(ClientUtils.java:111)
	at org.apache.kafka.clients.ClusterConnectionStates$NodeConnectionState.currentAddress(ClusterConnectionStates.java:512)
	at org.apache.kafka.clients.ClusterConnectionStates$NodeConnectionState.access$200(ClusterConnectionStates.java:466)
	at org.apache.kafka.clients.ClusterConnectionStates.currentAddress(ClusterConnectionStates.java:172)
	at org.apache.kafka.clients.NetworkClient.initiateConnect(NetworkClient.java:1004)
	at org.apache.kafka.clients.NetworkClient.access$600(NetworkClient.java:75)
	at org.apache.kafka.clients.NetworkClient$DefaultMetadataUpdater.maybeUpdate(NetworkClient.java:1177)
	at org.apache.kafka.clients.NetworkClient$DefaultMetadataUpdater.maybeUpdate(NetworkClient.java:1065)
	at org.apache.kafka.clients.NetworkClient.poll(NetworkClient.java:561)
	at org.apache.kafka.clients.consumer.internals.ConsumerNetworkClient.poll(ConsumerNetworkClient.java:265)
	at org.apache.kafka.clients.consumer.internals.ConsumerNetworkClient.poll(ConsumerNetworkClient.java:236)
	at org.apache.kafka.clients.consumer.internals.ConsumerNetworkClient.poll(ConsumerNetworkClient.java:227)
	at org.apache.kafka.clients.consumer.internals.ConsumerNetworkClient.awaitMetadataUpdate(ConsumerNetworkClient.java:164)
	at org.apache.kafka.clients.consumer.internals.AbstractCoordinator.ensureCoordinatorReady(AbstractCoordinator.java:257)
	at org.apache.kafka.clients.consumer.internals.ConsumerCoordinator.poll(ConsumerCoordinator.java:480)
	at org.apache.kafka.clients.consumer.KafkaConsumer.updateAssignmentMetadataIfNeeded(KafkaConsumer.java:1257)
	at org.apache.kafka.clients.consumer.KafkaConsumer.poll(KafkaConsumer.java:1226)
	at org.apache.kafka.clients.consumer.KafkaConsumer.poll(KafkaConsumer.java:1206)
	at com.example.frauddetection.kafka.MessageConsumer.lambda$startListening$0(MessageConsumer.java:78)
	at java.util.concurrent.FutureTask.run(FutureTask.java:266)
	at java.util.concurrent.ThreadPoolExecutor.runWorker(ThreadPoolExecutor.java:1149)
	at java.util.concurrent.ThreadPoolExecutor$Worker.run(ThreadPoolExecutor.java:624)
	at java.lang.Thread.run(Thread.java:748)
2025-01-22 09:43:00,475 WARN org.apache.kafka.clients.NetworkClient [kafka-producer-network-thread | producer-2] [Producer clientId=producer-2] Error connecting to node sventaomac:9092 (id: 0 rack: null)
java.net.UnknownHostException: sventaomac
	at java.net.InetAddress.getAllByName0(InetAddress.java:1281)
	at java.net.InetAddress.getAllByName(InetAddress.java:1193)
	at java.net.InetAddress.getAllByName(InetAddress.java:1127)
	at org.apache.kafka.clients.DefaultHostResolver.resolve(DefaultHostResolver.java:27)
	at org.apache.kafka.clients.ClientUtils.resolve(ClientUtils.java:111)
	at org.apache.kafka.clients.ClusterConnectionStates$NodeConnectionState.currentAddress(ClusterConnectionStates.java:512)
	at org.apache.kafka.clients.ClusterConnectionStates$NodeConnectionState.access$200(ClusterConnectionStates.java:466)
	at org.apache.kafka.clients.ClusterConnectionStates.currentAddress(ClusterConnectionStates.java:172)
	at org.apache.kafka.clients.NetworkClient.initiateConnect(NetworkClient.java:1004)
	at org.apache.kafka.clients.NetworkClient.ready(NetworkClient.java:313)
	at org.apache.kafka.clients.producer.internals.Sender.sendProducerData(Sender.java:351)
	at org.apache.kafka.clients.producer.internals.Sender.runOnce(Sender.java:324)
	at org.apache.kafka.clients.producer.internals.Sender.run(Sender.java:253)
	at java.lang.Thread.run(Thread.java:748)
2025-01-22 09:43:00,989 WARN org.apache.kafka.clients.NetworkClient [kafka-producer-network-thread | producer-1] [Producer clientId=producer-1] Error connecting to node sventaomac:9092 (id: 0 rack: null)
java.net.UnknownHostException: sventaomac
	at java.net.InetAddress.getAllByName0(InetAddress.java:1281)
	at java.net.InetAddress.getAllByName(InetAddress.java:1193)
	at java.net.InetAddress.getAllByName(InetAddress.java:1127)
	at org.apache.kafka.clients.DefaultHostResolver.resolve(DefaultHostResolver.java:27)
	at org.apache.kafka.clients.ClientUtils.resolve(ClientUtils.java:111)
	at org.apache.kafka.clients.ClusterConnectionStates$NodeConnectionState.currentAddress(ClusterConnectionStates.java:512)
	at org.apache.kafka.clients.ClusterConnectionStates$NodeConnectionState.access$200(ClusterConnectionStates.java:466)
	at org.apache.kafka.clients.ClusterConnectionStates.currentAddress(ClusterConnectionStates.java:172)
	at org.apache.kafka.clients.NetworkClient.initiateConnect(NetworkClient.java:1004)
	at org.apache.kafka.clients.NetworkClient.ready(NetworkClient.java:313)
	at org.apache.kafka.clients.producer.internals.Sender.sendProducerData(Sender.java:351)
	at org.apache.kafka.clients.producer.internals.Sender.runOnce(Sender.java:324)
	at org.apache.kafka.clients.producer.internals.Sender.run(Sender.java:240)
	at java.lang.Thread.run(Thread.java:748)
2025-01-22 09:43:01,110 WARN org.apache.kafka.clients.NetworkClient [pool-1-thread-1] [Consumer clientId=consumer-fraud-detection-group-1, groupId=fraud-detection-group] Error connecting to node sventaomac:9092 (id: 0 rack: null)
java.net.UnknownHostException: sventaomac
	at java.net.InetAddress.getAllByName0(InetAddress.java:1281)
	at java.net.InetAddress.getAllByName(InetAddress.java:1193)
	at java.net.InetAddress.getAllByName(InetAddress.java:1127)
	at org.apache.kafka.clients.DefaultHostResolver.resolve(DefaultHostResolver.java:27)
	at org.apache.kafka.clients.ClientUtils.resolve(ClientUtils.java:111)
	at org.apache.kafka.clients.ClusterConnectionStates$NodeConnectionState.currentAddress(ClusterConnectionStates.java:512)
	at org.apache.kafka.clients.ClusterConnectionStates$NodeConnectionState.access$200(ClusterConnectionStates.java:466)
	at org.apache.kafka.clients.ClusterConnectionStates.currentAddress(ClusterConnectionStates.java:172)
	at org.apache.kafka.clients.NetworkClient.initiateConnect(NetworkClient.java:1004)
	at org.apache.kafka.clients.NetworkClient.access$600(NetworkClient.java:75)
	at org.apache.kafka.clients.NetworkClient$DefaultMetadataUpdater.maybeUpdate(NetworkClient.java:1177)
	at org.apache.kafka.clients.NetworkClient$DefaultMetadataUpdater.maybeUpdate(NetworkClient.java:1065)
	at org.apache.kafka.clients.NetworkClient.poll(NetworkClient.java:561)
	at org.apache.kafka.clients.consumer.internals.ConsumerNetworkClient.poll(ConsumerNetworkClient.java:265)
	at org.apache.kafka.clients.consumer.internals.ConsumerNetworkClient.poll(ConsumerNetworkClient.java:236)
	at org.apache.kafka.clients.consumer.KafkaConsumer.pollForFetches(KafkaConsumer.java:1292)
	at org.apache.kafka.clients.consumer.KafkaConsumer.poll(KafkaConsumer.java:1233)
	at org.apache.kafka.clients.consumer.KafkaConsumer.poll(KafkaConsumer.java:1206)
	at com.example.frauddetection.kafka.MessageConsumer.lambda$startListening$0(MessageConsumer.java:78)
	at java.util.concurrent.FutureTask.run(FutureTask.java:266)
	at java.util.concurrent.ThreadPoolExecutor.runWorker(ThreadPoolExecutor.java:1149)
	at java.util.concurrent.ThreadPoolExecutor$Worker.run(ThreadPoolExecutor.java:624)
	at java.lang.Thread.run(Thread.java:748)
2025-01-22 09:43:01,110 WARN org.apache.kafka.clients.NetworkClient [pool-4-thread-1] [Consumer clientId=consumer-fraud-detection-group-2, groupId=fraud-detection-group] Error connecting to node sventaomac:9092 (id: 0 rack: null)
java.net.UnknownHostException: sventaomac
	at java.net.InetAddress.getAllByName0(InetAddress.java:1281)
	at java.net.InetAddress.getAllByName(InetAddress.java:1193)
	at java.net.InetAddress.getAllByName(InetAddress.java:1127)
	at org.apache.kafka.clients.DefaultHostResolver.resolve(DefaultHostResolver.java:27)
	at org.apache.kafka.clients.ClientUtils.resolve(ClientUtils.java:111)
	at org.apache.kafka.clients.ClusterConnectionStates$NodeConnectionState.currentAddress(ClusterConnectionStates.java:512)
	at org.apache.kafka.clients.ClusterConnectionStates$NodeConnectionState.access$200(ClusterConnectionStates.java:466)
	at org.apache.kafka.clients.ClusterConnectionStates.currentAddress(ClusterConnectionStates.java:172)
	at org.apache.kafka.clients.NetworkClient.initiateConnect(NetworkClient.java:1004)
	at org.apache.kafka.clients.NetworkClient.access$600(NetworkClient.java:75)
	at org.apache.kafka.clients.NetworkClient$DefaultMetadataUpdater.maybeUpdate(NetworkClient.java:1177)
	at org.apache.kafka.clients.NetworkClient$DefaultMetadataUpdater.maybeUpdate(NetworkClient.java:1065)
	at org.apache.kafka.clients.NetworkClient.poll(NetworkClient.java:561)
	at org.apache.kafka.clients.consumer.internals.ConsumerNetworkClient.poll(ConsumerNetworkClient.java:265)
	at org.apache.kafka.clients.consumer.internals.ConsumerNetworkClient.poll(ConsumerNetworkClient.java:236)
	at org.apache.kafka.clients.consumer.KafkaConsumer.pollForFetches(KafkaConsumer.java:1292)
	at org.apache.kafka.clients.consumer.KafkaConsumer.poll(KafkaConsumer.java:1233)
	at org.apache.kafka.clients.consumer.KafkaConsumer.poll(KafkaConsumer.java:1206)
	at com.example.frauddetection.kafka.MessageConsumer.lambda$startListening$0(MessageConsumer.java:78)
	at java.util.concurrent.FutureTask.run(FutureTask.java:266)
	at java.util.concurrent.ThreadPoolExecutor.runWorker(ThreadPoolExecutor.java:1149)
	at java.util.concurrent.ThreadPoolExecutor$Worker.run(ThreadPoolExecutor.java:624)
	at java.lang.Thread.run(Thread.java:748)
2025-01-22 09:43:01,384 WARN org.apache.kafka.clients.NetworkClient [kafka-producer-network-thread | producer-2] [Producer clientId=producer-2] Error connecting to node sventaomac:9092 (id: 0 rack: null)
java.net.UnknownHostException: sventaomac
	at java.net.InetAddress.getAllByName0(InetAddress.java:1281)
	at java.net.InetAddress.getAllByName(InetAddress.java:1193)
	at java.net.InetAddress.getAllByName(InetAddress.java:1127)
	at org.apache.kafka.clients.DefaultHostResolver.resolve(DefaultHostResolver.java:27)
	at org.apache.kafka.clients.ClientUtils.resolve(ClientUtils.java:111)
	at org.apache.kafka.clients.ClusterConnectionStates$NodeConnectionState.currentAddress(ClusterConnectionStates.java:512)
	at org.apache.kafka.clients.ClusterConnectionStates$NodeConnectionState.access$200(ClusterConnectionStates.java:466)
	at org.apache.kafka.clients.ClusterConnectionStates.currentAddress(ClusterConnectionStates.java:172)
	at org.apache.kafka.clients.NetworkClient.initiateConnect(NetworkClient.java:1004)
	at org.apache.kafka.clients.NetworkClient.ready(NetworkClient.java:313)
	at org.apache.kafka.clients.producer.internals.Sender.sendProducerData(Sender.java:351)
	at org.apache.kafka.clients.producer.internals.Sender.runOnce(Sender.java:324)
	at org.apache.kafka.clients.producer.internals.Sender.run(Sender.java:253)
	at java.lang.Thread.run(Thread.java:748)
2025-01-22 09:43:02,124 WARN org.apache.kafka.clients.NetworkClient [kafka-producer-network-thread | producer-1] [Producer clientId=producer-1] Error connecting to node sventaomac:9092 (id: 0 rack: null)
java.net.UnknownHostException: sventaomac: nodename nor servname provided, or not known
	at java.net.Inet6AddressImpl.lookupAllHostAddr(Native Method)
	at java.net.InetAddress$2.lookupAllHostAddr(InetAddress.java:929)
	at java.net.InetAddress.getAddressesFromNameService(InetAddress.java:1324)
	at java.net.InetAddress.getAllByName0(InetAddress.java:1277)
	at java.net.InetAddress.getAllByName(InetAddress.java:1193)
	at java.net.InetAddress.getAllByName(InetAddress.java:1127)
	at org.apache.kafka.clients.DefaultHostResolver.resolve(DefaultHostResolver.java:27)
	at org.apache.kafka.clients.ClientUtils.resolve(ClientUtils.java:111)
	at org.apache.kafka.clients.ClusterConnectionStates$NodeConnectionState.currentAddress(ClusterConnectionStates.java:512)
	at org.apache.kafka.clients.ClusterConnectionStates$NodeConnectionState.access$200(ClusterConnectionStates.java:466)
	at org.apache.kafka.clients.ClusterConnectionStates.currentAddress(ClusterConnectionStates.java:172)
	at org.apache.kafka.clients.NetworkClient.initiateConnect(NetworkClient.java:1004)
	at org.apache.kafka.clients.NetworkClient.ready(NetworkClient.java:313)
	at org.apache.kafka.clients.producer.internals.Sender.sendProducerData(Sender.java:351)
	at org.apache.kafka.clients.producer.internals.Sender.runOnce(Sender.java:324)
	at org.apache.kafka.clients.producer.internals.Sender.run(Sender.java:240)
	at java.lang.Thread.run(Thread.java:748)
2025-01-22 09:43:02,171 WARN org.apache.kafka.clients.NetworkClient [pool-4-thread-1] [Consumer clientId=consumer-fraud-detection-group-2, groupId=fraud-detection-group] Error connecting to node sventaomac:9092 (id: 0 rack: null)
java.net.UnknownHostException: sventaomac
	at java.net.InetAddress.getAllByName0(InetAddress.java:1281)
	at java.net.InetAddress.getAllByName(InetAddress.java:1193)
	at java.net.InetAddress.getAllByName(InetAddress.java:1127)
	at org.apache.kafka.clients.DefaultHostResolver.resolve(DefaultHostResolver.java:27)
	at org.apache.kafka.clients.ClientUtils.resolve(ClientUtils.java:111)
	at org.apache.kafka.clients.ClusterConnectionStates$NodeConnectionState.currentAddress(ClusterConnectionStates.java:512)
	at org.apache.kafka.clients.ClusterConnectionStates$NodeConnectionState.access$200(ClusterConnectionStates.java:466)
	at org.apache.kafka.clients.ClusterConnectionStates.currentAddress(ClusterConnectionStates.java:172)
	at org.apache.kafka.clients.NetworkClient.initiateConnect(NetworkClient.java:1004)
	at org.apache.kafka.clients.NetworkClient.access$600(NetworkClient.java:75)
	at org.apache.kafka.clients.NetworkClient$DefaultMetadataUpdater.maybeUpdate(NetworkClient.java:1177)
	at org.apache.kafka.clients.NetworkClient$DefaultMetadataUpdater.maybeUpdate(NetworkClient.java:1065)
	at org.apache.kafka.clients.NetworkClient.poll(NetworkClient.java:561)
	at org.apache.kafka.clients.consumer.internals.ConsumerNetworkClient.poll(ConsumerNetworkClient.java:265)
	at org.apache.kafka.clients.consumer.internals.ConsumerNetworkClient.poll(ConsumerNetworkClient.java:236)
	at org.apache.kafka.clients.consumer.internals.ConsumerNetworkClient.poll(ConsumerNetworkClient.java:227)
	at org.apache.kafka.clients.consumer.internals.ConsumerNetworkClient.awaitMetadataUpdate(ConsumerNetworkClient.java:164)
	at org.apache.kafka.clients.consumer.internals.AbstractCoordinator.ensureCoordinatorReady(AbstractCoordinator.java:257)
	at org.apache.kafka.clients.consumer.internals.ConsumerCoordinator.poll(ConsumerCoordinator.java:480)
	at org.apache.kafka.clients.consumer.KafkaConsumer.updateAssignmentMetadataIfNeeded(KafkaConsumer.java:1257)
	at org.apache.kafka.clients.consumer.KafkaConsumer.poll(KafkaConsumer.java:1226)
	at org.apache.kafka.clients.consumer.KafkaConsumer.poll(KafkaConsumer.java:1206)
	at com.example.frauddetection.kafka.MessageConsumer.lambda$startListening$0(MessageConsumer.java:78)
	at java.util.concurrent.FutureTask.run(FutureTask.java:266)
	at java.util.concurrent.ThreadPoolExecutor.runWorker(ThreadPoolExecutor.java:1149)
	at java.util.concurrent.ThreadPoolExecutor$Worker.run(ThreadPoolExecutor.java:624)
	at java.lang.Thread.run(Thread.java:748)
2025-01-22 09:43:02,219 WARN org.apache.kafka.clients.NetworkClient [pool-1-thread-1] [Consumer clientId=consumer-fraud-detection-group-1, groupId=fraud-detection-group] Error connecting to node sventaomac:9092 (id: 0 rack: null)
java.net.UnknownHostException: sventaomac
	at java.net.InetAddress.getAllByName0(InetAddress.java:1281)
	at java.net.InetAddress.getAllByName(InetAddress.java:1193)
	at java.net.InetAddress.getAllByName(InetAddress.java:1127)
	at org.apache.kafka.clients.DefaultHostResolver.resolve(DefaultHostResolver.java:27)
	at org.apache.kafka.clients.ClientUtils.resolve(ClientUtils.java:111)
	at org.apache.kafka.clients.ClusterConnectionStates$NodeConnectionState.currentAddress(ClusterConnectionStates.java:512)
	at org.apache.kafka.clients.ClusterConnectionStates$NodeConnectionState.access$200(ClusterConnectionStates.java:466)
	at org.apache.kafka.clients.ClusterConnectionStates.currentAddress(ClusterConnectionStates.java:172)
	at org.apache.kafka.clients.NetworkClient.initiateConnect(NetworkClient.java:1004)
	at org.apache.kafka.clients.NetworkClient.access$600(NetworkClient.java:75)
	at org.apache.kafka.clients.NetworkClient$DefaultMetadataUpdater.maybeUpdate(NetworkClient.java:1177)
	at org.apache.kafka.clients.NetworkClient$DefaultMetadataUpdater.maybeUpdate(NetworkClient.java:1065)
	at org.apache.kafka.clients.NetworkClient.poll(NetworkClient.java:561)
	at org.apache.kafka.clients.consumer.internals.ConsumerNetworkClient.poll(ConsumerNetworkClient.java:265)
	at org.apache.kafka.clients.consumer.internals.ConsumerNetworkClient.poll(ConsumerNetworkClient.java:236)
	at org.apache.kafka.clients.consumer.KafkaConsumer.pollForFetches(KafkaConsumer.java:1292)
	at org.apache.kafka.clients.consumer.KafkaConsumer.poll(KafkaConsumer.java:1233)
	at org.apache.kafka.clients.consumer.KafkaConsumer.poll(KafkaConsumer.java:1206)
	at com.example.frauddetection.kafka.MessageConsumer.lambda$startListening$0(MessageConsumer.java:78)
	at java.util.concurrent.FutureTask.run(FutureTask.java:266)
	at java.util.concurrent.ThreadPoolExecutor.runWorker(ThreadPoolExecutor.java:1149)
	at java.util.concurrent.ThreadPoolExecutor$Worker.run(ThreadPoolExecutor.java:624)
	at java.lang.Thread.run(Thread.java:748)
2025-01-22 09:43:02,332 WARN org.apache.kafka.clients.NetworkClient [kafka-producer-network-thread | producer-2] [Producer clientId=producer-2] Error connecting to node sventaomac:9092 (id: 0 rack: null)
java.net.UnknownHostException: sventaomac
	at java.net.InetAddress.getAllByName0(InetAddress.java:1281)
	at java.net.InetAddress.getAllByName(InetAddress.java:1193)
	at java.net.InetAddress.getAllByName(InetAddress.java:1127)
	at org.apache.kafka.clients.DefaultHostResolver.resolve(DefaultHostResolver.java:27)
	at org.apache.kafka.clients.ClientUtils.resolve(ClientUtils.java:111)
	at org.apache.kafka.clients.ClusterConnectionStates$NodeConnectionState.currentAddress(ClusterConnectionStates.java:512)
	at org.apache.kafka.clients.ClusterConnectionStates$NodeConnectionState.access$200(ClusterConnectionStates.java:466)
	at org.apache.kafka.clients.ClusterConnectionStates.currentAddress(ClusterConnectionStates.java:172)
	at org.apache.kafka.clients.NetworkClient.initiateConnect(NetworkClient.java:1004)
	at org.apache.kafka.clients.NetworkClient.ready(NetworkClient.java:313)
	at org.apache.kafka.clients.producer.internals.Sender.sendProducerData(Sender.java:351)
	at org.apache.kafka.clients.producer.internals.Sender.runOnce(Sender.java:324)
	at org.apache.kafka.clients.producer.internals.Sender.run(Sender.java:253)
	at java.lang.Thread.run(Thread.java:748)
2025-01-22 09:43:03,028 WARN org.apache.kafka.clients.NetworkClient [pool-1-thread-1] [Consumer clientId=consumer-fraud-detection-group-1, groupId=fraud-detection-group] Error connecting to node sventaomac:9092 (id: 0 rack: null)
java.net.UnknownHostException: sventaomac
	at java.net.InetAddress.getAllByName0(InetAddress.java:1281)
	at java.net.InetAddress.getAllByName(InetAddress.java:1193)
	at java.net.InetAddress.getAllByName(InetAddress.java:1127)
	at org.apache.kafka.clients.DefaultHostResolver.resolve(DefaultHostResolver.java:27)
	at org.apache.kafka.clients.ClientUtils.resolve(ClientUtils.java:111)
	at org.apache.kafka.clients.ClusterConnectionStates$NodeConnectionState.currentAddress(ClusterConnectionStates.java:512)
	at org.apache.kafka.clients.ClusterConnectionStates$NodeConnectionState.access$200(ClusterConnectionStates.java:466)
	at org.apache.kafka.clients.ClusterConnectionStates.currentAddress(ClusterConnectionStates.java:172)
	at org.apache.kafka.clients.NetworkClient.initiateConnect(NetworkClient.java:1004)
	at org.apache.kafka.clients.NetworkClient.access$600(NetworkClient.java:75)
	at org.apache.kafka.clients.NetworkClient$DefaultMetadataUpdater.maybeUpdate(NetworkClient.java:1177)
	at org.apache.kafka.clients.NetworkClient$DefaultMetadataUpdater.maybeUpdate(NetworkClient.java:1065)
	at org.apache.kafka.clients.NetworkClient.poll(NetworkClient.java:561)
	at org.apache.kafka.clients.consumer.internals.ConsumerNetworkClient.poll(ConsumerNetworkClient.java:265)
	at org.apache.kafka.clients.consumer.internals.ConsumerNetworkClient.poll(ConsumerNetworkClient.java:236)
	at org.apache.kafka.clients.consumer.KafkaConsumer.pollForFetches(KafkaConsumer.java:1292)
	at org.apache.kafka.clients.consumer.KafkaConsumer.poll(KafkaConsumer.java:1233)
	at org.apache.kafka.clients.consumer.KafkaConsumer.poll(KafkaConsumer.java:1206)
	at com.example.frauddetection.kafka.MessageConsumer.lambda$startListening$0(MessageConsumer.java:78)
	at java.util.concurrent.FutureTask.run(FutureTask.java:266)
	at java.util.concurrent.ThreadPoolExecutor.runWorker(ThreadPoolExecutor.java:1149)
	at java.util.concurrent.ThreadPoolExecutor$Worker.run(ThreadPoolExecutor.java:624)
	at java.lang.Thread.run(Thread.java:748)
2025-01-22 09:43:03,156 WARN org.apache.kafka.clients.NetworkClient [kafka-producer-network-thread | producer-1] [Producer clientId=producer-1] Error connecting to node sventaomac:9092 (id: 0 rack: null)
java.net.UnknownHostException: sventaomac
	at java.net.InetAddress.getAllByName0(InetAddress.java:1281)
	at java.net.InetAddress.getAllByName(InetAddress.java:1193)
	at java.net.InetAddress.getAllByName(InetAddress.java:1127)
	at org.apache.kafka.clients.DefaultHostResolver.resolve(DefaultHostResolver.java:27)
	at org.apache.kafka.clients.ClientUtils.resolve(ClientUtils.java:111)
	at org.apache.kafka.clients.ClusterConnectionStates$NodeConnectionState.currentAddress(ClusterConnectionStates.java:512)
	at org.apache.kafka.clients.ClusterConnectionStates$NodeConnectionState.access$200(ClusterConnectionStates.java:466)
	at org.apache.kafka.clients.ClusterConnectionStates.currentAddress(ClusterConnectionStates.java:172)
	at org.apache.kafka.clients.NetworkClient.initiateConnect(NetworkClient.java:1004)
	at org.apache.kafka.clients.NetworkClient.ready(NetworkClient.java:313)
	at org.apache.kafka.clients.producer.internals.Sender.sendProducerData(Sender.java:351)
	at org.apache.kafka.clients.producer.internals.Sender.runOnce(Sender.java:324)
	at org.apache.kafka.clients.producer.internals.Sender.run(Sender.java:240)
	at java.lang.Thread.run(Thread.java:748)
2025-01-22 09:43:03,192 WARN org.apache.kafka.clients.NetworkClient [kafka-producer-network-thread | producer-2] [Producer clientId=producer-2] Error connecting to node sventaomac:9092 (id: 0 rack: null)
java.net.UnknownHostException: sventaomac
	at java.net.InetAddress.getAllByName0(InetAddress.java:1281)
	at java.net.InetAddress.getAllByName(InetAddress.java:1193)
	at java.net.InetAddress.getAllByName(InetAddress.java:1127)
	at org.apache.kafka.clients.DefaultHostResolver.resolve(DefaultHostResolver.java:27)
	at org.apache.kafka.clients.ClientUtils.resolve(ClientUtils.java:111)
	at org.apache.kafka.clients.ClusterConnectionStates$NodeConnectionState.currentAddress(ClusterConnectionStates.java:512)
	at org.apache.kafka.clients.ClusterConnectionStates$NodeConnectionState.access$200(ClusterConnectionStates.java:466)
	at org.apache.kafka.clients.ClusterConnectionStates.currentAddress(ClusterConnectionStates.java:172)
	at org.apache.kafka.clients.NetworkClient.initiateConnect(NetworkClient.java:1004)
	at org.apache.kafka.clients.NetworkClient.ready(NetworkClient.java:313)
	at org.apache.kafka.clients.producer.internals.Sender.sendProducerData(Sender.java:351)
	at org.apache.kafka.clients.producer.internals.Sender.runOnce(Sender.java:324)
	at org.apache.kafka.clients.producer.internals.Sender.run(Sender.java:253)
	at java.lang.Thread.run(Thread.java:748)
2025-01-22 09:43:03,381 WARN org.apache.kafka.clients.NetworkClient [pool-4-thread-1] [Consumer clientId=consumer-fraud-detection-group-2, groupId=fraud-detection-group] Error connecting to node sventaomac:9092 (id: 0 rack: null)
java.net.UnknownHostException: sventaomac
	at java.net.InetAddress.getAllByName0(InetAddress.java:1281)
	at java.net.InetAddress.getAllByName(InetAddress.java:1193)
	at java.net.InetAddress.getAllByName(InetAddress.java:1127)
	at org.apache.kafka.clients.DefaultHostResolver.resolve(DefaultHostResolver.java:27)
	at org.apache.kafka.clients.ClientUtils.resolve(ClientUtils.java:111)
	at org.apache.kafka.clients.ClusterConnectionStates$NodeConnectionState.currentAddress(ClusterConnectionStates.java:512)
	at org.apache.kafka.clients.ClusterConnectionStates$NodeConnectionState.access$200(ClusterConnectionStates.java:466)
	at org.apache.kafka.clients.ClusterConnectionStates.currentAddress(ClusterConnectionStates.java:172)
	at org.apache.kafka.clients.NetworkClient.initiateConnect(NetworkClient.java:1004)
	at org.apache.kafka.clients.NetworkClient.access$600(NetworkClient.java:75)
	at org.apache.kafka.clients.NetworkClient$DefaultMetadataUpdater.maybeUpdate(NetworkClient.java:1177)
	at org.apache.kafka.clients.NetworkClient$DefaultMetadataUpdater.maybeUpdate(NetworkClient.java:1065)
	at org.apache.kafka.clients.NetworkClient.poll(NetworkClient.java:561)
	at org.apache.kafka.clients.consumer.internals.ConsumerNetworkClient.poll(ConsumerNetworkClient.java:265)
	at org.apache.kafka.clients.consumer.internals.ConsumerNetworkClient.poll(ConsumerNetworkClient.java:236)
	at org.apache.kafka.clients.consumer.internals.ConsumerNetworkClient.poll(ConsumerNetworkClient.java:227)
	at org.apache.kafka.clients.consumer.internals.ConsumerNetworkClient.awaitMetadataUpdate(ConsumerNetworkClient.java:164)
	at org.apache.kafka.clients.consumer.internals.AbstractCoordinator.ensureCoordinatorReady(AbstractCoordinator.java:257)
	at org.apache.kafka.clients.consumer.internals.ConsumerCoordinator.poll(ConsumerCoordinator.java:480)
	at org.apache.kafka.clients.consumer.KafkaConsumer.updateAssignmentMetadataIfNeeded(KafkaConsumer.java:1257)
	at org.apache.kafka.clients.consumer.KafkaConsumer.poll(KafkaConsumer.java:1226)
	at org.apache.kafka.clients.consumer.KafkaConsumer.poll(KafkaConsumer.java:1206)
	at com.example.frauddetection.kafka.MessageConsumer.lambda$startListening$0(MessageConsumer.java:78)
	at java.util.concurrent.FutureTask.run(FutureTask.java:266)
	at java.util.concurrent.ThreadPoolExecutor.runWorker(ThreadPoolExecutor.java:1149)
	at java.util.concurrent.ThreadPoolExecutor$Worker.run(ThreadPoolExecutor.java:624)
	at java.lang.Thread.run(Thread.java:748)
2025-01-22 09:43:03,968 WARN org.apache.kafka.clients.NetworkClient [kafka-producer-network-thread | producer-1] [Producer clientId=producer-1] Error connecting to node sventaomac:9092 (id: 0 rack: null)
java.net.UnknownHostException: sventaomac
	at java.net.InetAddress.getAllByName0(InetAddress.java:1281)
	at java.net.InetAddress.getAllByName(InetAddress.java:1193)
	at java.net.InetAddress.getAllByName(InetAddress.java:1127)
	at org.apache.kafka.clients.DefaultHostResolver.resolve(DefaultHostResolver.java:27)
	at org.apache.kafka.clients.ClientUtils.resolve(ClientUtils.java:111)
	at org.apache.kafka.clients.ClusterConnectionStates$NodeConnectionState.currentAddress(ClusterConnectionStates.java:512)
	at org.apache.kafka.clients.ClusterConnectionStates$NodeConnectionState.access$200(ClusterConnectionStates.java:466)
	at org.apache.kafka.clients.ClusterConnectionStates.currentAddress(ClusterConnectionStates.java:172)
	at org.apache.kafka.clients.NetworkClient.initiateConnect(NetworkClient.java:1004)
	at org.apache.kafka.clients.NetworkClient.ready(NetworkClient.java:313)
	at org.apache.kafka.clients.producer.internals.Sender.sendProducerData(Sender.java:351)
	at org.apache.kafka.clients.producer.internals.Sender.runOnce(Sender.java:324)
	at org.apache.kafka.clients.producer.internals.Sender.run(Sender.java:240)
	at java.lang.Thread.run(Thread.java:748)
2025-01-22 09:43:04,236 WARN org.apache.kafka.clients.NetworkClient [pool-1-thread-1] [Consumer clientId=consumer-fraud-detection-group-1, groupId=fraud-detection-group] Error connecting to node sventaomac:9092 (id: 0 rack: null)
java.net.UnknownHostException: sventaomac
	at java.net.InetAddress.getAllByName0(InetAddress.java:1281)
	at java.net.InetAddress.getAllByName(InetAddress.java:1193)
	at java.net.InetAddress.getAllByName(InetAddress.java:1127)
	at org.apache.kafka.clients.DefaultHostResolver.resolve(DefaultHostResolver.java:27)
	at org.apache.kafka.clients.ClientUtils.resolve(ClientUtils.java:111)
	at org.apache.kafka.clients.ClusterConnectionStates$NodeConnectionState.currentAddress(ClusterConnectionStates.java:512)
	at org.apache.kafka.clients.ClusterConnectionStates$NodeConnectionState.access$200(ClusterConnectionStates.java:466)
	at org.apache.kafka.clients.ClusterConnectionStates.currentAddress(ClusterConnectionStates.java:172)
	at org.apache.kafka.clients.NetworkClient.initiateConnect(NetworkClient.java:1004)
	at org.apache.kafka.clients.NetworkClient.access$600(NetworkClient.java:75)
	at org.apache.kafka.clients.NetworkClient$DefaultMetadataUpdater.maybeUpdate(NetworkClient.java:1177)
	at org.apache.kafka.clients.NetworkClient$DefaultMetadataUpdater.maybeUpdate(NetworkClient.java:1065)
	at org.apache.kafka.clients.NetworkClient.poll(NetworkClient.java:561)
	at org.apache.kafka.clients.consumer.internals.ConsumerNetworkClient.poll(ConsumerNetworkClient.java:265)
	at org.apache.kafka.clients.consumer.internals.ConsumerNetworkClient.poll(ConsumerNetworkClient.java:236)
	at org.apache.kafka.clients.consumer.KafkaConsumer.pollForFetches(KafkaConsumer.java:1292)
	at org.apache.kafka.clients.consumer.KafkaConsumer.poll(KafkaConsumer.java:1233)
	at org.apache.kafka.clients.consumer.KafkaConsumer.poll(KafkaConsumer.java:1206)
	at com.example.frauddetection.kafka.MessageConsumer.lambda$startListening$0(MessageConsumer.java:78)
	at java.util.concurrent.FutureTask.run(FutureTask.java:266)
	at java.util.concurrent.ThreadPoolExecutor.runWorker(ThreadPoolExecutor.java:1149)
	at java.util.concurrent.ThreadPoolExecutor$Worker.run(ThreadPoolExecutor.java:624)
	at java.lang.Thread.run(Thread.java:748)
2025-01-22 09:43:04,271 WARN org.apache.kafka.clients.NetworkClient [kafka-producer-network-thread | producer-2] [Producer clientId=producer-2] Error connecting to node sventaomac:9092 (id: 0 rack: null)
java.net.UnknownHostException: sventaomac
	at java.net.InetAddress.getAllByName0(InetAddress.java:1281)
	at java.net.InetAddress.getAllByName(InetAddress.java:1193)
	at java.net.InetAddress.getAllByName(InetAddress.java:1127)
	at org.apache.kafka.clients.DefaultHostResolver.resolve(DefaultHostResolver.java:27)
	at org.apache.kafka.clients.ClientUtils.resolve(ClientUtils.java:111)
	at org.apache.kafka.clients.ClusterConnectionStates$NodeConnectionState.currentAddress(ClusterConnectionStates.java:512)
	at org.apache.kafka.clients.ClusterConnectionStates$NodeConnectionState.access$200(ClusterConnectionStates.java:466)
	at org.apache.kafka.clients.ClusterConnectionStates.currentAddress(ClusterConnectionStates.java:172)
	at org.apache.kafka.clients.NetworkClient.initiateConnect(NetworkClient.java:1004)
	at org.apache.kafka.clients.NetworkClient.ready(NetworkClient.java:313)
	at org.apache.kafka.clients.producer.internals.Sender.sendProducerData(Sender.java:351)
	at org.apache.kafka.clients.producer.internals.Sender.runOnce(Sender.java:324)
	at org.apache.kafka.clients.producer.internals.Sender.run(Sender.java:253)
	at java.lang.Thread.run(Thread.java:748)
2025-01-22 09:43:04,487 WARN org.apache.kafka.clients.NetworkClient [pool-4-thread-1] [Consumer clientId=consumer-fraud-detection-group-2, groupId=fraud-detection-group] Error connecting to node sventaomac:9092 (id: 0 rack: null)
java.net.UnknownHostException: sventaomac
	at java.net.InetAddress.getAllByName0(InetAddress.java:1281)
	at java.net.InetAddress.getAllByName(InetAddress.java:1193)
	at java.net.InetAddress.getAllByName(InetAddress.java:1127)
	at org.apache.kafka.clients.DefaultHostResolver.resolve(DefaultHostResolver.java:27)
	at org.apache.kafka.clients.ClientUtils.resolve(ClientUtils.java:111)
	at org.apache.kafka.clients.ClusterConnectionStates$NodeConnectionState.currentAddress(ClusterConnectionStates.java:512)
	at org.apache.kafka.clients.ClusterConnectionStates$NodeConnectionState.access$200(ClusterConnectionStates.java:466)
	at org.apache.kafka.clients.ClusterConnectionStates.currentAddress(ClusterConnectionStates.java:172)
	at org.apache.kafka.clients.NetworkClient.initiateConnect(NetworkClient.java:1004)
	at org.apache.kafka.clients.NetworkClient.access$600(NetworkClient.java:75)
	at org.apache.kafka.clients.NetworkClient$DefaultMetadataUpdater.maybeUpdate(NetworkClient.java:1177)
	at org.apache.kafka.clients.NetworkClient$DefaultMetadataUpdater.maybeUpdate(NetworkClient.java:1065)
	at org.apache.kafka.clients.NetworkClient.poll(NetworkClient.java:561)
	at org.apache.kafka.clients.consumer.internals.ConsumerNetworkClient.poll(ConsumerNetworkClient.java:265)
	at org.apache.kafka.clients.consumer.internals.ConsumerNetworkClient.poll(ConsumerNetworkClient.java:236)
	at org.apache.kafka.clients.consumer.internals.ConsumerNetworkClient.poll(ConsumerNetworkClient.java:227)
	at org.apache.kafka.clients.consumer.internals.ConsumerNetworkClient.awaitMetadataUpdate(ConsumerNetworkClient.java:164)
	at org.apache.kafka.clients.consumer.internals.AbstractCoordinator.ensureCoordinatorReady(AbstractCoordinator.java:257)
	at org.apache.kafka.clients.consumer.internals.ConsumerCoordinator.poll(ConsumerCoordinator.java:480)
	at org.apache.kafka.clients.consumer.KafkaConsumer.updateAssignmentMetadataIfNeeded(KafkaConsumer.java:1257)
	at org.apache.kafka.clients.consumer.KafkaConsumer.poll(KafkaConsumer.java:1226)
	at org.apache.kafka.clients.consumer.KafkaConsumer.poll(KafkaConsumer.java:1206)
	at com.example.frauddetection.kafka.MessageConsumer.lambda$startListening$0(MessageConsumer.java:78)
	at java.util.concurrent.FutureTask.run(FutureTask.java:266)
	at java.util.concurrent.ThreadPoolExecutor.runWorker(ThreadPoolExecutor.java:1149)
	at java.util.concurrent.ThreadPoolExecutor$Worker.run(ThreadPoolExecutor.java:624)
	at java.lang.Thread.run(Thread.java:748)
2025-01-22 09:43:05,154 WARN org.apache.kafka.clients.NetworkClient [kafka-producer-network-thread | producer-1] [Producer clientId=producer-1] Error connecting to node sventaomac:9092 (id: 0 rack: null)
java.net.UnknownHostException: sventaomac
	at java.net.InetAddress.getAllByName0(InetAddress.java:1281)
	at java.net.InetAddress.getAllByName(InetAddress.java:1193)
	at java.net.InetAddress.getAllByName(InetAddress.java:1127)
	at org.apache.kafka.clients.DefaultHostResolver.resolve(DefaultHostResolver.java:27)
	at org.apache.kafka.clients.ClientUtils.resolve(ClientUtils.java:111)
	at org.apache.kafka.clients.ClusterConnectionStates$NodeConnectionState.currentAddress(ClusterConnectionStates.java:512)
	at org.apache.kafka.clients.ClusterConnectionStates$NodeConnectionState.access$200(ClusterConnectionStates.java:466)
	at org.apache.kafka.clients.ClusterConnectionStates.currentAddress(ClusterConnectionStates.java:172)
	at org.apache.kafka.clients.NetworkClient.initiateConnect(NetworkClient.java:1004)
	at org.apache.kafka.clients.NetworkClient.ready(NetworkClient.java:313)
	at org.apache.kafka.clients.producer.internals.Sender.sendProducerData(Sender.java:351)
	at org.apache.kafka.clients.producer.internals.Sender.runOnce(Sender.java:324)
	at org.apache.kafka.clients.producer.internals.Sender.run(Sender.java:240)
	at java.lang.Thread.run(Thread.java:748)
2025-01-22 09:43:05,330 WARN org.apache.kafka.clients.NetworkClient [kafka-producer-network-thread | producer-2] [Producer clientId=producer-2] Error connecting to node sventaomac:9092 (id: 0 rack: null)
java.net.UnknownHostException: sventaomac
	at java.net.InetAddress.getAllByName0(InetAddress.java:1281)
	at java.net.InetAddress.getAllByName(InetAddress.java:1193)
	at java.net.InetAddress.getAllByName(InetAddress.java:1127)
	at org.apache.kafka.clients.DefaultHostResolver.resolve(DefaultHostResolver.java:27)
	at org.apache.kafka.clients.ClientUtils.resolve(ClientUtils.java:111)
	at org.apache.kafka.clients.ClusterConnectionStates$NodeConnectionState.currentAddress(ClusterConnectionStates.java:512)
	at org.apache.kafka.clients.ClusterConnectionStates$NodeConnectionState.access$200(ClusterConnectionStates.java:466)
	at org.apache.kafka.clients.ClusterConnectionStates.currentAddress(ClusterConnectionStates.java:172)
	at org.apache.kafka.clients.NetworkClient.initiateConnect(NetworkClient.java:1004)
	at org.apache.kafka.clients.NetworkClient.ready(NetworkClient.java:313)
	at org.apache.kafka.clients.producer.internals.Sender.sendProducerData(Sender.java:351)
	at org.apache.kafka.clients.producer.internals.Sender.runOnce(Sender.java:324)
	at org.apache.kafka.clients.producer.internals.Sender.run(Sender.java:253)
	at java.lang.Thread.run(Thread.java:748)
2025-01-22 09:43:05,393 WARN org.apache.kafka.clients.NetworkClient [pool-1-thread-1] [Consumer clientId=consumer-fraud-detection-group-1, groupId=fraud-detection-group] Error connecting to node sventaomac:9092 (id: 0 rack: null)
java.net.UnknownHostException: sventaomac
	at java.net.InetAddress.getAllByName0(InetAddress.java:1281)
	at java.net.InetAddress.getAllByName(InetAddress.java:1193)
	at java.net.InetAddress.getAllByName(InetAddress.java:1127)
	at org.apache.kafka.clients.DefaultHostResolver.resolve(DefaultHostResolver.java:27)
	at org.apache.kafka.clients.ClientUtils.resolve(ClientUtils.java:111)
	at org.apache.kafka.clients.ClusterConnectionStates$NodeConnectionState.currentAddress(ClusterConnectionStates.java:512)
	at org.apache.kafka.clients.ClusterConnectionStates$NodeConnectionState.access$200(ClusterConnectionStates.java:466)
	at org.apache.kafka.clients.ClusterConnectionStates.currentAddress(ClusterConnectionStates.java:172)
	at org.apache.kafka.clients.NetworkClient.initiateConnect(NetworkClient.java:1004)
	at org.apache.kafka.clients.NetworkClient.access$600(NetworkClient.java:75)
	at org.apache.kafka.clients.NetworkClient$DefaultMetadataUpdater.maybeUpdate(NetworkClient.java:1177)
	at org.apache.kafka.clients.NetworkClient$DefaultMetadataUpdater.maybeUpdate(NetworkClient.java:1065)
	at org.apache.kafka.clients.NetworkClient.poll(NetworkClient.java:561)
	at org.apache.kafka.clients.consumer.internals.ConsumerNetworkClient.poll(ConsumerNetworkClient.java:265)
	at org.apache.kafka.clients.consumer.internals.ConsumerNetworkClient.poll(ConsumerNetworkClient.java:236)
	at org.apache.kafka.clients.consumer.internals.ConsumerNetworkClient.poll(ConsumerNetworkClient.java:227)
	at org.apache.kafka.clients.consumer.internals.ConsumerNetworkClient.awaitMetadataUpdate(ConsumerNetworkClient.java:164)
	at org.apache.kafka.clients.consumer.internals.AbstractCoordinator.ensureCoordinatorReady(AbstractCoordinator.java:257)
	at org.apache.kafka.clients.consumer.internals.ConsumerCoordinator.poll(ConsumerCoordinator.java:480)
	at org.apache.kafka.clients.consumer.KafkaConsumer.updateAssignmentMetadataIfNeeded(KafkaConsumer.java:1257)
	at org.apache.kafka.clients.consumer.KafkaConsumer.poll(KafkaConsumer.java:1226)
	at org.apache.kafka.clients.consumer.KafkaConsumer.poll(KafkaConsumer.java:1206)
	at com.example.frauddetection.kafka.MessageConsumer.lambda$startListening$0(MessageConsumer.java:78)
	at java.util.concurrent.FutureTask.run(FutureTask.java:266)
	at java.util.concurrent.ThreadPoolExecutor.runWorker(ThreadPoolExecutor.java:1149)
	at java.util.concurrent.ThreadPoolExecutor$Worker.run(ThreadPoolExecutor.java:624)
	at java.lang.Thread.run(Thread.java:748)
2025-01-22 09:43:05,493 WARN org.apache.kafka.clients.NetworkClient [pool-4-thread-1] [Consumer clientId=consumer-fraud-detection-group-2, groupId=fraud-detection-group] Error connecting to node sventaomac:9092 (id: 0 rack: null)
java.net.UnknownHostException: sventaomac
	at java.net.InetAddress.getAllByName0(InetAddress.java:1281)
	at java.net.InetAddress.getAllByName(InetAddress.java:1193)
	at java.net.InetAddress.getAllByName(InetAddress.java:1127)
	at org.apache.kafka.clients.DefaultHostResolver.resolve(DefaultHostResolver.java:27)
	at org.apache.kafka.clients.ClientUtils.resolve(ClientUtils.java:111)
	at org.apache.kafka.clients.ClusterConnectionStates$NodeConnectionState.currentAddress(ClusterConnectionStates.java:512)
	at org.apache.kafka.clients.ClusterConnectionStates$NodeConnectionState.access$200(ClusterConnectionStates.java:466)
	at org.apache.kafka.clients.ClusterConnectionStates.currentAddress(ClusterConnectionStates.java:172)
	at org.apache.kafka.clients.NetworkClient.initiateConnect(NetworkClient.java:1004)
	at org.apache.kafka.clients.NetworkClient.access$600(NetworkClient.java:75)
	at org.apache.kafka.clients.NetworkClient$DefaultMetadataUpdater.maybeUpdate(NetworkClient.java:1177)
	at org.apache.kafka.clients.NetworkClient$DefaultMetadataUpdater.maybeUpdate(NetworkClient.java:1065)
	at org.apache.kafka.clients.NetworkClient.poll(NetworkClient.java:561)
	at org.apache.kafka.clients.consumer.internals.ConsumerNetworkClient.poll(ConsumerNetworkClient.java:265)
	at org.apache.kafka.clients.consumer.internals.ConsumerNetworkClient.poll(ConsumerNetworkClient.java:236)
	at org.apache.kafka.clients.consumer.internals.ConsumerNetworkClient.poll(ConsumerNetworkClient.java:227)
	at org.apache.kafka.clients.consumer.internals.ConsumerNetworkClient.awaitMetadataUpdate(ConsumerNetworkClient.java:164)
	at org.apache.kafka.clients.consumer.internals.AbstractCoordinator.ensureCoordinatorReady(AbstractCoordinator.java:257)
	at org.apache.kafka.clients.consumer.internals.ConsumerCoordinator.poll(ConsumerCoordinator.java:480)
	at org.apache.kafka.clients.consumer.KafkaConsumer.updateAssignmentMetadataIfNeeded(KafkaConsumer.java:1257)
	at org.apache.kafka.clients.consumer.KafkaConsumer.poll(KafkaConsumer.java:1226)
	at org.apache.kafka.clients.consumer.KafkaConsumer.poll(KafkaConsumer.java:1206)
	at com.example.frauddetection.kafka.MessageConsumer.lambda$startListening$0(MessageConsumer.java:78)
	at java.util.concurrent.FutureTask.run(FutureTask.java:266)
	at java.util.concurrent.ThreadPoolExecutor.runWorker(ThreadPoolExecutor.java:1149)
	at java.util.concurrent.ThreadPoolExecutor$Worker.run(ThreadPoolExecutor.java:624)
	at java.lang.Thread.run(Thread.java:748)
2025-01-22 09:43:06,190 WARN org.apache.kafka.clients.NetworkClient [kafka-producer-network-thread | producer-1] [Producer clientId=producer-1] Error connecting to node sventaomac:9092 (id: 0 rack: null)
java.net.UnknownHostException: sventaomac
	at java.net.InetAddress.getAllByName0(InetAddress.java:1281)
	at java.net.InetAddress.getAllByName(InetAddress.java:1193)
	at java.net.InetAddress.getAllByName(InetAddress.java:1127)
	at org.apache.kafka.clients.DefaultHostResolver.resolve(DefaultHostResolver.java:27)
	at org.apache.kafka.clients.ClientUtils.resolve(ClientUtils.java:111)
	at org.apache.kafka.clients.ClusterConnectionStates$NodeConnectionState.currentAddress(ClusterConnectionStates.java:512)
	at org.apache.kafka.clients.ClusterConnectionStates$NodeConnectionState.access$200(ClusterConnectionStates.java:466)
	at org.apache.kafka.clients.ClusterConnectionStates.currentAddress(ClusterConnectionStates.java:172)
	at org.apache.kafka.clients.NetworkClient.initiateConnect(NetworkClient.java:1004)
	at org.apache.kafka.clients.NetworkClient.ready(NetworkClient.java:313)
	at org.apache.kafka.clients.producer.internals.Sender.sendProducerData(Sender.java:351)
	at org.apache.kafka.clients.producer.internals.Sender.runOnce(Sender.java:324)
	at org.apache.kafka.clients.producer.internals.Sender.run(Sender.java:240)
	at java.lang.Thread.run(Thread.java:748)
2025-01-22 09:43:06,234 WARN org.apache.kafka.clients.NetworkClient [kafka-producer-network-thread | producer-2] [Producer clientId=producer-2] Error connecting to node sventaomac:9092 (id: 0 rack: null)
java.net.UnknownHostException: sventaomac
	at java.net.InetAddress.getAllByName0(InetAddress.java:1281)
	at java.net.InetAddress.getAllByName(InetAddress.java:1193)
	at java.net.InetAddress.getAllByName(InetAddress.java:1127)
	at org.apache.kafka.clients.DefaultHostResolver.resolve(DefaultHostResolver.java:27)
	at org.apache.kafka.clients.ClientUtils.resolve(ClientUtils.java:111)
	at org.apache.kafka.clients.ClusterConnectionStates$NodeConnectionState.currentAddress(ClusterConnectionStates.java:512)
	at org.apache.kafka.clients.ClusterConnectionStates$NodeConnectionState.access$200(ClusterConnectionStates.java:466)
	at org.apache.kafka.clients.ClusterConnectionStates.currentAddress(ClusterConnectionStates.java:172)
	at org.apache.kafka.clients.NetworkClient.initiateConnect(NetworkClient.java:1004)
	at org.apache.kafka.clients.NetworkClient.ready(NetworkClient.java:313)
	at org.apache.kafka.clients.producer.internals.Sender.sendProducerData(Sender.java:351)
	at org.apache.kafka.clients.producer.internals.Sender.runOnce(Sender.java:324)
	at org.apache.kafka.clients.producer.internals.Sender.run(Sender.java:253)
	at java.lang.Thread.run(Thread.java:748)
2025-01-22 09:43:06,450 WARN org.apache.kafka.clients.NetworkClient [pool-1-thread-1] [Consumer clientId=consumer-fraud-detection-group-1, groupId=fraud-detection-group] Error connecting to node sventaomac:9092 (id: 0 rack: null)
java.net.UnknownHostException: sventaomac
	at java.net.InetAddress.getAllByName0(InetAddress.java:1281)
	at java.net.InetAddress.getAllByName(InetAddress.java:1193)
	at java.net.InetAddress.getAllByName(InetAddress.java:1127)
	at org.apache.kafka.clients.DefaultHostResolver.resolve(DefaultHostResolver.java:27)
	at org.apache.kafka.clients.ClientUtils.resolve(ClientUtils.java:111)
	at org.apache.kafka.clients.ClusterConnectionStates$NodeConnectionState.currentAddress(ClusterConnectionStates.java:512)
	at org.apache.kafka.clients.ClusterConnectionStates$NodeConnectionState.access$200(ClusterConnectionStates.java:466)
	at org.apache.kafka.clients.ClusterConnectionStates.currentAddress(ClusterConnectionStates.java:172)
	at org.apache.kafka.clients.NetworkClient.initiateConnect(NetworkClient.java:1004)
	at org.apache.kafka.clients.NetworkClient.access$600(NetworkClient.java:75)
	at org.apache.kafka.clients.NetworkClient$DefaultMetadataUpdater.maybeUpdate(NetworkClient.java:1177)
	at org.apache.kafka.clients.NetworkClient$DefaultMetadataUpdater.maybeUpdate(NetworkClient.java:1065)
	at org.apache.kafka.clients.NetworkClient.poll(NetworkClient.java:561)
	at org.apache.kafka.clients.consumer.internals.ConsumerNetworkClient.poll(ConsumerNetworkClient.java:265)
	at org.apache.kafka.clients.consumer.internals.ConsumerNetworkClient.poll(ConsumerNetworkClient.java:236)
	at org.apache.kafka.clients.consumer.KafkaConsumer.pollForFetches(KafkaConsumer.java:1292)
	at org.apache.kafka.clients.consumer.KafkaConsumer.poll(KafkaConsumer.java:1233)
	at org.apache.kafka.clients.consumer.KafkaConsumer.poll(KafkaConsumer.java:1206)
	at com.example.frauddetection.kafka.MessageConsumer.lambda$startListening$0(MessageConsumer.java:78)
	at java.util.concurrent.FutureTask.run(FutureTask.java:266)
	at java.util.concurrent.ThreadPoolExecutor.runWorker(ThreadPoolExecutor.java:1149)
	at java.util.concurrent.ThreadPoolExecutor$Worker.run(ThreadPoolExecutor.java:624)
	at java.lang.Thread.run(Thread.java:748)
2025-01-22 09:43:06,648 WARN org.apache.kafka.clients.NetworkClient [pool-4-thread-1] [Consumer clientId=consumer-fraud-detection-group-2, groupId=fraud-detection-group] Error connecting to node sventaomac:9092 (id: 0 rack: null)
java.net.UnknownHostException: sventaomac
	at java.net.InetAddress.getAllByName0(InetAddress.java:1281)
	at java.net.InetAddress.getAllByName(InetAddress.java:1193)
	at java.net.InetAddress.getAllByName(InetAddress.java:1127)
	at org.apache.kafka.clients.DefaultHostResolver.resolve(DefaultHostResolver.java:27)
	at org.apache.kafka.clients.ClientUtils.resolve(ClientUtils.java:111)
	at org.apache.kafka.clients.ClusterConnectionStates$NodeConnectionState.currentAddress(ClusterConnectionStates.java:512)
	at org.apache.kafka.clients.ClusterConnectionStates$NodeConnectionState.access$200(ClusterConnectionStates.java:466)
	at org.apache.kafka.clients.ClusterConnectionStates.currentAddress(ClusterConnectionStates.java:172)
	at org.apache.kafka.clients.NetworkClient.initiateConnect(NetworkClient.java:1004)
	at org.apache.kafka.clients.NetworkClient.access$600(NetworkClient.java:75)
	at org.apache.kafka.clients.NetworkClient$DefaultMetadataUpdater.maybeUpdate(NetworkClient.java:1177)
	at org.apache.kafka.clients.NetworkClient$DefaultMetadataUpdater.maybeUpdate(NetworkClient.java:1065)
	at org.apache.kafka.clients.NetworkClient.poll(NetworkClient.java:561)
	at org.apache.kafka.clients.consumer.internals.ConsumerNetworkClient.poll(ConsumerNetworkClient.java:265)
	at org.apache.kafka.clients.consumer.internals.ConsumerNetworkClient.poll(ConsumerNetworkClient.java:236)
	at org.apache.kafka.clients.consumer.KafkaConsumer.pollForFetches(KafkaConsumer.java:1292)
	at org.apache.kafka.clients.consumer.KafkaConsumer.poll(KafkaConsumer.java:1233)
	at org.apache.kafka.clients.consumer.KafkaConsumer.poll(KafkaConsumer.java:1206)
	at com.example.frauddetection.kafka.MessageConsumer.lambda$startListening$0(MessageConsumer.java:78)
	at java.util.concurrent.FutureTask.run(FutureTask.java:266)
	at java.util.concurrent.ThreadPoolExecutor.runWorker(ThreadPoolExecutor.java:1149)
	at java.util.concurrent.ThreadPoolExecutor$Worker.run(ThreadPoolExecutor.java:624)
	at java.lang.Thread.run(Thread.java:748)
2025-01-22 09:43:07,111 WARN org.apache.kafka.clients.NetworkClient [kafka-producer-network-thread | producer-1] [Producer clientId=producer-1] Error connecting to node sventaomac:9092 (id: 0 rack: null)
java.net.UnknownHostException: sventaomac
	at java.net.InetAddress.getAllByName0(InetAddress.java:1281)
	at java.net.InetAddress.getAllByName(InetAddress.java:1193)
	at java.net.InetAddress.getAllByName(InetAddress.java:1127)
	at org.apache.kafka.clients.DefaultHostResolver.resolve(DefaultHostResolver.java:27)
	at org.apache.kafka.clients.ClientUtils.resolve(ClientUtils.java:111)
	at org.apache.kafka.clients.ClusterConnectionStates$NodeConnectionState.currentAddress(ClusterConnectionStates.java:512)
	at org.apache.kafka.clients.ClusterConnectionStates$NodeConnectionState.access$200(ClusterConnectionStates.java:466)
	at org.apache.kafka.clients.ClusterConnectionStates.currentAddress(ClusterConnectionStates.java:172)
	at org.apache.kafka.clients.NetworkClient.initiateConnect(NetworkClient.java:1004)
	at org.apache.kafka.clients.NetworkClient.ready(NetworkClient.java:313)
	at org.apache.kafka.clients.producer.internals.Sender.sendProducerData(Sender.java:351)
	at org.apache.kafka.clients.producer.internals.Sender.runOnce(Sender.java:324)
	at org.apache.kafka.clients.producer.internals.Sender.run(Sender.java:240)
	at java.lang.Thread.run(Thread.java:748)
2025-01-22 09:43:07,221 WARN org.apache.kafka.clients.NetworkClient [kafka-producer-network-thread | producer-2] [Producer clientId=producer-2] Error connecting to node sventaomac:9092 (id: 0 rack: null)
java.net.UnknownHostException: sventaomac
	at java.net.InetAddress.getAllByName0(InetAddress.java:1281)
	at java.net.InetAddress.getAllByName(InetAddress.java:1193)
	at java.net.InetAddress.getAllByName(InetAddress.java:1127)
	at org.apache.kafka.clients.DefaultHostResolver.resolve(DefaultHostResolver.java:27)
	at org.apache.kafka.clients.ClientUtils.resolve(ClientUtils.java:111)
	at org.apache.kafka.clients.ClusterConnectionStates$NodeConnectionState.currentAddress(ClusterConnectionStates.java:512)
	at org.apache.kafka.clients.ClusterConnectionStates$NodeConnectionState.access$200(ClusterConnectionStates.java:466)
	at org.apache.kafka.clients.ClusterConnectionStates.currentAddress(ClusterConnectionStates.java:172)
	at org.apache.kafka.clients.NetworkClient.initiateConnect(NetworkClient.java:1004)
	at org.apache.kafka.clients.NetworkClient.ready(NetworkClient.java:313)
	at org.apache.kafka.clients.producer.internals.Sender.sendProducerData(Sender.java:351)
	at org.apache.kafka.clients.producer.internals.Sender.runOnce(Sender.java:324)
	at org.apache.kafka.clients.producer.internals.Sender.run(Sender.java:253)
	at java.lang.Thread.run(Thread.java:748)
2025-01-22 09:43:07,504 WARN org.apache.kafka.clients.NetworkClient [pool-4-thread-1] [Consumer clientId=consumer-fraud-detection-group-2, groupId=fraud-detection-group] Error connecting to node sventaomac:9092 (id: 0 rack: null)
java.net.UnknownHostException: sventaomac
	at java.net.InetAddress.getAllByName0(InetAddress.java:1281)
	at java.net.InetAddress.getAllByName(InetAddress.java:1193)
	at java.net.InetAddress.getAllByName(InetAddress.java:1127)
	at org.apache.kafka.clients.DefaultHostResolver.resolve(DefaultHostResolver.java:27)
	at org.apache.kafka.clients.ClientUtils.resolve(ClientUtils.java:111)
	at org.apache.kafka.clients.ClusterConnectionStates$NodeConnectionState.currentAddress(ClusterConnectionStates.java:512)
	at org.apache.kafka.clients.ClusterConnectionStates$NodeConnectionState.access$200(ClusterConnectionStates.java:466)
	at org.apache.kafka.clients.ClusterConnectionStates.currentAddress(ClusterConnectionStates.java:172)
	at org.apache.kafka.clients.NetworkClient.initiateConnect(NetworkClient.java:1004)
	at org.apache.kafka.clients.NetworkClient.access$600(NetworkClient.java:75)
	at org.apache.kafka.clients.NetworkClient$DefaultMetadataUpdater.maybeUpdate(NetworkClient.java:1177)
	at org.apache.kafka.clients.NetworkClient$DefaultMetadataUpdater.maybeUpdate(NetworkClient.java:1065)
	at org.apache.kafka.clients.NetworkClient.poll(NetworkClient.java:561)
	at org.apache.kafka.clients.consumer.internals.ConsumerNetworkClient.poll(ConsumerNetworkClient.java:265)
	at org.apache.kafka.clients.consumer.internals.ConsumerNetworkClient.poll(ConsumerNetworkClient.java:236)
	at org.apache.kafka.clients.consumer.internals.ConsumerNetworkClient.poll(ConsumerNetworkClient.java:227)
	at org.apache.kafka.clients.consumer.internals.ConsumerNetworkClient.awaitMetadataUpdate(ConsumerNetworkClient.java:164)
	at org.apache.kafka.clients.consumer.internals.AbstractCoordinator.ensureCoordinatorReady(AbstractCoordinator.java:257)
	at org.apache.kafka.clients.consumer.internals.ConsumerCoordinator.poll(ConsumerCoordinator.java:480)
	at org.apache.kafka.clients.consumer.KafkaConsumer.updateAssignmentMetadataIfNeeded(KafkaConsumer.java:1257)
	at org.apache.kafka.clients.consumer.KafkaConsumer.poll(KafkaConsumer.java:1226)
	at org.apache.kafka.clients.consumer.KafkaConsumer.poll(KafkaConsumer.java:1206)
	at com.example.frauddetection.kafka.MessageConsumer.lambda$startListening$0(MessageConsumer.java:78)
	at java.util.concurrent.FutureTask.run(FutureTask.java:266)
	at java.util.concurrent.ThreadPoolExecutor.runWorker(ThreadPoolExecutor.java:1149)
	at java.util.concurrent.ThreadPoolExecutor$Worker.run(ThreadPoolExecutor.java:624)
	at java.lang.Thread.run(Thread.java:748)
2025-01-22 09:43:07,554 WARN org.apache.kafka.clients.NetworkClient [pool-1-thread-1] [Consumer clientId=consumer-fraud-detection-group-1, groupId=fraud-detection-group] Error connecting to node sventaomac:9092 (id: 0 rack: null)
java.net.UnknownHostException: sventaomac
	at java.net.InetAddress.getAllByName0(InetAddress.java:1281)
	at java.net.InetAddress.getAllByName(InetAddress.java:1193)
	at java.net.InetAddress.getAllByName(InetAddress.java:1127)
	at org.apache.kafka.clients.DefaultHostResolver.resolve(DefaultHostResolver.java:27)
	at org.apache.kafka.clients.ClientUtils.resolve(ClientUtils.java:111)
	at org.apache.kafka.clients.ClusterConnectionStates$NodeConnectionState.currentAddress(ClusterConnectionStates.java:512)
	at org.apache.kafka.clients.ClusterConnectionStates$NodeConnectionState.access$200(ClusterConnectionStates.java:466)
	at org.apache.kafka.clients.ClusterConnectionStates.currentAddress(ClusterConnectionStates.java:172)
	at org.apache.kafka.clients.NetworkClient.initiateConnect(NetworkClient.java:1004)
	at org.apache.kafka.clients.NetworkClient.access$600(NetworkClient.java:75)
	at org.apache.kafka.clients.NetworkClient$DefaultMetadataUpdater.maybeUpdate(NetworkClient.java:1177)
	at org.apache.kafka.clients.NetworkClient$DefaultMetadataUpdater.maybeUpdate(NetworkClient.java:1065)
	at org.apache.kafka.clients.NetworkClient.poll(NetworkClient.java:561)
	at org.apache.kafka.clients.consumer.internals.ConsumerNetworkClient.poll(ConsumerNetworkClient.java:265)
	at org.apache.kafka.clients.consumer.internals.ConsumerNetworkClient.poll(ConsumerNetworkClient.java:236)
	at org.apache.kafka.clients.consumer.KafkaConsumer.pollForFetches(KafkaConsumer.java:1292)
	at org.apache.kafka.clients.consumer.KafkaConsumer.poll(KafkaConsumer.java:1233)
	at org.apache.kafka.clients.consumer.KafkaConsumer.poll(KafkaConsumer.java:1206)
	at com.example.frauddetection.kafka.MessageConsumer.lambda$startListening$0(MessageConsumer.java:78)
	at java.util.concurrent.FutureTask.run(FutureTask.java:266)
	at java.util.concurrent.ThreadPoolExecutor.runWorker(ThreadPoolExecutor.java:1149)
	at java.util.concurrent.ThreadPoolExecutor$Worker.run(ThreadPoolExecutor.java:624)
	at java.lang.Thread.run(Thread.java:748)
2025-01-22 09:43:07,995 WARN org.apache.kafka.clients.NetworkClient [kafka-producer-network-thread | producer-1] [Producer clientId=producer-1] Error connecting to node sventaomac:9092 (id: 0 rack: null)
java.net.UnknownHostException: sventaomac
	at java.net.InetAddress.getAllByName0(InetAddress.java:1281)
	at java.net.InetAddress.getAllByName(InetAddress.java:1193)
	at java.net.InetAddress.getAllByName(InetAddress.java:1127)
	at org.apache.kafka.clients.DefaultHostResolver.resolve(DefaultHostResolver.java:27)
	at org.apache.kafka.clients.ClientUtils.resolve(ClientUtils.java:111)
	at org.apache.kafka.clients.ClusterConnectionStates$NodeConnectionState.currentAddress(ClusterConnectionStates.java:512)
	at org.apache.kafka.clients.ClusterConnectionStates$NodeConnectionState.access$200(ClusterConnectionStates.java:466)
	at org.apache.kafka.clients.ClusterConnectionStates.currentAddress(ClusterConnectionStates.java:172)
	at org.apache.kafka.clients.NetworkClient.initiateConnect(NetworkClient.java:1004)
	at org.apache.kafka.clients.NetworkClient.ready(NetworkClient.java:313)
	at org.apache.kafka.clients.producer.internals.Sender.sendProducerData(Sender.java:351)
	at org.apache.kafka.clients.producer.internals.Sender.runOnce(Sender.java:324)
	at org.apache.kafka.clients.producer.internals.Sender.run(Sender.java:240)
	at java.lang.Thread.run(Thread.java:748)
2025-01-22 09:43:08,061 WARN org.apache.kafka.clients.NetworkClient [kafka-producer-network-thread | producer-2] [Producer clientId=producer-2] Error connecting to node sventaomac:9092 (id: 0 rack: null)
java.net.UnknownHostException: sventaomac
	at java.net.InetAddress.getAllByName0(InetAddress.java:1281)
	at java.net.InetAddress.getAllByName(InetAddress.java:1193)
	at java.net.InetAddress.getAllByName(InetAddress.java:1127)
	at org.apache.kafka.clients.DefaultHostResolver.resolve(DefaultHostResolver.java:27)
	at org.apache.kafka.clients.ClientUtils.resolve(ClientUtils.java:111)
	at org.apache.kafka.clients.ClusterConnectionStates$NodeConnectionState.currentAddress(ClusterConnectionStates.java:512)
	at org.apache.kafka.clients.ClusterConnectionStates$NodeConnectionState.access$200(ClusterConnectionStates.java:466)
	at org.apache.kafka.clients.ClusterConnectionStates.currentAddress(ClusterConnectionStates.java:172)
	at org.apache.kafka.clients.NetworkClient.initiateConnect(NetworkClient.java:1004)
	at org.apache.kafka.clients.NetworkClient.ready(NetworkClient.java:313)
	at org.apache.kafka.clients.producer.internals.Sender.sendProducerData(Sender.java:351)
	at org.apache.kafka.clients.producer.internals.Sender.runOnce(Sender.java:324)
	at org.apache.kafka.clients.producer.internals.Sender.run(Sender.java:253)
	at java.lang.Thread.run(Thread.java:748)
2025-01-22 09:43:08,464 WARN org.apache.kafka.clients.NetworkClient [pool-4-thread-1] [Consumer clientId=consumer-fraud-detection-group-2, groupId=fraud-detection-group] Error connecting to node sventaomac:9092 (id: 0 rack: null)
java.net.UnknownHostException: sventaomac
	at java.net.InetAddress.getAllByName0(InetAddress.java:1281)
	at java.net.InetAddress.getAllByName(InetAddress.java:1193)
	at java.net.InetAddress.getAllByName(InetAddress.java:1127)
	at org.apache.kafka.clients.DefaultHostResolver.resolve(DefaultHostResolver.java:27)
	at org.apache.kafka.clients.ClientUtils.resolve(ClientUtils.java:111)
	at org.apache.kafka.clients.ClusterConnectionStates$NodeConnectionState.currentAddress(ClusterConnectionStates.java:512)
	at org.apache.kafka.clients.ClusterConnectionStates$NodeConnectionState.access$200(ClusterConnectionStates.java:466)
	at org.apache.kafka.clients.ClusterConnectionStates.currentAddress(ClusterConnectionStates.java:172)
	at org.apache.kafka.clients.NetworkClient.initiateConnect(NetworkClient.java:1004)
	at org.apache.kafka.clients.NetworkClient.access$600(NetworkClient.java:75)
	at org.apache.kafka.clients.NetworkClient$DefaultMetadataUpdater.maybeUpdate(NetworkClient.java:1177)
	at org.apache.kafka.clients.NetworkClient$DefaultMetadataUpdater.maybeUpdate(NetworkClient.java:1065)
	at org.apache.kafka.clients.NetworkClient.poll(NetworkClient.java:561)
	at org.apache.kafka.clients.consumer.internals.ConsumerNetworkClient.poll(ConsumerNetworkClient.java:265)
	at org.apache.kafka.clients.consumer.internals.ConsumerNetworkClient.poll(ConsumerNetworkClient.java:236)
	at org.apache.kafka.clients.consumer.KafkaConsumer.pollForFetches(KafkaConsumer.java:1292)
	at org.apache.kafka.clients.consumer.KafkaConsumer.poll(KafkaConsumer.java:1233)
	at org.apache.kafka.clients.consumer.KafkaConsumer.poll(KafkaConsumer.java:1206)
	at com.example.frauddetection.kafka.MessageConsumer.lambda$startListening$0(MessageConsumer.java:78)
	at java.util.concurrent.FutureTask.run(FutureTask.java:266)
	at java.util.concurrent.ThreadPoolExecutor.runWorker(ThreadPoolExecutor.java:1149)
	at java.util.concurrent.ThreadPoolExecutor$Worker.run(ThreadPoolExecutor.java:624)
	at java.lang.Thread.run(Thread.java:748)
2025-01-22 09:43:08,765 WARN org.apache.kafka.clients.NetworkClient [pool-1-thread-1] [Consumer clientId=consumer-fraud-detection-group-1, groupId=fraud-detection-group] Error connecting to node sventaomac:9092 (id: 0 rack: null)
java.net.UnknownHostException: sventaomac
	at java.net.InetAddress.getAllByName0(InetAddress.java:1281)
	at java.net.InetAddress.getAllByName(InetAddress.java:1193)
	at java.net.InetAddress.getAllByName(InetAddress.java:1127)
	at org.apache.kafka.clients.DefaultHostResolver.resolve(DefaultHostResolver.java:27)
	at org.apache.kafka.clients.ClientUtils.resolve(ClientUtils.java:111)
	at org.apache.kafka.clients.ClusterConnectionStates$NodeConnectionState.currentAddress(ClusterConnectionStates.java:512)
	at org.apache.kafka.clients.ClusterConnectionStates$NodeConnectionState.access$200(ClusterConnectionStates.java:466)
	at org.apache.kafka.clients.ClusterConnectionStates.currentAddress(ClusterConnectionStates.java:172)
	at org.apache.kafka.clients.NetworkClient.initiateConnect(NetworkClient.java:1004)
	at org.apache.kafka.clients.NetworkClient.access$600(NetworkClient.java:75)
	at org.apache.kafka.clients.NetworkClient$DefaultMetadataUpdater.maybeUpdate(NetworkClient.java:1177)
	at org.apache.kafka.clients.NetworkClient$DefaultMetadataUpdater.maybeUpdate(NetworkClient.java:1065)
	at org.apache.kafka.clients.NetworkClient.poll(NetworkClient.java:561)
	at org.apache.kafka.clients.consumer.internals.ConsumerNetworkClient.poll(ConsumerNetworkClient.java:265)
	at org.apache.kafka.clients.consumer.internals.ConsumerNetworkClient.poll(ConsumerNetworkClient.java:236)
	at org.apache.kafka.clients.consumer.KafkaConsumer.pollForFetches(KafkaConsumer.java:1292)
	at org.apache.kafka.clients.consumer.KafkaConsumer.poll(KafkaConsumer.java:1233)
	at org.apache.kafka.clients.consumer.KafkaConsumer.poll(KafkaConsumer.java:1206)
	at com.example.frauddetection.kafka.MessageConsumer.lambda$startListening$0(MessageConsumer.java:78)
	at java.util.concurrent.FutureTask.run(FutureTask.java:266)
	at java.util.concurrent.ThreadPoolExecutor.runWorker(ThreadPoolExecutor.java:1149)
	at java.util.concurrent.ThreadPoolExecutor$Worker.run(ThreadPoolExecutor.java:624)
	at java.lang.Thread.run(Thread.java:748)
2025-01-22 09:43:08,903 WARN org.apache.kafka.clients.NetworkClient [kafka-producer-network-thread | producer-1] [Producer clientId=producer-1] Error connecting to node sventaomac:9092 (id: 0 rack: null)
java.net.UnknownHostException: sventaomac
	at java.net.InetAddress.getAllByName0(InetAddress.java:1281)
	at java.net.InetAddress.getAllByName(InetAddress.java:1193)
	at java.net.InetAddress.getAllByName(InetAddress.java:1127)
	at org.apache.kafka.clients.DefaultHostResolver.resolve(DefaultHostResolver.java:27)
	at org.apache.kafka.clients.ClientUtils.resolve(ClientUtils.java:111)
	at org.apache.kafka.clients.ClusterConnectionStates$NodeConnectionState.currentAddress(ClusterConnectionStates.java:512)
	at org.apache.kafka.clients.ClusterConnectionStates$NodeConnectionState.access$200(ClusterConnectionStates.java:466)
	at org.apache.kafka.clients.ClusterConnectionStates.currentAddress(ClusterConnectionStates.java:172)
	at org.apache.kafka.clients.NetworkClient.initiateConnect(NetworkClient.java:1004)
	at org.apache.kafka.clients.NetworkClient.ready(NetworkClient.java:313)
	at org.apache.kafka.clients.producer.internals.Sender.sendProducerData(Sender.java:351)
	at org.apache.kafka.clients.producer.internals.Sender.runOnce(Sender.java:324)
	at org.apache.kafka.clients.producer.internals.Sender.run(Sender.java:240)
	at java.lang.Thread.run(Thread.java:748)
2025-01-22 09:43:09,026 WARN org.apache.kafka.clients.NetworkClient [kafka-producer-network-thread | producer-2] [Producer clientId=producer-2] Error connecting to node sventaomac:9092 (id: 0 rack: null)
java.net.UnknownHostException: sventaomac
	at java.net.InetAddress.getAllByName0(InetAddress.java:1281)
	at java.net.InetAddress.getAllByName(InetAddress.java:1193)
	at java.net.InetAddress.getAllByName(InetAddress.java:1127)
	at org.apache.kafka.clients.DefaultHostResolver.resolve(DefaultHostResolver.java:27)
	at org.apache.kafka.clients.ClientUtils.resolve(ClientUtils.java:111)
	at org.apache.kafka.clients.ClusterConnectionStates$NodeConnectionState.currentAddress(ClusterConnectionStates.java:512)
	at org.apache.kafka.clients.ClusterConnectionStates$NodeConnectionState.access$200(ClusterConnectionStates.java:466)
	at org.apache.kafka.clients.ClusterConnectionStates.currentAddress(ClusterConnectionStates.java:172)
	at org.apache.kafka.clients.NetworkClient.initiateConnect(NetworkClient.java:1004)
	at org.apache.kafka.clients.NetworkClient.ready(NetworkClient.java:313)
	at org.apache.kafka.clients.producer.internals.Sender.sendProducerData(Sender.java:351)
	at org.apache.kafka.clients.producer.internals.Sender.runOnce(Sender.java:324)
	at org.apache.kafka.clients.producer.internals.Sender.run(Sender.java:253)
	at java.lang.Thread.run(Thread.java:748)
2025-01-22 09:43:09,571 WARN org.apache.kafka.clients.NetworkClient [pool-4-thread-1] [Consumer clientId=consumer-fraud-detection-group-2, groupId=fraud-detection-group] Error connecting to node sventaomac:9092 (id: 0 rack: null)
java.net.UnknownHostException: sventaomac
	at java.net.InetAddress.getAllByName0(InetAddress.java:1281)
	at java.net.InetAddress.getAllByName(InetAddress.java:1193)
	at java.net.InetAddress.getAllByName(InetAddress.java:1127)
	at org.apache.kafka.clients.DefaultHostResolver.resolve(DefaultHostResolver.java:27)
	at org.apache.kafka.clients.ClientUtils.resolve(ClientUtils.java:111)
	at org.apache.kafka.clients.ClusterConnectionStates$NodeConnectionState.currentAddress(ClusterConnectionStates.java:512)
	at org.apache.kafka.clients.ClusterConnectionStates$NodeConnectionState.access$200(ClusterConnectionStates.java:466)
	at org.apache.kafka.clients.ClusterConnectionStates.currentAddress(ClusterConnectionStates.java:172)
	at org.apache.kafka.clients.NetworkClient.initiateConnect(NetworkClient.java:1004)
	at org.apache.kafka.clients.NetworkClient.access$600(NetworkClient.java:75)
	at org.apache.kafka.clients.NetworkClient$DefaultMetadataUpdater.maybeUpdate(NetworkClient.java:1177)
	at org.apache.kafka.clients.NetworkClient$DefaultMetadataUpdater.maybeUpdate(NetworkClient.java:1065)
	at org.apache.kafka.clients.NetworkClient.poll(NetworkClient.java:561)
	at org.apache.kafka.clients.consumer.internals.ConsumerNetworkClient.poll(ConsumerNetworkClient.java:265)
	at org.apache.kafka.clients.consumer.internals.ConsumerNetworkClient.poll(ConsumerNetworkClient.java:236)
	at org.apache.kafka.clients.consumer.KafkaConsumer.pollForFetches(KafkaConsumer.java:1292)
	at org.apache.kafka.clients.consumer.KafkaConsumer.poll(KafkaConsumer.java:1233)
	at org.apache.kafka.clients.consumer.KafkaConsumer.poll(KafkaConsumer.java:1206)
	at com.example.frauddetection.kafka.MessageConsumer.lambda$startListening$0(MessageConsumer.java:78)
	at java.util.concurrent.FutureTask.run(FutureTask.java:266)
	at java.util.concurrent.ThreadPoolExecutor.runWorker(ThreadPoolExecutor.java:1149)
	at java.util.concurrent.ThreadPoolExecutor$Worker.run(ThreadPoolExecutor.java:624)
	at java.lang.Thread.run(Thread.java:748)
2025-01-22 09:43:09,824 WARN org.apache.kafka.clients.NetworkClient [pool-1-thread-1] [Consumer clientId=consumer-fraud-detection-group-1, groupId=fraud-detection-group] Error connecting to node sventaomac:9092 (id: 0 rack: null)
java.net.UnknownHostException: sventaomac
	at java.net.InetAddress.getAllByName0(InetAddress.java:1281)
	at java.net.InetAddress.getAllByName(InetAddress.java:1193)
	at java.net.InetAddress.getAllByName(InetAddress.java:1127)
	at org.apache.kafka.clients.DefaultHostResolver.resolve(DefaultHostResolver.java:27)
	at org.apache.kafka.clients.ClientUtils.resolve(ClientUtils.java:111)
	at org.apache.kafka.clients.ClusterConnectionStates$NodeConnectionState.currentAddress(ClusterConnectionStates.java:512)
	at org.apache.kafka.clients.ClusterConnectionStates$NodeConnectionState.access$200(ClusterConnectionStates.java:466)
	at org.apache.kafka.clients.ClusterConnectionStates.currentAddress(ClusterConnectionStates.java:172)
	at org.apache.kafka.clients.NetworkClient.initiateConnect(NetworkClient.java:1004)
	at org.apache.kafka.clients.NetworkClient.access$600(NetworkClient.java:75)
	at org.apache.kafka.clients.NetworkClient$DefaultMetadataUpdater.maybeUpdate(NetworkClient.java:1177)
	at org.apache.kafka.clients.NetworkClient$DefaultMetadataUpdater.maybeUpdate(NetworkClient.java:1065)
	at org.apache.kafka.clients.NetworkClient.poll(NetworkClient.java:561)
	at org.apache.kafka.clients.consumer.internals.ConsumerNetworkClient.poll(ConsumerNetworkClient.java:265)
	at org.apache.kafka.clients.consumer.internals.ConsumerNetworkClient.poll(ConsumerNetworkClient.java:236)
	at org.apache.kafka.clients.consumer.internals.ConsumerNetworkClient.poll(ConsumerNetworkClient.java:227)
	at org.apache.kafka.clients.consumer.internals.ConsumerNetworkClient.awaitMetadataUpdate(ConsumerNetworkClient.java:164)
	at org.apache.kafka.clients.consumer.internals.AbstractCoordinator.ensureCoordinatorReady(AbstractCoordinator.java:257)
	at org.apache.kafka.clients.consumer.internals.ConsumerCoordinator.poll(ConsumerCoordinator.java:480)
	at org.apache.kafka.clients.consumer.KafkaConsumer.updateAssignmentMetadataIfNeeded(KafkaConsumer.java:1257)
	at org.apache.kafka.clients.consumer.KafkaConsumer.poll(KafkaConsumer.java:1226)
	at org.apache.kafka.clients.consumer.KafkaConsumer.poll(KafkaConsumer.java:1206)
	at com.example.frauddetection.kafka.MessageConsumer.lambda$startListening$0(MessageConsumer.java:78)
	at java.util.concurrent.FutureTask.run(FutureTask.java:266)
	at java.util.concurrent.ThreadPoolExecutor.runWorker(ThreadPoolExecutor.java:1149)
	at java.util.concurrent.ThreadPoolExecutor$Worker.run(ThreadPoolExecutor.java:624)
	at java.lang.Thread.run(Thread.java:748)
2025-01-22 09:43:09,907 WARN org.apache.kafka.clients.NetworkClient [kafka-producer-network-thread | producer-2] [Producer clientId=producer-2] Error connecting to node sventaomac:9092 (id: 0 rack: null)
java.net.UnknownHostException: sventaomac
	at java.net.InetAddress.getAllByName0(InetAddress.java:1281)
	at java.net.InetAddress.getAllByName(InetAddress.java:1193)
	at java.net.InetAddress.getAllByName(InetAddress.java:1127)
	at org.apache.kafka.clients.DefaultHostResolver.resolve(DefaultHostResolver.java:27)
	at org.apache.kafka.clients.ClientUtils.resolve(ClientUtils.java:111)
	at org.apache.kafka.clients.ClusterConnectionStates$NodeConnectionState.currentAddress(ClusterConnectionStates.java:512)
	at org.apache.kafka.clients.ClusterConnectionStates$NodeConnectionState.access$200(ClusterConnectionStates.java:466)
	at org.apache.kafka.clients.ClusterConnectionStates.currentAddress(ClusterConnectionStates.java:172)
	at org.apache.kafka.clients.NetworkClient.initiateConnect(NetworkClient.java:1004)
	at org.apache.kafka.clients.NetworkClient.ready(NetworkClient.java:313)
	at org.apache.kafka.clients.producer.internals.Sender.sendProducerData(Sender.java:351)
	at org.apache.kafka.clients.producer.internals.Sender.runOnce(Sender.java:324)
	at org.apache.kafka.clients.producer.internals.Sender.run(Sender.java:253)
	at java.lang.Thread.run(Thread.java:748)
2025-01-22 09:43:09,911 WARN org.apache.kafka.clients.NetworkClient [kafka-producer-network-thread | producer-1] [Producer clientId=producer-1] Error connecting to node sventaomac:9092 (id: 0 rack: null)
java.net.UnknownHostException: sventaomac
	at java.net.InetAddress.getAllByName0(InetAddress.java:1281)
	at java.net.InetAddress.getAllByName(InetAddress.java:1193)
	at java.net.InetAddress.getAllByName(InetAddress.java:1127)
	at org.apache.kafka.clients.DefaultHostResolver.resolve(DefaultHostResolver.java:27)
	at org.apache.kafka.clients.ClientUtils.resolve(ClientUtils.java:111)
	at org.apache.kafka.clients.ClusterConnectionStates$NodeConnectionState.currentAddress(ClusterConnectionStates.java:512)
	at org.apache.kafka.clients.ClusterConnectionStates$NodeConnectionState.access$200(ClusterConnectionStates.java:466)
	at org.apache.kafka.clients.ClusterConnectionStates.currentAddress(ClusterConnectionStates.java:172)
	at org.apache.kafka.clients.NetworkClient.initiateConnect(NetworkClient.java:1004)
	at org.apache.kafka.clients.NetworkClient.ready(NetworkClient.java:313)
	at org.apache.kafka.clients.producer.internals.Sender.sendProducerData(Sender.java:351)
	at org.apache.kafka.clients.producer.internals.Sender.runOnce(Sender.java:324)
	at org.apache.kafka.clients.producer.internals.Sender.run(Sender.java:240)
	at java.lang.Thread.run(Thread.java:748)
2025-01-22 09:43:10,478 WARN org.apache.kafka.clients.NetworkClient [pool-4-thread-1] [Consumer clientId=consumer-fraud-detection-group-2, groupId=fraud-detection-group] Error connecting to node sventaomac:9092 (id: 0 rack: null)
java.net.UnknownHostException: sventaomac
	at java.net.InetAddress.getAllByName0(InetAddress.java:1281)
	at java.net.InetAddress.getAllByName(InetAddress.java:1193)
	at java.net.InetAddress.getAllByName(InetAddress.java:1127)
	at org.apache.kafka.clients.DefaultHostResolver.resolve(DefaultHostResolver.java:27)
	at org.apache.kafka.clients.ClientUtils.resolve(ClientUtils.java:111)
	at org.apache.kafka.clients.ClusterConnectionStates$NodeConnectionState.currentAddress(ClusterConnectionStates.java:512)
	at org.apache.kafka.clients.ClusterConnectionStates$NodeConnectionState.access$200(ClusterConnectionStates.java:466)
	at org.apache.kafka.clients.ClusterConnectionStates.currentAddress(ClusterConnectionStates.java:172)
	at org.apache.kafka.clients.NetworkClient.initiateConnect(NetworkClient.java:1004)
	at org.apache.kafka.clients.NetworkClient.access$600(NetworkClient.java:75)
	at org.apache.kafka.clients.NetworkClient$DefaultMetadataUpdater.maybeUpdate(NetworkClient.java:1177)
	at org.apache.kafka.clients.NetworkClient$DefaultMetadataUpdater.maybeUpdate(NetworkClient.java:1065)
	at org.apache.kafka.clients.NetworkClient.poll(NetworkClient.java:561)
	at org.apache.kafka.clients.consumer.internals.ConsumerNetworkClient.poll(ConsumerNetworkClient.java:265)
	at org.apache.kafka.clients.consumer.internals.ConsumerNetworkClient.poll(ConsumerNetworkClient.java:236)
	at org.apache.kafka.clients.consumer.KafkaConsumer.pollForFetches(KafkaConsumer.java:1292)
	at org.apache.kafka.clients.consumer.KafkaConsumer.poll(KafkaConsumer.java:1233)
	at org.apache.kafka.clients.consumer.KafkaConsumer.poll(KafkaConsumer.java:1206)
	at com.example.frauddetection.kafka.MessageConsumer.lambda$startListening$0(MessageConsumer.java:78)
	at java.util.concurrent.FutureTask.run(FutureTask.java:266)
	at java.util.concurrent.ThreadPoolExecutor.runWorker(ThreadPoolExecutor.java:1149)
	at java.util.concurrent.ThreadPoolExecutor$Worker.run(ThreadPoolExecutor.java:624)
	at java.lang.Thread.run(Thread.java:748)
2025-01-22 09:43:10,741 WARN org.apache.kafka.clients.NetworkClient [kafka-producer-network-thread | producer-1] [Producer clientId=producer-1] Error connecting to node sventaomac:9092 (id: 0 rack: null)
java.net.UnknownHostException: sventaomac
	at java.net.InetAddress.getAllByName0(InetAddress.java:1281)
	at java.net.InetAddress.getAllByName(InetAddress.java:1193)
	at java.net.InetAddress.getAllByName(InetAddress.java:1127)
	at org.apache.kafka.clients.DefaultHostResolver.resolve(DefaultHostResolver.java:27)
	at org.apache.kafka.clients.ClientUtils.resolve(ClientUtils.java:111)
	at org.apache.kafka.clients.ClusterConnectionStates$NodeConnectionState.currentAddress(ClusterConnectionStates.java:512)
	at org.apache.kafka.clients.ClusterConnectionStates$NodeConnectionState.access$200(ClusterConnectionStates.java:466)
	at org.apache.kafka.clients.ClusterConnectionStates.currentAddress(ClusterConnectionStates.java:172)
	at org.apache.kafka.clients.NetworkClient.initiateConnect(NetworkClient.java:1004)
	at org.apache.kafka.clients.NetworkClient.ready(NetworkClient.java:313)
	at org.apache.kafka.clients.producer.internals.Sender.sendProducerData(Sender.java:351)
	at org.apache.kafka.clients.producer.internals.Sender.runOnce(Sender.java:324)
	at org.apache.kafka.clients.producer.internals.Sender.run(Sender.java:240)
	at java.lang.Thread.run(Thread.java:748)
2025-01-22 09:43:10,781 WARN org.apache.kafka.clients.NetworkClient [pool-1-thread-1] [Consumer clientId=consumer-fraud-detection-group-1, groupId=fraud-detection-group] Error connecting to node sventaomac:9092 (id: 0 rack: null)
java.net.UnknownHostException: sventaomac
	at java.net.InetAddress.getAllByName0(InetAddress.java:1281)
	at java.net.InetAddress.getAllByName(InetAddress.java:1193)
	at java.net.InetAddress.getAllByName(InetAddress.java:1127)
	at org.apache.kafka.clients.DefaultHostResolver.resolve(DefaultHostResolver.java:27)
	at org.apache.kafka.clients.ClientUtils.resolve(ClientUtils.java:111)
	at org.apache.kafka.clients.ClusterConnectionStates$NodeConnectionState.currentAddress(ClusterConnectionStates.java:512)
	at org.apache.kafka.clients.ClusterConnectionStates$NodeConnectionState.access$200(ClusterConnectionStates.java:466)
	at org.apache.kafka.clients.ClusterConnectionStates.currentAddress(ClusterConnectionStates.java:172)
	at org.apache.kafka.clients.NetworkClient.initiateConnect(NetworkClient.java:1004)
	at org.apache.kafka.clients.NetworkClient.access$600(NetworkClient.java:75)
	at org.apache.kafka.clients.NetworkClient$DefaultMetadataUpdater.maybeUpdate(NetworkClient.java:1177)
	at org.apache.kafka.clients.NetworkClient$DefaultMetadataUpdater.maybeUpdate(NetworkClient.java:1065)
	at org.apache.kafka.clients.NetworkClient.poll(NetworkClient.java:561)
	at org.apache.kafka.clients.consumer.internals.ConsumerNetworkClient.poll(ConsumerNetworkClient.java:265)
	at org.apache.kafka.clients.consumer.internals.ConsumerNetworkClient.poll(ConsumerNetworkClient.java:236)
	at org.apache.kafka.clients.consumer.KafkaConsumer.pollForFetches(KafkaConsumer.java:1292)
	at org.apache.kafka.clients.consumer.KafkaConsumer.poll(KafkaConsumer.java:1233)
	at org.apache.kafka.clients.consumer.KafkaConsumer.poll(KafkaConsumer.java:1206)
	at com.example.frauddetection.kafka.MessageConsumer.lambda$startListening$0(MessageConsumer.java:78)
	at java.util.concurrent.FutureTask.run(FutureTask.java:266)
	at java.util.concurrent.ThreadPoolExecutor.runWorker(ThreadPoolExecutor.java:1149)
	at java.util.concurrent.ThreadPoolExecutor$Worker.run(ThreadPoolExecutor.java:624)
	at java.lang.Thread.run(Thread.java:748)
2025-01-22 09:43:11,105 WARN org.apache.kafka.clients.NetworkClient [kafka-producer-network-thread | producer-2] [Producer clientId=producer-2] Error connecting to node sventaomac:9092 (id: 0 rack: null)
java.net.UnknownHostException: sventaomac
	at java.net.InetAddress.getAllByName0(InetAddress.java:1281)
	at java.net.InetAddress.getAllByName(InetAddress.java:1193)
	at java.net.InetAddress.getAllByName(InetAddress.java:1127)
	at org.apache.kafka.clients.DefaultHostResolver.resolve(DefaultHostResolver.java:27)
	at org.apache.kafka.clients.ClientUtils.resolve(ClientUtils.java:111)
	at org.apache.kafka.clients.ClusterConnectionStates$NodeConnectionState.currentAddress(ClusterConnectionStates.java:512)
	at org.apache.kafka.clients.ClusterConnectionStates$NodeConnectionState.access$200(ClusterConnectionStates.java:466)
	at org.apache.kafka.clients.ClusterConnectionStates.currentAddress(ClusterConnectionStates.java:172)
	at org.apache.kafka.clients.NetworkClient.initiateConnect(NetworkClient.java:1004)
	at org.apache.kafka.clients.NetworkClient.ready(NetworkClient.java:313)
	at org.apache.kafka.clients.producer.internals.Sender.sendProducerData(Sender.java:351)
	at org.apache.kafka.clients.producer.internals.Sender.runOnce(Sender.java:324)
	at org.apache.kafka.clients.producer.internals.Sender.run(Sender.java:253)
	at java.lang.Thread.run(Thread.java:748)
2025-01-22 09:43:11,335 WARN org.apache.kafka.clients.NetworkClient [pool-4-thread-1] [Consumer clientId=consumer-fraud-detection-group-2, groupId=fraud-detection-group] Error connecting to node sventaomac:9092 (id: 0 rack: null)
java.net.UnknownHostException: sventaomac
	at java.net.InetAddress.getAllByName0(InetAddress.java:1281)
	at java.net.InetAddress.getAllByName(InetAddress.java:1193)
	at java.net.InetAddress.getAllByName(InetAddress.java:1127)
	at org.apache.kafka.clients.DefaultHostResolver.resolve(DefaultHostResolver.java:27)
	at org.apache.kafka.clients.ClientUtils.resolve(ClientUtils.java:111)
	at org.apache.kafka.clients.ClusterConnectionStates$NodeConnectionState.currentAddress(ClusterConnectionStates.java:512)
	at org.apache.kafka.clients.ClusterConnectionStates$NodeConnectionState.access$200(ClusterConnectionStates.java:466)
	at org.apache.kafka.clients.ClusterConnectionStates.currentAddress(ClusterConnectionStates.java:172)
	at org.apache.kafka.clients.NetworkClient.initiateConnect(NetworkClient.java:1004)
	at org.apache.kafka.clients.NetworkClient.access$600(NetworkClient.java:75)
	at org.apache.kafka.clients.NetworkClient$DefaultMetadataUpdater.maybeUpdate(NetworkClient.java:1177)
	at org.apache.kafka.clients.NetworkClient$DefaultMetadataUpdater.maybeUpdate(NetworkClient.java:1065)
	at org.apache.kafka.clients.NetworkClient.poll(NetworkClient.java:561)
	at org.apache.kafka.clients.consumer.internals.ConsumerNetworkClient.poll(ConsumerNetworkClient.java:265)
	at org.apache.kafka.clients.consumer.internals.ConsumerNetworkClient.poll(ConsumerNetworkClient.java:236)
	at org.apache.kafka.clients.consumer.internals.ConsumerNetworkClient.poll(ConsumerNetworkClient.java:227)
	at org.apache.kafka.clients.consumer.internals.ConsumerNetworkClient.awaitMetadataUpdate(ConsumerNetworkClient.java:164)
	at org.apache.kafka.clients.consumer.internals.AbstractCoordinator.ensureCoordinatorReady(AbstractCoordinator.java:257)
	at org.apache.kafka.clients.consumer.internals.ConsumerCoordinator.poll(ConsumerCoordinator.java:480)
	at org.apache.kafka.clients.consumer.KafkaConsumer.updateAssignmentMetadataIfNeeded(KafkaConsumer.java:1257)
	at org.apache.kafka.clients.consumer.KafkaConsumer.poll(KafkaConsumer.java:1226)
	at org.apache.kafka.clients.consumer.KafkaConsumer.poll(KafkaConsumer.java:1206)
	at com.example.frauddetection.kafka.MessageConsumer.lambda$startListening$0(MessageConsumer.java:78)
	at java.util.concurrent.FutureTask.run(FutureTask.java:266)
	at java.util.concurrent.ThreadPoolExecutor.runWorker(ThreadPoolExecutor.java:1149)
	at java.util.concurrent.ThreadPoolExecutor$Worker.run(ThreadPoolExecutor.java:624)
	at java.lang.Thread.run(Thread.java:748)
2025-01-22 10:31:01,900 WARN org.springframework.boot.StartupInfoLogger [main] InetAddress.getLocalHost().getHostName() took 5003 milliseconds to respond. Please verify your network configuration (macOS machines may need to add entries to /etc/hosts).
2025-01-22 10:31:06,910 INFO com.example.frauddetection.FraudDetectionApplication [main] Starting FraudDetectionApplication using Java 1.8.0_231 on sventaoMac.local with PID 44152 (/Users/sventao/Documents/GK_CODE/fraud-detection/target/classes started by sventao in /Users/sventao/Documents/GK_CODE/fraud-detection)
2025-01-22 10:31:06,911 INFO com.example.frauddetection.FraudDetectionApplication [main] No active profile set, falling back to default profiles: default
2025-01-22 10:31:07,862 INFO org.springframework.data.repository.config.RepositoryConfigurationDelegate [main] Bootstrapping Spring Data JPA repositories in DEFAULT mode.
2025-01-22 10:31:07,959 INFO org.springframework.data.repository.config.RepositoryConfigurationDelegate [main] Finished Spring Data repository scanning in 82 ms. Found 2 JPA repository interfaces.
2025-01-22 10:31:08,735 INFO org.springframework.boot.web.embedded.tomcat.TomcatWebServer [main] Tomcat initialized with port(s): 8080 (http)
2025-01-22 10:31:08,748 INFO org.apache.coyote.http11.Http11NioProtocol [main] Initializing ProtocolHandler ["http-nio-8080"]
2025-01-22 10:31:08,749 INFO org.apache.catalina.core.StandardService [main] Starting service [Tomcat]
2025-01-22 10:31:08,749 INFO org.apache.catalina.core.StandardEngine [main] Starting Servlet engine: [Apache Tomcat/9.0.48]
2025-01-22 10:31:08,890 INFO org.apache.catalina.core.ContainerBase.[Tomcat].[localhost].[/] [main] Initializing Spring embedded WebApplicationContext
2025-01-22 10:31:08,890 INFO org.springframework.boot.web.servlet.context.ServletWebServerApplicationContext [main] Root WebApplicationContext: initialization completed in 1906 ms
2025-01-22 10:31:08,935 INFO com.zaxxer.hikari.HikariDataSource [main] HikariPool-1 - Starting...
2025-01-22 10:31:09,162 INFO com.zaxxer.hikari.HikariDataSource [main] HikariPool-1 - Start completed.
2025-01-22 10:31:09,171 INFO org.springframework.boot.autoconfigure.h2.H2ConsoleAutoConfiguration [main] H2 console available at '/h2-console'. Database available at 'jdbc:h2:mem:fraud_db'
2025-01-22 10:31:09,516 INFO org.hibernate.jpa.internal.util.LogHelper [main] HHH000204: Processing PersistenceUnitInfo [name: default]
2025-01-22 10:31:09,592 INFO org.hibernate.Version [main] HHH000412: Hibernate ORM core version 5.4.32.Final
2025-01-22 10:31:09,789 INFO org.hibernate.annotations.common.Version [main] HCANN000001: Hibernate Commons Annotations {5.1.2.Final}
2025-01-22 10:31:09,939 INFO org.hibernate.dialect.Dialect [main] HHH000400: Using dialect: org.hibernate.dialect.H2Dialect
2025-01-22 10:31:10,731 INFO org.hibernate.engine.transaction.jta.platform.internal.JtaPlatformInitiator [main] HHH000490: Using JtaPlatform implementation: [org.hibernate.engine.transaction.jta.platform.internal.NoJtaPlatform]
2025-01-22 10:31:10,744 INFO org.springframework.orm.jpa.LocalContainerEntityManagerFactoryBean [main] Initialized JPA EntityManagerFactory for persistence unit 'default'
2025-01-22 10:31:11,387 INFO org.apache.kafka.clients.consumer.ConsumerConfig [main] ConsumerConfig values: 
	allow.auto.create.topics = true
	auto.commit.interval.ms = 1000
	auto.offset.reset = latest
	bootstrap.servers = [localhost:9092]
	check.crcs = true
	client.dns.lookup = use_all_dns_ips
	client.id = consumer-fraud-detection-group-1
	client.rack = 
	connections.max.idle.ms = 540000
	default.api.timeout.ms = 60000
	enable.auto.commit = true
	exclude.internal.topics = true
	fetch.max.bytes = 52428800
	fetch.max.wait.ms = 500
	fetch.min.bytes = 1
	group.id = fraud-detection-group
	group.instance.id = null
	heartbeat.interval.ms = 3000
	interceptor.classes = []
	internal.leave.group.on.close = true
	internal.throw.on.fetch.stable.offset.unsupported = false
	isolation.level = read_uncommitted
	key.deserializer = class org.apache.kafka.common.serialization.StringDeserializer
	max.partition.fetch.bytes = 1048576
	max.poll.interval.ms = 300000
	max.poll.records = 500
	metadata.max.age.ms = 300000
	metric.reporters = []
	metrics.num.samples = 2
	metrics.recording.level = INFO
	metrics.sample.window.ms = 30000
	partition.assignment.strategy = [class org.apache.kafka.clients.consumer.RangeAssignor]
	receive.buffer.bytes = 65536
	reconnect.backoff.max.ms = 1000
	reconnect.backoff.ms = 50
	request.timeout.ms = 30000
	retry.backoff.ms = 100
	sasl.client.callback.handler.class = null
	sasl.jaas.config = null
	sasl.kerberos.kinit.cmd = /usr/bin/kinit
	sasl.kerberos.min.time.before.relogin = 60000
	sasl.kerberos.service.name = null
	sasl.kerberos.ticket.renew.jitter = 0.05
	sasl.kerberos.ticket.renew.window.factor = 0.8
	sasl.login.callback.handler.class = null
	sasl.login.class = null
	sasl.login.refresh.buffer.seconds = 300
	sasl.login.refresh.min.period.seconds = 60
	sasl.login.refresh.window.factor = 0.8
	sasl.login.refresh.window.jitter = 0.05
	sasl.mechanism = GSSAPI
	security.protocol = PLAINTEXT
	security.providers = null
	send.buffer.bytes = 131072
	session.timeout.ms = 30000
	socket.connection.setup.timeout.max.ms = 127000
	socket.connection.setup.timeout.ms = 10000
	ssl.cipher.suites = null
	ssl.enabled.protocols = [TLSv1.2]
	ssl.endpoint.identification.algorithm = https
	ssl.engine.factory.class = null
	ssl.key.password = null
	ssl.keymanager.algorithm = SunX509
	ssl.keystore.certificate.chain = null
	ssl.keystore.key = null
	ssl.keystore.location = null
	ssl.keystore.password = null
	ssl.keystore.type = JKS
	ssl.protocol = TLSv1.2
	ssl.provider = null
	ssl.secure.random.implementation = null
	ssl.trustmanager.algorithm = PKIX
	ssl.truststore.certificates = null
	ssl.truststore.location = null
	ssl.truststore.password = null
	ssl.truststore.type = JKS
	value.deserializer = class org.apache.kafka.common.serialization.StringDeserializer

2025-01-22 10:31:11,476 INFO org.apache.kafka.common.utils.AppInfoParser [main] Kafka version: 2.7.1
2025-01-22 10:31:11,476 INFO org.apache.kafka.common.utils.AppInfoParser [main] Kafka commitId: 61dbce85d0d41457
2025-01-22 10:31:11,476 INFO org.apache.kafka.common.utils.AppInfoParser [main] Kafka startTimeMs: 1737513071474
2025-01-22 10:31:11,480 INFO org.apache.kafka.clients.consumer.KafkaConsumer [pool-1-thread-1] [Consumer clientId=consumer-fraud-detection-group-1, groupId=fraud-detection-group] Subscribed to topic(s): fraud-detection-topic
2025-01-22 10:31:11,623 WARN org.springframework.boot.autoconfigure.orm.jpa.JpaBaseConfiguration$JpaWebConfiguration [main] spring.jpa.open-in-view is enabled by default. Therefore, database queries may be performed during view rendering. Explicitly configure spring.jpa.open-in-view to disable this warning
2025-01-22 10:31:12,360 INFO org.apache.coyote.http11.Http11NioProtocol [main] Starting ProtocolHandler ["http-nio-8080"]
2025-01-22 10:31:12,375 INFO org.springframework.boot.web.embedded.tomcat.TomcatWebServer [main] Tomcat started on port(s): 8080 (http) with context path ''
2025-01-22 10:31:12,393 INFO com.example.frauddetection.FraudDetectionApplication [main] Started FraudDetectionApplication in 26.076 seconds (JVM running for 32.431)
2025-01-22 10:31:12,509 INFO org.apache.kafka.clients.Metadata [pool-1-thread-1] [Consumer clientId=consumer-fraud-detection-group-1, groupId=fraud-detection-group] Cluster ID: YMIwkYKRRA68ysH0Laa-Lg
2025-01-22 10:31:12,512 INFO org.apache.kafka.clients.consumer.internals.AbstractCoordinator [pool-1-thread-1] [Consumer clientId=consumer-fraud-detection-group-1, groupId=fraud-detection-group] Discovered group coordinator 10.10.7.49:9092 (id: 2147483647 rack: null)
2025-01-22 10:31:12,516 INFO org.apache.kafka.clients.consumer.internals.AbstractCoordinator [pool-1-thread-1] [Consumer clientId=consumer-fraud-detection-group-1, groupId=fraud-detection-group] (Re-)joining group
2025-01-22 10:31:12,592 INFO org.apache.kafka.clients.consumer.internals.AbstractCoordinator [pool-1-thread-1] [Consumer clientId=consumer-fraud-detection-group-1, groupId=fraud-detection-group] (Re-)joining group
2025-01-22 10:31:12,657 INFO org.apache.kafka.clients.consumer.internals.AbstractCoordinator [pool-1-thread-1] [Consumer clientId=consumer-fraud-detection-group-1, groupId=fraud-detection-group] Successfully joined group with generation Generation{generationId=576, memberId='consumer-fraud-detection-group-1-1074557a-3613-4c87-918e-83b8617242e2', protocol='range'}
2025-01-22 10:31:12,660 INFO org.apache.kafka.clients.consumer.internals.ConsumerCoordinator [pool-1-thread-1] [Consumer clientId=consumer-fraud-detection-group-1, groupId=fraud-detection-group] Finished assignment for group at generation 576: {consumer-fraud-detection-group-1-1074557a-3613-4c87-918e-83b8617242e2=Assignment(partitions=[fraud-detection-topic-0])}
2025-01-22 10:31:12,779 INFO org.apache.kafka.clients.consumer.internals.AbstractCoordinator [pool-1-thread-1] [Consumer clientId=consumer-fraud-detection-group-1, groupId=fraud-detection-group] Successfully synced group in generation Generation{generationId=576, memberId='consumer-fraud-detection-group-1-1074557a-3613-4c87-918e-83b8617242e2', protocol='range'}
2025-01-22 10:31:12,780 INFO org.apache.kafka.clients.consumer.internals.ConsumerCoordinator [pool-1-thread-1] [Consumer clientId=consumer-fraud-detection-group-1, groupId=fraud-detection-group] Notifying assignor about the new Assignment(partitions=[fraud-detection-topic-0])
2025-01-22 10:31:12,783 INFO org.apache.kafka.clients.consumer.internals.ConsumerCoordinator [pool-1-thread-1] [Consumer clientId=consumer-fraud-detection-group-1, groupId=fraud-detection-group] Adding newly assigned partitions: fraud-detection-topic-0
2025-01-22 10:31:12,808 INFO org.apache.kafka.clients.consumer.internals.ConsumerCoordinator [pool-1-thread-1] [Consumer clientId=consumer-fraud-detection-group-1, groupId=fraud-detection-group] Setting offset for partition fraud-detection-topic-0 to the committed offset FetchPosition{offset=424, offsetEpoch=Optional[0], currentLeader=LeaderAndEpoch{leader=Optional[10.10.7.49:9092 (id: 0 rack: null)], epoch=0}}
2025-01-22 10:31:59,353 INFO org.apache.catalina.core.ContainerBase.[Tomcat].[localhost].[/] [http-nio-8080-exec-1] Initializing Spring DispatcherServlet 'dispatcherServlet'
2025-01-22 10:31:59,353 INFO org.springframework.web.servlet.DispatcherServlet [http-nio-8080-exec-1] Initializing Servlet 'dispatcherServlet'
2025-01-22 10:31:59,357 INFO org.springframework.web.servlet.DispatcherServlet [http-nio-8080-exec-1] Completed initialization in 4 ms
2025-01-22 10:32:04,326 INFO org.springframework.orm.jpa.LocalContainerEntityManagerFactoryBean [SpringApplicationShutdownHook] Closing JPA EntityManagerFactory for persistence unit 'default'
2025-01-22 10:32:04,328 INFO org.hibernate.tool.schema.internal.SchemaDropperImpl$DelayedDropActionImpl [SpringApplicationShutdownHook] HHH000477: Starting delayed evictData of schema as part of SessionFactory shut-down'
2025-01-22 10:32:04,347 INFO com.zaxxer.hikari.HikariDataSource [SpringApplicationShutdownHook] HikariPool-1 - Shutdown initiated...
2025-01-22 10:32:04,353 INFO com.zaxxer.hikari.HikariDataSource [SpringApplicationShutdownHook] HikariPool-1 - Shutdown completed.
2025-01-22 11:01:41,782 WARN org.springframework.boot.StartupInfoLogger [main] InetAddress.getLocalHost().getHostName() took 5002 milliseconds to respond. Please verify your network configuration (macOS machines may need to add entries to /etc/hosts).
2025-01-22 11:01:46,796 INFO com.example.frauddetection.FraudDetectionApplication [main] Starting FraudDetectionApplication v0.0.1-SNAPSHOT using Java 1.8.0_231 on sventaoMac.local with PID 44680 (/Users/sventao/Documents/GK_CODE/fraud-detection/target/fraud-detection-0.0.1-SNAPSHOT.jar started by sventao in /Users/sventao/Documents/GK_CODE/fraud-detection)
2025-01-22 11:01:46,797 INFO com.example.frauddetection.FraudDetectionApplication [main] No active profile set, falling back to default profiles: default
2025-01-22 11:01:46,798 DEBUG org.springframework.boot.SpringApplication [main] Loading source class com.example.frauddetection.FraudDetectionApplication
2025-01-22 11:01:46,918 DEBUG org.springframework.boot.web.servlet.context.AnnotationConfigServletWebServerApplicationContext [main] Refreshing org.springframework.boot.web.servlet.context.AnnotationConfigServletWebServerApplicationContext@69d9c55
2025-01-22 11:01:48,062 INFO org.springframework.data.repository.config.RepositoryConfigurationDelegate [main] Bootstrapping Spring Data JPA repositories in DEFAULT mode.
2025-01-22 11:01:48,090 DEBUG org.springframework.boot.autoconfigure.AutoConfigurationPackages [main] @EnableAutoConfiguration was declared on a class in the package 'com.example.frauddetection'. Automatic @Repository and @Entity scanning is enabled.
2025-01-22 11:01:48,184 INFO org.springframework.data.repository.config.RepositoryConfigurationDelegate [main] Finished Spring Data repository scanning in 98 ms. Found 2 JPA repository interfaces.
2025-01-22 11:01:49,239 DEBUG org.springframework.boot.web.embedded.tomcat.TomcatServletWebServerFactory [main] Code archive: /Users/sventao/Documents/GK_CODE/fraud-detection/target/fraud-detection-0.0.1-SNAPSHOT.jar
2025-01-22 11:01:49,240 DEBUG org.springframework.boot.web.embedded.tomcat.TomcatServletWebServerFactory [main] Code archive: /Users/sventao/Documents/GK_CODE/fraud-detection/target/fraud-detection-0.0.1-SNAPSHOT.jar
2025-01-22 11:01:49,240 DEBUG org.springframework.boot.web.embedded.tomcat.TomcatServletWebServerFactory [main] None of the document roots [src/main/webapp, public, static] point to a directory and will be ignored.
2025-01-22 11:01:49,316 INFO org.springframework.boot.web.embedded.tomcat.TomcatWebServer [main] Tomcat initialized with port(s): 8080 (http)
2025-01-22 11:01:49,346 INFO org.apache.coyote.http11.Http11NioProtocol [main] Initializing ProtocolHandler ["http-nio-8080"]
2025-01-22 11:01:49,347 INFO org.apache.catalina.core.StandardService [main] Starting service [Tomcat]
2025-01-22 11:01:49,348 INFO org.apache.catalina.core.StandardEngine [main] Starting Servlet engine: [Apache Tomcat/9.0.48]
2025-01-22 11:01:49,489 INFO org.apache.catalina.core.ContainerBase.[Tomcat].[localhost].[/] [main] Initializing Spring embedded WebApplicationContext
2025-01-22 11:01:49,489 DEBUG org.springframework.boot.web.servlet.context.ServletWebServerApplicationContext [main] Published root WebApplicationContext as ServletContext attribute with name [org.springframework.web.context.WebApplicationContext.ROOT]
2025-01-22 11:01:49,489 INFO org.springframework.boot.web.servlet.context.ServletWebServerApplicationContext [main] Root WebApplicationContext: initialization completed in 2571 ms
2025-01-22 11:01:49,581 INFO com.zaxxer.hikari.HikariDataSource [main] HikariPool-1 - Starting...
2025-01-22 11:01:50,136 INFO com.zaxxer.hikari.HikariDataSource [main] HikariPool-1 - Start completed.
2025-01-22 11:01:50,152 INFO org.springframework.boot.autoconfigure.h2.H2ConsoleAutoConfiguration [main] H2 console available at '/h2-console'. Database available at 'jdbc:h2:mem:fraud_db'
2025-01-22 11:01:50,198 DEBUG org.springframework.boot.web.servlet.ServletContextInitializerBeans [main] Mapping filters: characterEncodingFilter urls=[/*] order=-2147483648, formContentFilter urls=[/*] order=-9900, requestContextFilter urls=[/*] order=-105
2025-01-22 11:01:50,199 DEBUG org.springframework.boot.web.servlet.ServletContextInitializerBeans [main] Mapping servlets: dispatcherServlet urls=[/], webServlet urls=[/h2-console/*]
2025-01-22 11:01:50,255 DEBUG org.springframework.boot.web.servlet.filter.OrderedRequestContextFilter [main] Filter 'requestContextFilter' configured for use
2025-01-22 11:01:50,255 DEBUG org.springframework.boot.web.servlet.filter.OrderedCharacterEncodingFilter [main] Filter 'characterEncodingFilter' configured for use
2025-01-22 11:01:50,256 DEBUG org.springframework.boot.web.servlet.filter.OrderedFormContentFilter [main] Filter 'formContentFilter' configured for use
2025-01-22 11:01:50,522 INFO org.hibernate.jpa.internal.util.LogHelper [main] HHH000204: Processing PersistenceUnitInfo [name: default]
2025-01-22 11:01:50,674 INFO org.hibernate.Version [main] HHH000412: Hibernate ORM core version 5.4.32.Final
2025-01-22 11:01:50,967 INFO org.hibernate.annotations.common.Version [main] HCANN000001: Hibernate Commons Annotations {5.1.2.Final}
2025-01-22 11:01:51,248 INFO org.hibernate.dialect.Dialect [main] HHH000400: Using dialect: org.hibernate.dialect.H2Dialect
2025-01-22 11:01:52,293 DEBUG org.hibernate.SQL [main] drop table if exists fraud_detect CASCADE 
2025-01-22 11:01:52,297 DEBUG org.hibernate.SQL [main] drop table if exists fraud_detect_retry CASCADE 
2025-01-22 11:01:52,305 DEBUG org.hibernate.SQL [main] create table fraud_detect (id integer generated by default as identity, amount integer, buss_time bigint, created_at bigint, ip varchar(255), stat integer, transaction_id varchar(255) not null, updated_at bigint, user_id integer, primary key (id))
2025-01-22 11:01:52,307 DEBUG org.hibernate.SQL [main] create table fraud_detect_retry (id integer generated by default as identity, created_at bigint, retry_stat integer, retry_times integer, transaction_id varchar(255) not null, transaction_record varchar(255), updated_at bigint, primary key (id))
2025-01-22 11:01:52,308 DEBUG org.hibernate.SQL [main] alter table fraud_detect add constraint UK_foeu2qvse0lk50ktkap85c809 unique (transaction_id)
2025-01-22 11:01:52,309 DEBUG org.hibernate.SQL [main] alter table fraud_detect_retry add constraint UK_sn6fny8snpd6krg9yjlvo65yr unique (transaction_id)
2025-01-22 11:01:52,316 INFO org.hibernate.engine.transaction.jta.platform.internal.JtaPlatformInitiator [main] HHH000490: Using JtaPlatform implementation: [org.hibernate.engine.transaction.jta.platform.internal.NoJtaPlatform]
2025-01-22 11:01:52,337 INFO org.springframework.orm.jpa.LocalContainerEntityManagerFactoryBean [main] Initialized JPA EntityManagerFactory for persistence unit 'default'
2025-01-22 11:01:52,357 DEBUG org.springframework.boot.context.properties.source.ConfigurationPropertySourcesPropertyResolver$DefaultResolver [main] Found key 'spring.mail.fromAccount' in PropertySource 'Config resource 'class path resource [application.properties]' via location 'optional:classpath:/'' with value of type String
2025-01-22 11:01:52,358 DEBUG org.springframework.boot.context.properties.source.ConfigurationPropertySourcesPropertyResolver$DefaultResolver [main] Found key 'spring.mail.toAccount' in PropertySource 'Config resource 'class path resource [application.properties]' via location 'optional:classpath:/'' with value of type String
2025-01-22 11:01:53,086 DEBUG org.springframework.boot.context.properties.source.ConfigurationPropertySourcesPropertyResolver$DefaultResolver [main] Found key 'spring.kafka.consumer.threadPool.num' in PropertySource 'Config resource 'class path resource [application.properties]' via location 'optional:classpath:/'' with value of type String
2025-01-22 11:01:53,170 DEBUG org.springframework.boot.context.properties.source.ConfigurationPropertySourcesPropertyResolver$DefaultResolver [main] Found key 'spring.fraud.detect.sendAlert.threadPool.num' in PropertySource 'Config resource 'class path resource [application.properties]' via location 'optional:classpath:/'' with value of type String
2025-01-22 11:01:53,246 INFO org.apache.kafka.clients.consumer.ConsumerConfig [main] ConsumerConfig values: 
	allow.auto.create.topics = true
	auto.commit.interval.ms = 1000
	auto.offset.reset = latest
	bootstrap.servers = [10.10.7.49:9092]
	check.crcs = true
	client.dns.lookup = use_all_dns_ips
	client.id = consumer-fraud-detection-group-1
	client.rack = 
	connections.max.idle.ms = 540000
	default.api.timeout.ms = 60000
	enable.auto.commit = true
	exclude.internal.topics = true
	fetch.max.bytes = 52428800
	fetch.max.wait.ms = 500
	fetch.min.bytes = 1
	group.id = fraud-detection-group
	group.instance.id = null
	heartbeat.interval.ms = 3000
	interceptor.classes = []
	internal.leave.group.on.close = true
	internal.throw.on.fetch.stable.offset.unsupported = false
	isolation.level = read_uncommitted
	key.deserializer = class org.apache.kafka.common.serialization.StringDeserializer
	max.partition.fetch.bytes = 1048576
	max.poll.interval.ms = 300000
	max.poll.records = 500
	metadata.max.age.ms = 300000
	metric.reporters = []
	metrics.num.samples = 2
	metrics.recording.level = INFO
	metrics.sample.window.ms = 30000
	partition.assignment.strategy = [class org.apache.kafka.clients.consumer.RangeAssignor]
	receive.buffer.bytes = 65536
	reconnect.backoff.max.ms = 1000
	reconnect.backoff.ms = 50
	request.timeout.ms = 30000
	retry.backoff.ms = 100
	sasl.client.callback.handler.class = null
	sasl.jaas.config = null
	sasl.kerberos.kinit.cmd = /usr/bin/kinit
	sasl.kerberos.min.time.before.relogin = 60000
	sasl.kerberos.service.name = null
	sasl.kerberos.ticket.renew.jitter = 0.05
	sasl.kerberos.ticket.renew.window.factor = 0.8
	sasl.login.callback.handler.class = null
	sasl.login.class = null
	sasl.login.refresh.buffer.seconds = 300
	sasl.login.refresh.min.period.seconds = 60
	sasl.login.refresh.window.factor = 0.8
	sasl.login.refresh.window.jitter = 0.05
	sasl.mechanism = GSSAPI
	security.protocol = PLAINTEXT
	security.providers = null
	send.buffer.bytes = 131072
	session.timeout.ms = 30000
	socket.connection.setup.timeout.max.ms = 127000
	socket.connection.setup.timeout.ms = 10000
	ssl.cipher.suites = null
	ssl.enabled.protocols = [TLSv1.2]
	ssl.endpoint.identification.algorithm = https
	ssl.engine.factory.class = null
	ssl.key.password = null
	ssl.keymanager.algorithm = SunX509
	ssl.keystore.certificate.chain = null
	ssl.keystore.key = null
	ssl.keystore.location = null
	ssl.keystore.password = null
	ssl.keystore.type = JKS
	ssl.protocol = TLSv1.2
	ssl.provider = null
	ssl.secure.random.implementation = null
	ssl.trustmanager.algorithm = PKIX
	ssl.truststore.certificates = null
	ssl.truststore.location = null
	ssl.truststore.password = null
	ssl.truststore.type = JKS
	value.deserializer = class org.apache.kafka.common.serialization.StringDeserializer

2025-01-22 11:01:53,579 INFO org.apache.kafka.common.utils.AppInfoParser [main] Kafka version: 2.7.1
2025-01-22 11:01:53,580 INFO org.apache.kafka.common.utils.AppInfoParser [main] Kafka commitId: 61dbce85d0d41457
2025-01-22 11:01:53,580 INFO org.apache.kafka.common.utils.AppInfoParser [main] Kafka startTimeMs: 1737514913577
2025-01-22 11:01:53,584 INFO org.apache.kafka.clients.consumer.KafkaConsumer [pool-1-thread-1] [Consumer clientId=consumer-fraud-detection-group-1, groupId=fraud-detection-group] Subscribed to topic(s): fraud-detection-topic
2025-01-22 11:01:54,009 WARN org.springframework.boot.autoconfigure.orm.jpa.JpaBaseConfiguration$JpaWebConfiguration [main] spring.jpa.open-in-view is enabled by default. Therefore, database queries may be performed during view rendering. Explicitly configure spring.jpa.open-in-view to disable this warning
2025-01-22 11:01:54,237 DEBUG org.springframework.web.servlet.mvc.method.annotation.RequestMappingHandlerAdapter [main] ControllerAdvice beans: 0 @ModelAttribute, 0 @InitBinder, 1 RequestBodyAdvice, 1 ResponseBodyAdvice
2025-01-22 11:01:54,393 DEBUG org.springframework.web.servlet.mvc.method.annotation.RequestMappingHandlerMapping [main] 4 mappings in 'requestMappingHandlerMapping'
2025-01-22 11:01:54,463 DEBUG org.springframework.web.servlet.handler.SimpleUrlHandlerMapping [main] Patterns [/webjars/**, /**] in 'resourceHandlerMapping'
2025-01-22 11:01:54,482 DEBUG org.springframework.web.servlet.mvc.method.annotation.ExceptionHandlerExceptionResolver [main] ControllerAdvice beans: 0 @ExceptionHandler, 1 ResponseBodyAdvice
2025-01-22 11:01:54,641 INFO org.apache.coyote.http11.Http11NioProtocol [main] Starting ProtocolHandler ["http-nio-8080"]
2025-01-22 11:01:54,669 INFO org.springframework.boot.web.embedded.tomcat.TomcatWebServer [main] Tomcat started on port(s): 8080 (http) with context path ''
2025-01-22 11:01:54,709 DEBUG org.springframework.boot.autoconfigure.logging.ConditionEvaluationReportLoggingListener [main] 


============================
CONDITIONS EVALUATION REPORT
============================


Positive matches:
-----------------

   AopAutoConfiguration matched:
      - @ConditionalOnProperty (spring.aop.auto=true) matched (OnPropertyCondition)

   AopAutoConfiguration.AspectJAutoProxyingConfiguration matched:
      - @ConditionalOnClass found required class 'org.aspectj.weaver.Advice' (OnClassCondition)

   AopAutoConfiguration.AspectJAutoProxyingConfiguration.CglibAutoProxyConfiguration matched:
      - @ConditionalOnProperty (spring.aop.proxy-target-class=true) matched (OnPropertyCondition)

   DataSourceAutoConfiguration matched:
      - @ConditionalOnClass found required classes 'javax.sql.DataSource', 'org.springframework.jdbc.datasource.embedded.EmbeddedDatabaseType' (OnClassCondition)
      - @ConditionalOnMissingBean (types: io.r2dbc.spi.ConnectionFactory; SearchStrategy: all) did not find any beans (OnBeanCondition)

   DataSourceAutoConfiguration.PooledDataSourceConfiguration matched:
      - AnyNestedCondition 1 matched 1 did not; NestedCondition on DataSourceAutoConfiguration.PooledDataSourceCondition.PooledDataSourceAvailable PooledDataSource found supported DataSource; NestedCondition on DataSourceAutoConfiguration.PooledDataSourceCondition.ExplicitType @ConditionalOnProperty (spring.datasource.type) did not find property 'type' (DataSourceAutoConfiguration.PooledDataSourceCondition)
      - @ConditionalOnMissingBean (types: javax.sql.DataSource,javax.sql.XADataSource; SearchStrategy: all) did not find any beans (OnBeanCondition)

   DataSourceConfiguration.Hikari matched:
      - @ConditionalOnClass found required class 'com.zaxxer.hikari.HikariDataSource' (OnClassCondition)
      - @ConditionalOnProperty (spring.datasource.type=com.zaxxer.hikari.HikariDataSource) matched (OnPropertyCondition)
      - @ConditionalOnMissingBean (types: javax.sql.DataSource; SearchStrategy: all) did not find any beans (OnBeanCondition)

   DataSourceInitializationConfiguration matched:
      - @ConditionalOnClass found required class 'org.springframework.jdbc.datasource.init.DatabasePopulator' (OnClassCondition)
      - @ConditionalOnSingleCandidate (types: javax.sql.DataSource; SearchStrategy: all) found a primary bean from beans 'dataSource'; @ConditionalOnMissingBean (types: org.springframework.boot.sql.init.AbstractScriptDatabaseInitializer; SearchStrategy: all) did not find any beans (OnBeanCondition)

   DataSourceJmxConfiguration matched:
      - @ConditionalOnProperty (spring.jmx.enabled=true) matched (OnPropertyCondition)

   DataSourceJmxConfiguration.Hikari matched:
      - @ConditionalOnClass found required class 'com.zaxxer.hikari.HikariDataSource' (OnClassCondition)
      - @ConditionalOnSingleCandidate (types: javax.sql.DataSource; SearchStrategy: all) found a primary bean from beans 'dataSource' (OnBeanCondition)

   DataSourcePoolMetadataProvidersConfiguration.HikariPoolDataSourceMetadataProviderConfiguration matched:
      - @ConditionalOnClass found required class 'com.zaxxer.hikari.HikariDataSource' (OnClassCondition)

   DataSourceTransactionManagerAutoConfiguration matched:
      - @ConditionalOnClass found required classes 'org.springframework.jdbc.core.JdbcTemplate', 'org.springframework.transaction.TransactionManager' (OnClassCondition)

   DataSourceTransactionManagerAutoConfiguration.JdbcTransactionManagerConfiguration matched:
      - @ConditionalOnSingleCandidate (types: javax.sql.DataSource; SearchStrategy: all) found a primary bean from beans 'dataSource' (OnBeanCondition)

   DispatcherServletAutoConfiguration matched:
      - @ConditionalOnClass found required class 'org.springframework.web.servlet.DispatcherServlet' (OnClassCondition)
      - found 'session' scope (OnWebApplicationCondition)

   DispatcherServletAutoConfiguration.DispatcherServletConfiguration matched:
      - @ConditionalOnClass found required class 'javax.servlet.ServletRegistration' (OnClassCondition)
      - Default DispatcherServlet did not find dispatcher servlet beans (DispatcherServletAutoConfiguration.DefaultDispatcherServletCondition)

   DispatcherServletAutoConfiguration.DispatcherServletRegistrationConfiguration matched:
      - @ConditionalOnClass found required class 'javax.servlet.ServletRegistration' (OnClassCondition)
      - DispatcherServlet Registration did not find servlet registration bean (DispatcherServletAutoConfiguration.DispatcherServletRegistrationCondition)

   DispatcherServletAutoConfiguration.DispatcherServletRegistrationConfiguration#dispatcherServletRegistration matched:
      - @ConditionalOnBean (names: dispatcherServlet types: org.springframework.web.servlet.DispatcherServlet; SearchStrategy: all) found bean 'dispatcherServlet' (OnBeanCondition)

   EmbeddedWebServerFactoryCustomizerAutoConfiguration matched:
      - @ConditionalOnWebApplication (required) found 'session' scope (OnWebApplicationCondition)

   EmbeddedWebServerFactoryCustomizerAutoConfiguration.TomcatWebServerFactoryCustomizerConfiguration matched:
      - @ConditionalOnClass found required classes 'org.apache.catalina.startup.Tomcat', 'org.apache.coyote.UpgradeProtocol' (OnClassCondition)

   ErrorMvcAutoConfiguration matched:
      - @ConditionalOnClass found required classes 'javax.servlet.Servlet', 'org.springframework.web.servlet.DispatcherServlet' (OnClassCondition)
      - found 'session' scope (OnWebApplicationCondition)

   ErrorMvcAutoConfiguration#basicErrorController matched:
      - @ConditionalOnMissingBean (types: org.springframework.boot.web.servlet.error.ErrorController; SearchStrategy: current) did not find any beans (OnBeanCondition)

   ErrorMvcAutoConfiguration#errorAttributes matched:
      - @ConditionalOnMissingBean (types: org.springframework.boot.web.servlet.error.ErrorAttributes; SearchStrategy: current) did not find any beans (OnBeanCondition)

   ErrorMvcAutoConfiguration.DefaultErrorViewResolverConfiguration#conventionErrorViewResolver matched:
      - @ConditionalOnBean (types: org.springframework.web.servlet.DispatcherServlet; SearchStrategy: all) found bean 'dispatcherServlet'; @ConditionalOnMissingBean (types: org.springframework.boot.autoconfigure.web.servlet.error.ErrorViewResolver; SearchStrategy: all) did not find any beans (OnBeanCondition)

   ErrorMvcAutoConfiguration.WhitelabelErrorViewConfiguration matched:
      - @ConditionalOnProperty (server.error.whitelabel.enabled) matched (OnPropertyCondition)
      - ErrorTemplate Missing did not find error template view (ErrorMvcAutoConfiguration.ErrorTemplateMissingCondition)

   ErrorMvcAutoConfiguration.WhitelabelErrorViewConfiguration#beanNameViewResolver matched:
      - @ConditionalOnMissingBean (types: org.springframework.web.servlet.view.BeanNameViewResolver; SearchStrategy: all) did not find any beans (OnBeanCondition)

   ErrorMvcAutoConfiguration.WhitelabelErrorViewConfiguration#defaultErrorView matched:
      - @ConditionalOnMissingBean (names: error; SearchStrategy: all) did not find any beans (OnBeanCondition)

   GenericCacheConfiguration matched:
      - Cache org.springframework.boot.autoconfigure.cache.GenericCacheConfiguration automatic cache type (CacheCondition)

   H2ConsoleAutoConfiguration matched:
      - @ConditionalOnClass found required class 'org.h2.server.web.WebServlet' (OnClassCondition)
      - found 'session' scope (OnWebApplicationCondition)
      - @ConditionalOnProperty (spring.h2.console.enabled=true) matched (OnPropertyCondition)

   HibernateJpaAutoConfiguration matched:
      - @ConditionalOnClass found required classes 'org.springframework.orm.jpa.LocalContainerEntityManagerFactoryBean', 'javax.persistence.EntityManager', 'org.hibernate.engine.spi.SessionImplementor' (OnClassCondition)

   HibernateJpaConfiguration matched:
      - @ConditionalOnSingleCandidate (types: javax.sql.DataSource; SearchStrategy: all) found a primary bean from beans 'dataSource' (OnBeanCondition)

   HttpEncodingAutoConfiguration matched:
      - @ConditionalOnClass found required class 'org.springframework.web.filter.CharacterEncodingFilter' (OnClassCondition)
      - found 'session' scope (OnWebApplicationCondition)
      - @ConditionalOnProperty (server.servlet.encoding.enabled) matched (OnPropertyCondition)

   HttpEncodingAutoConfiguration#characterEncodingFilter matched:
      - @ConditionalOnMissingBean (types: org.springframework.web.filter.CharacterEncodingFilter; SearchStrategy: all) did not find any beans (OnBeanCondition)

   HttpMessageConvertersAutoConfiguration matched:
      - @ConditionalOnClass found required class 'org.springframework.http.converter.HttpMessageConverter' (OnClassCondition)
      - NoneNestedConditions 0 matched 1 did not; NestedCondition on HttpMessageConvertersAutoConfiguration.NotReactiveWebApplicationCondition.ReactiveWebApplication did not find reactive web application classes (HttpMessageConvertersAutoConfiguration.NotReactiveWebApplicationCondition)

   HttpMessageConvertersAutoConfiguration#messageConverters matched:
      - @ConditionalOnMissingBean (types: org.springframework.boot.autoconfigure.http.HttpMessageConverters; SearchStrategy: all) did not find any beans (OnBeanCondition)

   HttpMessageConvertersAutoConfiguration.StringHttpMessageConverterConfiguration matched:
      - @ConditionalOnClass found required class 'org.springframework.http.converter.StringHttpMessageConverter' (OnClassCondition)

   HttpMessageConvertersAutoConfiguration.StringHttpMessageConverterConfiguration#stringHttpMessageConverter matched:
      - @ConditionalOnMissingBean (types: org.springframework.http.converter.StringHttpMessageConverter; SearchStrategy: all) did not find any beans (OnBeanCondition)

   JacksonAutoConfiguration matched:
      - @ConditionalOnClass found required class 'com.fasterxml.jackson.databind.ObjectMapper' (OnClassCondition)

   JacksonAutoConfiguration.Jackson2ObjectMapperBuilderCustomizerConfiguration matched:
      - @ConditionalOnClass found required class 'org.springframework.http.converter.json.Jackson2ObjectMapperBuilder' (OnClassCondition)

   JacksonAutoConfiguration.JacksonObjectMapperBuilderConfiguration matched:
      - @ConditionalOnClass found required class 'org.springframework.http.converter.json.Jackson2ObjectMapperBuilder' (OnClassCondition)

   JacksonAutoConfiguration.JacksonObjectMapperBuilderConfiguration#jacksonObjectMapperBuilder matched:
      - @ConditionalOnMissingBean (types: org.springframework.http.converter.json.Jackson2ObjectMapperBuilder; SearchStrategy: all) did not find any beans (OnBeanCondition)

   JacksonAutoConfiguration.JacksonObjectMapperConfiguration matched:
      - @ConditionalOnClass found required class 'org.springframework.http.converter.json.Jackson2ObjectMapperBuilder' (OnClassCondition)

   JacksonAutoConfiguration.JacksonObjectMapperConfiguration#jacksonObjectMapper matched:
      - @ConditionalOnMissingBean (types: com.fasterxml.jackson.databind.ObjectMapper; SearchStrategy: all) did not find any beans (OnBeanCondition)

   JacksonAutoConfiguration.ParameterNamesModuleConfiguration matched:
      - @ConditionalOnClass found required class 'com.fasterxml.jackson.module.paramnames.ParameterNamesModule' (OnClassCondition)

   JacksonAutoConfiguration.ParameterNamesModuleConfiguration#parameterNamesModule matched:
      - @ConditionalOnMissingBean (types: com.fasterxml.jackson.module.paramnames.ParameterNamesModule; SearchStrategy: all) did not find any beans (OnBeanCondition)

   JacksonHttpMessageConvertersConfiguration.MappingJackson2HttpMessageConverterConfiguration matched:
      - @ConditionalOnClass found required class 'com.fasterxml.jackson.databind.ObjectMapper' (OnClassCondition)
      - @ConditionalOnProperty (spring.mvc.converters.preferred-json-mapper=jackson) matched (OnPropertyCondition)
      - @ConditionalOnBean (types: com.fasterxml.jackson.databind.ObjectMapper; SearchStrategy: all) found bean 'jacksonObjectMapper' (OnBeanCondition)

   JacksonHttpMessageConvertersConfiguration.MappingJackson2HttpMessageConverterConfiguration#mappingJackson2HttpMessageConverter matched:
      - @ConditionalOnMissingBean (types: org.springframework.http.converter.json.MappingJackson2HttpMessageConverter ignored: org.springframework.hateoas.server.mvc.TypeConstrainedMappingJackson2HttpMessageConverter,org.springframework.data.rest.webmvc.alps.AlpsJsonHttpMessageConverter; SearchStrategy: all) did not find any beans (OnBeanCondition)

   JdbcTemplateAutoConfiguration matched:
      - @ConditionalOnClass found required classes 'javax.sql.DataSource', 'org.springframework.jdbc.core.JdbcTemplate' (OnClassCondition)
      - @ConditionalOnSingleCandidate (types: javax.sql.DataSource; SearchStrategy: all) found a primary bean from beans 'dataSource' (OnBeanCondition)

   JdbcTemplateConfiguration matched:
      - @ConditionalOnMissingBean (types: org.springframework.jdbc.core.JdbcOperations; SearchStrategy: all) did not find any beans (OnBeanCondition)

   JpaBaseConfiguration#entityManagerFactory matched:
      - @ConditionalOnMissingBean (types: org.springframework.orm.jpa.LocalContainerEntityManagerFactoryBean,javax.persistence.EntityManagerFactory; SearchStrategy: all) did not find any beans (OnBeanCondition)

   JpaBaseConfiguration#entityManagerFactoryBuilder matched:
      - @ConditionalOnMissingBean (types: org.springframework.boot.orm.jpa.EntityManagerFactoryBuilder; SearchStrategy: all) did not find any beans (OnBeanCondition)

   JpaBaseConfiguration#jpaVendorAdapter matched:
      - @ConditionalOnMissingBean (types: org.springframework.orm.jpa.JpaVendorAdapter; SearchStrategy: all) did not find any beans (OnBeanCondition)

   JpaBaseConfiguration#transactionManager matched:
      - @ConditionalOnMissingBean (types: org.springframework.transaction.TransactionManager; SearchStrategy: all) did not find any beans (OnBeanCondition)

   JpaBaseConfiguration.JpaWebConfiguration matched:
      - @ConditionalOnClass found required class 'org.springframework.web.servlet.config.annotation.WebMvcConfigurer' (OnClassCondition)
      - found 'session' scope (OnWebApplicationCondition)
      - @ConditionalOnProperty (spring.jpa.open-in-view=true) matched (OnPropertyCondition)
      - @ConditionalOnMissingBean (types: org.springframework.orm.jpa.support.OpenEntityManagerInViewInterceptor,org.springframework.orm.jpa.support.OpenEntityManagerInViewFilter; SearchStrategy: all) did not find any beans (OnBeanCondition)

   JpaRepositoriesAutoConfiguration matched:
      - @ConditionalOnClass found required class 'org.springframework.data.jpa.repository.JpaRepository' (OnClassCondition)
      - @ConditionalOnProperty (spring.data.jpa.repositories.enabled=true) matched (OnPropertyCondition)
      - @ConditionalOnBean (types: javax.sql.DataSource; SearchStrategy: all) found bean 'dataSource'; @ConditionalOnMissingBean (types: org.springframework.data.jpa.repository.support.JpaRepositoryFactoryBean,org.springframework.data.jpa.repository.config.JpaRepositoryConfigExtension; SearchStrategy: all) did not find any beans (OnBeanCondition)

   JtaAutoConfiguration matched:
      - @ConditionalOnClass found required class 'javax.transaction.Transaction' (OnClassCondition)
      - @ConditionalOnProperty (spring.jta.enabled) matched (OnPropertyCondition)

   KafkaAnnotationDrivenConfiguration matched:
      - @ConditionalOnClass found required class 'org.springframework.kafka.annotation.EnableKafka' (OnClassCondition)

   KafkaAnnotationDrivenConfiguration#kafkaListenerContainerFactoryConfigurer matched:
      - @ConditionalOnMissingBean (types: org.springframework.boot.autoconfigure.kafka.ConcurrentKafkaListenerContainerFactoryConfigurer; SearchStrategy: all) did not find any beans (OnBeanCondition)

   KafkaAnnotationDrivenConfiguration.EnableKafkaConfiguration matched:
      - @ConditionalOnMissingBean (names: org.springframework.kafka.config.internalKafkaListenerAnnotationProcessor; SearchStrategy: all) did not find any beans (OnBeanCondition)

   KafkaAutoConfiguration matched:
      - @ConditionalOnClass found required class 'org.springframework.kafka.core.KafkaTemplate' (OnClassCondition)

   KafkaAutoConfiguration#kafkaAdmin matched:
      - @ConditionalOnMissingBean (types: org.springframework.kafka.core.KafkaAdmin; SearchStrategy: all) did not find any beans (OnBeanCondition)

   KafkaAutoConfiguration#kafkaProducerListener matched:
      - @ConditionalOnMissingBean (types: org.springframework.kafka.support.ProducerListener; SearchStrategy: all) did not find any beans (OnBeanCondition)

   LifecycleAutoConfiguration#defaultLifecycleProcessor matched:
      - @ConditionalOnMissingBean (names: lifecycleProcessor; SearchStrategy: current) did not find any beans (OnBeanCondition)

   MultipartAutoConfiguration matched:
      - @ConditionalOnClass found required classes 'javax.servlet.Servlet', 'org.springframework.web.multipart.support.StandardServletMultipartResolver', 'javax.servlet.MultipartConfigElement' (OnClassCondition)
      - found 'session' scope (OnWebApplicationCondition)
      - @ConditionalOnProperty (spring.servlet.multipart.enabled) matched (OnPropertyCondition)

   MultipartAutoConfiguration#multipartConfigElement matched:
      - @ConditionalOnMissingBean (types: javax.servlet.MultipartConfigElement,org.springframework.web.multipart.commons.CommonsMultipartResolver; SearchStrategy: all) did not find any beans (OnBeanCondition)

   MultipartAutoConfiguration#multipartResolver matched:
      - @ConditionalOnMissingBean (types: org.springframework.web.multipart.MultipartResolver; SearchStrategy: all) did not find any beans (OnBeanCondition)

   NamedParameterJdbcTemplateConfiguration matched:
      - @ConditionalOnSingleCandidate (types: org.springframework.jdbc.core.JdbcTemplate; SearchStrategy: all) found a primary bean from beans 'jdbcTemplate'; @ConditionalOnMissingBean (types: org.springframework.jdbc.core.namedparam.NamedParameterJdbcOperations; SearchStrategy: all) did not find any beans (OnBeanCondition)

   NoOpCacheConfiguration matched:
      - Cache org.springframework.boot.autoconfigure.cache.NoOpCacheConfiguration automatic cache type (CacheCondition)

   PersistenceExceptionTranslationAutoConfiguration matched:
      - @ConditionalOnClass found required class 'org.springframework.dao.annotation.PersistenceExceptionTranslationPostProcessor' (OnClassCondition)

   PersistenceExceptionTranslationAutoConfiguration#persistenceExceptionTranslationPostProcessor matched:
      - @ConditionalOnProperty (spring.dao.exceptiontranslation.enabled) matched (OnPropertyCondition)
      - @ConditionalOnMissingBean (types: org.springframework.dao.annotation.PersistenceExceptionTranslationPostProcessor; SearchStrategy: all) did not find any beans (OnBeanCondition)

   PropertyPlaceholderAutoConfiguration#propertySourcesPlaceholderConfigurer matched:
      - @ConditionalOnMissingBean (types: org.springframework.context.support.PropertySourcesPlaceholderConfigurer; SearchStrategy: current) did not find any beans (OnBeanCondition)

   RestTemplateAutoConfiguration matched:
      - @ConditionalOnClass found required class 'org.springframework.web.client.RestTemplate' (OnClassCondition)
      - NoneNestedConditions 0 matched 1 did not; NestedCondition on RestTemplateAutoConfiguration.NotReactiveWebApplicationCondition.ReactiveWebApplication did not find reactive web application classes (RestTemplateAutoConfiguration.NotReactiveWebApplicationCondition)

   RestTemplateAutoConfiguration#restTemplateBuilder matched:
      - @ConditionalOnMissingBean (types: org.springframework.boot.web.client.RestTemplateBuilder; SearchStrategy: all) did not find any beans (OnBeanCondition)

   RestTemplateAutoConfiguration#restTemplateBuilderConfigurer matched:
      - @ConditionalOnMissingBean (types: org.springframework.boot.autoconfigure.web.client.RestTemplateBuilderConfigurer; SearchStrategy: all) did not find any beans (OnBeanCondition)

   ServletWebServerFactoryAutoConfiguration matched:
      - @ConditionalOnClass found required class 'javax.servlet.ServletRequest' (OnClassCondition)
      - found 'session' scope (OnWebApplicationCondition)

   ServletWebServerFactoryAutoConfiguration#tomcatServletWebServerFactoryCustomizer matched:
      - @ConditionalOnClass found required class 'org.apache.catalina.startup.Tomcat' (OnClassCondition)

   ServletWebServerFactoryConfiguration.EmbeddedTomcat matched:
      - @ConditionalOnClass found required classes 'javax.servlet.Servlet', 'org.apache.catalina.startup.Tomcat', 'org.apache.coyote.UpgradeProtocol' (OnClassCondition)
      - @ConditionalOnMissingBean (types: org.springframework.boot.web.servlet.server.ServletWebServerFactory; SearchStrategy: current) did not find any beans (OnBeanCondition)

   SimpleCacheConfiguration matched:
      - Cache org.springframework.boot.autoconfigure.cache.SimpleCacheConfiguration automatic cache type (CacheCondition)

   SpringDataWebAutoConfiguration matched:
      - @ConditionalOnClass found required classes 'org.springframework.data.web.PageableHandlerMethodArgumentResolver', 'org.springframework.web.servlet.config.annotation.WebMvcConfigurer' (OnClassCondition)
      - found 'session' scope (OnWebApplicationCondition)
      - @ConditionalOnMissingBean (types: org.springframework.data.web.PageableHandlerMethodArgumentResolver; SearchStrategy: all) did not find any beans (OnBeanCondition)

   SpringDataWebAutoConfiguration#pageableCustomizer matched:
      - @ConditionalOnMissingBean (types: org.springframework.data.web.config.PageableHandlerMethodArgumentResolverCustomizer; SearchStrategy: all) did not find any beans (OnBeanCondition)

   SpringDataWebAutoConfiguration#sortCustomizer matched:
      - @ConditionalOnMissingBean (types: org.springframework.data.web.config.SortHandlerMethodArgumentResolverCustomizer; SearchStrategy: all) did not find any beans (OnBeanCondition)

   SqlInitializationAutoConfiguration matched:
      - @ConditionalOnProperty (spring.sql.init.enabled) matched (OnPropertyCondition)
      - NoneNestedConditions 0 matched 1 did not; NestedCondition on SqlInitializationAutoConfiguration.SqlInitializationModeCondition.ModeIsNever @ConditionalOnProperty (spring.sql.init.mode=never) did not find property 'mode' (SqlInitializationAutoConfiguration.SqlInitializationModeCondition)
      - @ConditionalOnMissingBean (types: org.springframework.boot.sql.init.AbstractScriptDatabaseInitializer; SearchStrategy: all) did not find any beans (OnBeanCondition)

   TaskExecutionAutoConfiguration matched:
      - @ConditionalOnClass found required class 'org.springframework.scheduling.concurrent.ThreadPoolTaskExecutor' (OnClassCondition)

   TaskExecutionAutoConfiguration#applicationTaskExecutor matched:
      - @ConditionalOnMissingBean (types: java.util.concurrent.Executor; SearchStrategy: all) did not find any beans (OnBeanCondition)

   TaskExecutionAutoConfiguration#taskExecutorBuilder matched:
      - @ConditionalOnMissingBean (types: org.springframework.boot.task.TaskExecutorBuilder; SearchStrategy: all) did not find any beans (OnBeanCondition)

   TaskSchedulingAutoConfiguration matched:
      - @ConditionalOnClass found required class 'org.springframework.scheduling.concurrent.ThreadPoolTaskScheduler' (OnClassCondition)

   TaskSchedulingAutoConfiguration#taskScheduler matched:
      - @ConditionalOnBean (names: org.springframework.context.annotation.internalScheduledAnnotationProcessor; SearchStrategy: all) found bean 'org.springframework.context.annotation.internalScheduledAnnotationProcessor'; @ConditionalOnMissingBean (types: org.springframework.scheduling.annotation.SchedulingConfigurer,org.springframework.scheduling.TaskScheduler,java.util.concurrent.ScheduledExecutorService; SearchStrategy: all) did not find any beans (OnBeanCondition)

   TaskSchedulingAutoConfiguration#taskSchedulerBuilder matched:
      - @ConditionalOnMissingBean (types: org.springframework.boot.task.TaskSchedulerBuilder; SearchStrategy: all) did not find any beans (OnBeanCondition)

   TransactionAutoConfiguration matched:
      - @ConditionalOnClass found required class 'org.springframework.transaction.PlatformTransactionManager' (OnClassCondition)

   TransactionAutoConfiguration#platformTransactionManagerCustomizers matched:
      - @ConditionalOnMissingBean (types: org.springframework.boot.autoconfigure.transaction.TransactionManagerCustomizers; SearchStrategy: all) did not find any beans (OnBeanCondition)

   TransactionAutoConfiguration.EnableTransactionManagementConfiguration matched:
      - @ConditionalOnBean (types: org.springframework.transaction.TransactionManager; SearchStrategy: all) found bean 'transactionManager'; @ConditionalOnMissingBean (types: org.springframework.transaction.annotation.AbstractTransactionManagementConfiguration; SearchStrategy: all) did not find any beans (OnBeanCondition)

   TransactionAutoConfiguration.EnableTransactionManagementConfiguration.CglibAutoProxyConfiguration matched:
      - @ConditionalOnProperty (spring.aop.proxy-target-class=true) matched (OnPropertyCondition)

   TransactionAutoConfiguration.TransactionTemplateConfiguration matched:
      - @ConditionalOnSingleCandidate (types: org.springframework.transaction.PlatformTransactionManager; SearchStrategy: all) found a primary bean from beans 'transactionManager' (OnBeanCondition)

   TransactionAutoConfiguration.TransactionTemplateConfiguration#transactionTemplate matched:
      - @ConditionalOnMissingBean (types: org.springframework.transaction.support.TransactionOperations; SearchStrategy: all) did not find any beans (OnBeanCondition)

   WebMvcAutoConfiguration matched:
      - @ConditionalOnClass found required classes 'javax.servlet.Servlet', 'org.springframework.web.servlet.DispatcherServlet', 'org.springframework.web.servlet.config.annotation.WebMvcConfigurer' (OnClassCondition)
      - found 'session' scope (OnWebApplicationCondition)
      - @ConditionalOnMissingBean (types: org.springframework.web.servlet.config.annotation.WebMvcConfigurationSupport; SearchStrategy: all) did not find any beans (OnBeanCondition)

   WebMvcAutoConfiguration#formContentFilter matched:
      - @ConditionalOnProperty (spring.mvc.formcontent.filter.enabled) matched (OnPropertyCondition)
      - @ConditionalOnMissingBean (types: org.springframework.web.filter.FormContentFilter; SearchStrategy: all) did not find any beans (OnBeanCondition)

   WebMvcAutoConfiguration.EnableWebMvcConfiguration#flashMapManager matched:
      - @ConditionalOnMissingBean (names: flashMapManager; SearchStrategy: all) did not find any beans (OnBeanCondition)

   WebMvcAutoConfiguration.EnableWebMvcConfiguration#localeResolver matched:
      - @ConditionalOnMissingBean (names: localeResolver; SearchStrategy: all) did not find any beans (OnBeanCondition)

   WebMvcAutoConfiguration.EnableWebMvcConfiguration#themeResolver matched:
      - @ConditionalOnMissingBean (names: themeResolver; SearchStrategy: all) did not find any beans (OnBeanCondition)

   WebMvcAutoConfiguration.WebMvcAutoConfigurationAdapter#defaultViewResolver matched:
      - @ConditionalOnMissingBean (types: org.springframework.web.servlet.view.InternalResourceViewResolver; SearchStrategy: all) did not find any beans (OnBeanCondition)

   WebMvcAutoConfiguration.WebMvcAutoConfigurationAdapter#requestContextFilter matched:
      - @ConditionalOnMissingBean (types: org.springframework.web.context.request.RequestContextListener,org.springframework.web.filter.RequestContextFilter; SearchStrategy: all) did not find any beans (OnBeanCondition)

   WebMvcAutoConfiguration.WebMvcAutoConfigurationAdapter#viewResolver matched:
      - @ConditionalOnBean (types: org.springframework.web.servlet.ViewResolver; SearchStrategy: all) found beans 'defaultViewResolver', 'beanNameViewResolver', 'mvcViewResolver'; @ConditionalOnMissingBean (names: viewResolver types: org.springframework.web.servlet.view.ContentNegotiatingViewResolver; SearchStrategy: all) did not find any beans (OnBeanCondition)

   WebSocketServletAutoConfiguration matched:
      - @ConditionalOnClass found required classes 'javax.servlet.Servlet', 'javax.websocket.server.ServerContainer' (OnClassCondition)
      - found 'session' scope (OnWebApplicationCondition)

   WebSocketServletAutoConfiguration.TomcatWebSocketConfiguration matched:
      - @ConditionalOnClass found required classes 'org.apache.catalina.startup.Tomcat', 'org.apache.tomcat.websocket.server.WsSci' (OnClassCondition)

   WebSocketServletAutoConfiguration.TomcatWebSocketConfiguration#websocketServletWebServerCustomizer matched:
      - @ConditionalOnMissingBean (names: websocketServletWebServerCustomizer; SearchStrategy: all) did not find any beans (OnBeanCondition)


Negative matches:
-----------------

   ActiveMQAutoConfiguration:
      Did not match:
         - @ConditionalOnClass did not find required class 'javax.jms.ConnectionFactory' (OnClassCondition)

   AopAutoConfiguration.AspectJAutoProxyingConfiguration.JdkDynamicAutoProxyConfiguration:
      Did not match:
         - @ConditionalOnProperty (spring.aop.proxy-target-class=false) did not find property 'proxy-target-class' (OnPropertyCondition)

   AopAutoConfiguration.ClassProxyingConfiguration:
      Did not match:
         - @ConditionalOnMissingClass found unwanted class 'org.aspectj.weaver.Advice' (OnClassCondition)

   ArtemisAutoConfiguration:
      Did not match:
         - @ConditionalOnClass did not find required class 'javax.jms.ConnectionFactory' (OnClassCondition)

   AtomikosJtaConfiguration:
      Did not match:
         - @ConditionalOnClass did not find required class 'com.atomikos.icatch.jta.UserTransactionManager' (OnClassCondition)

   BatchAutoConfiguration:
      Did not match:
         - @ConditionalOnClass did not find required class 'org.springframework.batch.core.launch.JobLauncher' (OnClassCondition)

   CacheAutoConfiguration:
      Did not match:
         - @ConditionalOnBean (types: org.springframework.cache.interceptor.CacheAspectSupport; SearchStrategy: all) did not find any beans of type org.springframework.cache.interceptor.CacheAspectSupport (OnBeanCondition)
      Matched:
         - @ConditionalOnClass found required class 'org.springframework.cache.CacheManager' (OnClassCondition)

   CacheAutoConfiguration.CacheManagerEntityManagerFactoryDependsOnPostProcessor:
      Did not match:
         - Ancestor org.springframework.boot.autoconfigure.cache.CacheAutoConfiguration did not match (ConditionEvaluationReport.AncestorsMatchedCondition)
      Matched:
         - @ConditionalOnClass found required class 'org.springframework.orm.jpa.LocalContainerEntityManagerFactoryBean' (OnClassCondition)

   CaffeineCacheConfiguration:
      Did not match:
         - @ConditionalOnClass did not find required class 'com.github.benmanes.caffeine.cache.Caffeine' (OnClassCondition)

   CassandraAutoConfiguration:
      Did not match:
         - @ConditionalOnClass did not find required class 'com.datastax.oss.driver.api.core.CqlSession' (OnClassCondition)

   CassandraDataAutoConfiguration:
      Did not match:
         - @ConditionalOnClass did not find required class 'com.datastax.oss.driver.api.core.CqlSession' (OnClassCondition)

   CassandraReactiveDataAutoConfiguration:
      Did not match:
         - @ConditionalOnClass did not find required class 'com.datastax.oss.driver.api.core.CqlSession' (OnClassCondition)

   CassandraReactiveRepositoriesAutoConfiguration:
      Did not match:
         - @ConditionalOnClass did not find required class 'org.springframework.data.cassandra.ReactiveSession' (OnClassCondition)

   CassandraRepositoriesAutoConfiguration:
      Did not match:
         - @ConditionalOnClass did not find required class 'com.datastax.oss.driver.api.core.CqlSession' (OnClassCondition)

   ClientHttpConnectorAutoConfiguration:
      Did not match:
         - @ConditionalOnClass did not find required class 'org.springframework.web.reactive.function.client.WebClient' (OnClassCondition)

   CodecsAutoConfiguration:
      Did not match:
         - @ConditionalOnClass did not find required class 'org.springframework.web.reactive.function.client.WebClient' (OnClassCondition)

   CouchbaseAutoConfiguration:
      Did not match:
         - @ConditionalOnClass did not find required class 'com.couchbase.client.java.Cluster' (OnClassCondition)

   CouchbaseCacheConfiguration:
      Did not match:
         - @ConditionalOnClass did not find required class 'com.couchbase.client.java.Cluster' (OnClassCondition)

   CouchbaseDataAutoConfiguration:
      Did not match:
         - @ConditionalOnClass did not find required class 'com.couchbase.client.java.Bucket' (OnClassCondition)

   CouchbaseReactiveDataAutoConfiguration:
      Did not match:
         - @ConditionalOnClass did not find required class 'com.couchbase.client.java.Cluster' (OnClassCondition)

   CouchbaseReactiveRepositoriesAutoConfiguration:
      Did not match:
         - @ConditionalOnClass did not find required class 'com.couchbase.client.java.Cluster' (OnClassCondition)

   CouchbaseRepositoriesAutoConfiguration:
      Did not match:
         - @ConditionalOnClass did not find required class 'com.couchbase.client.java.Bucket' (OnClassCondition)

   DataSourceAutoConfiguration.EmbeddedDatabaseConfiguration:
      Did not match:
         - EmbeddedDataSource spring.datasource.url is set (DataSourceAutoConfiguration.EmbeddedDatabaseCondition)

   DataSourceConfiguration.Dbcp2:
      Did not match:
         - @ConditionalOnClass did not find required class 'org.apache.commons.dbcp2.BasicDataSource' (OnClassCondition)

   DataSourceConfiguration.Generic:
      Did not match:
         - @ConditionalOnProperty (spring.datasource.type) did not find property 'spring.datasource.type' (OnPropertyCondition)

   DataSourceConfiguration.OracleUcp:
      Did not match:
         - @ConditionalOnClass did not find required classes 'oracle.ucp.jdbc.PoolDataSourceImpl', 'oracle.jdbc.OracleConnection' (OnClassCondition)

   DataSourceConfiguration.Tomcat:
      Did not match:
         - @ConditionalOnClass did not find required class 'org.apache.tomcat.jdbc.pool.DataSource' (OnClassCondition)

   DataSourceInitializationConfiguration.InitializationSpecificCredentialsDataSourceInitializationConfiguration:
      Did not match:
         - AnyNestedCondition 0 matched 2 did not; NestedCondition on DataSourceInitializationConfiguration.InitializationSpecificCredentialsDataSourceInitializationConfiguration.DifferentCredentialsCondition.DataCredentials @ConditionalOnProperty (spring.datasource.data-username) did not find property 'data-username'; NestedCondition on DataSourceInitializationConfiguration.InitializationSpecificCredentialsDataSourceInitializationConfiguration.DifferentCredentialsCondition.SchemaCredentials @ConditionalOnProperty (spring.datasource.schema-username) did not find property 'schema-username' (DataSourceInitializationConfiguration.InitializationSpecificCredentialsDataSourceInitializationConfiguration.DifferentCredentialsCondition)

   DataSourceInitializationConfiguration.SharedCredentialsDataSourceInitializationConfiguration:
      Did not match:
         - DataSource Initialization did not find configured properties spring.datasource.data-username, spring.datasource.schema-password, spring.datasource.schema[0], spring.datasource.data[0], spring.datasource.data, spring.datasource.schema-username, spring.datasource.data-password, spring.datasource.initialization-mode, spring.datasource.schema, spring.datasource.sql-script-encoding, spring.datasource.separator, spring.datasource.platform, spring.datasource.continue-on-error (DataSourceInitializationConfiguration.SharedCredentialsDataSourceInitializationConfiguration.DataSourceInitializationCondition)

   DataSourceJmxConfiguration.TomcatDataSourceJmxConfiguration:
      Did not match:
         - @ConditionalOnClass did not find required class 'org.apache.tomcat.jdbc.pool.DataSourceProxy' (OnClassCondition)

   DataSourcePoolMetadataProvidersConfiguration.CommonsDbcp2PoolDataSourceMetadataProviderConfiguration:
      Did not match:
         - @ConditionalOnClass did not find required class 'org.apache.commons.dbcp2.BasicDataSource' (OnClassCondition)

   DataSourcePoolMetadataProvidersConfiguration.OracleUcpPoolDataSourceMetadataProviderConfiguration:
      Did not match:
         - @ConditionalOnClass did not find required classes 'oracle.ucp.jdbc.PoolDataSource', 'oracle.jdbc.OracleConnection' (OnClassCondition)

   DataSourcePoolMetadataProvidersConfiguration.TomcatDataSourcePoolMetadataProviderConfiguration:
      Did not match:
         - @ConditionalOnClass did not find required class 'org.apache.tomcat.jdbc.pool.DataSource' (OnClassCondition)

   DataSourceTransactionManagerAutoConfiguration.JdbcTransactionManagerConfiguration#transactionManager:
      Did not match:
         - @ConditionalOnMissingBean (types: org.springframework.transaction.TransactionManager; SearchStrategy: all) found beans of type 'org.springframework.transaction.TransactionManager' transactionManager (OnBeanCondition)

   DispatcherServletAutoConfiguration.DispatcherServletConfiguration#multipartResolver:
      Did not match:
         - @ConditionalOnBean (types: org.springframework.web.multipart.MultipartResolver; SearchStrategy: all) did not find any beans of type org.springframework.web.multipart.MultipartResolver (OnBeanCondition)

   EhCacheCacheConfiguration:
      Did not match:
         - @ConditionalOnClass did not find required class 'net.sf.ehcache.Cache' (OnClassCondition)

   ElasticsearchDataAutoConfiguration:
      Did not match:
         - @ConditionalOnClass did not find required class 'org.springframework.data.elasticsearch.core.ElasticsearchRestTemplate' (OnClassCondition)

   ElasticsearchRepositoriesAutoConfiguration:
      Did not match:
         - @ConditionalOnClass did not find required class 'org.elasticsearch.client.Client' (OnClassCondition)

   ElasticsearchRestClientAutoConfiguration:
      Did not match:
         - @ConditionalOnClass did not find required class 'org.elasticsearch.client.RestHighLevelClient' (OnClassCondition)

   EmbeddedLdapAutoConfiguration:
      Did not match:
         - @ConditionalOnClass did not find required class 'com.unboundid.ldap.listener.InMemoryDirectoryServer' (OnClassCondition)

   EmbeddedMongoAutoConfiguration:
      Did not match:
         - @ConditionalOnClass did not find required class 'com.mongodb.MongoClientSettings' (OnClassCondition)

   EmbeddedWebServerFactoryCustomizerAutoConfiguration.JettyWebServerFactoryCustomizerConfiguration:
      Did not match:
         - @ConditionalOnClass did not find required classes 'org.eclipse.jetty.server.Server', 'org.eclipse.jetty.util.Loader', 'org.eclipse.jetty.webapp.WebAppContext' (OnClassCondition)

   EmbeddedWebServerFactoryCustomizerAutoConfiguration.NettyWebServerFactoryCustomizerConfiguration:
      Did not match:
         - @ConditionalOnClass did not find required class 'reactor.netty.http.server.HttpServer' (OnClassCondition)

   EmbeddedWebServerFactoryCustomizerAutoConfiguration.UndertowWebServerFactoryCustomizerConfiguration:
      Did not match:
         - @ConditionalOnClass did not find required classes 'io.undertow.Undertow', 'org.xnio.SslClientAuthMode' (OnClassCondition)

   ErrorWebFluxAutoConfiguration:
      Did not match:
         - @ConditionalOnClass did not find required class 'org.springframework.web.reactive.config.WebFluxConfigurer' (OnClassCondition)

   FlywayAutoConfiguration:
      Did not match:
         - @ConditionalOnClass did not find required class 'org.flywaydb.core.Flyway' (OnClassCondition)

   FreeMarkerAutoConfiguration:
      Did not match:
         - @ConditionalOnClass did not find required class 'freemarker.template.Configuration' (OnClassCondition)

   GroovyTemplateAutoConfiguration:
      Did not match:
         - @ConditionalOnClass did not find required class 'groovy.text.markup.MarkupTemplateEngine' (OnClassCondition)

   GsonAutoConfiguration:
      Did not match:
         - @ConditionalOnClass did not find required class 'com.google.gson.Gson' (OnClassCondition)

   GsonHttpMessageConvertersConfiguration:
      Did not match:
         - @ConditionalOnClass did not find required class 'com.google.gson.Gson' (OnClassCondition)

   HazelcastAutoConfiguration:
      Did not match:
         - @ConditionalOnClass did not find required class 'com.hazelcast.core.HazelcastInstance' (OnClassCondition)

   HazelcastCacheConfiguration:
      Did not match:
         - @ConditionalOnClass did not find required class 'com.hazelcast.core.HazelcastInstance' (OnClassCondition)

   HazelcastJpaDependencyAutoConfiguration:
      Did not match:
         - @ConditionalOnClass did not find required class 'com.hazelcast.core.HazelcastInstance' (OnClassCondition)

   HttpHandlerAutoConfiguration:
      Did not match:
         - @ConditionalOnClass did not find required class 'org.springframework.web.reactive.DispatcherHandler' (OnClassCondition)

   HypermediaAutoConfiguration:
      Did not match:
         - @ConditionalOnClass did not find required class 'org.springframework.hateoas.EntityModel' (OnClassCondition)

   InfinispanCacheConfiguration:
      Did not match:
         - @ConditionalOnClass did not find required class 'org.infinispan.spring.embedded.provider.SpringEmbeddedCacheManager' (OnClassCondition)

   InfluxDbAutoConfiguration:
      Did not match:
         - @ConditionalOnClass did not find required class 'org.influxdb.InfluxDB' (OnClassCondition)

   IntegrationAutoConfiguration:
      Did not match:
         - @ConditionalOnClass did not find required class 'org.springframework.integration.config.EnableIntegration' (OnClassCondition)

   JCacheCacheConfiguration:
      Did not match:
         - @ConditionalOnClass did not find required class 'javax.cache.Caching' (OnClassCondition)

   JacksonHttpMessageConvertersConfiguration.MappingJackson2XmlHttpMessageConverterConfiguration:
      Did not match:
         - @ConditionalOnClass did not find required class 'com.fasterxml.jackson.dataformat.xml.XmlMapper' (OnClassCondition)

   JdbcRepositoriesAutoConfiguration:
      Did not match:
         - @ConditionalOnClass did not find required class 'org.springframework.data.jdbc.repository.config.AbstractJdbcConfiguration' (OnClassCondition)

   JerseyAutoConfiguration:
      Did not match:
         - @ConditionalOnClass did not find required class 'org.glassfish.jersey.server.spring.SpringComponentProvider' (OnClassCondition)

   JmsAutoConfiguration:
      Did not match:
         - @ConditionalOnClass did not find required class 'javax.jms.Message' (OnClassCondition)

   JmxAutoConfiguration:
      Did not match:
         - @ConditionalOnProperty (spring.jmx.enabled=true) did not find property 'enabled' (OnPropertyCondition)
      Matched:
         - @ConditionalOnClass found required class 'org.springframework.jmx.export.MBeanExporter' (OnClassCondition)

   JndiConnectionFactoryAutoConfiguration:
      Did not match:
         - @ConditionalOnClass did not find required class 'org.springframework.jms.core.JmsTemplate' (OnClassCondition)

   JndiDataSourceAutoConfiguration:
      Did not match:
         - @ConditionalOnProperty (spring.datasource.jndi-name) did not find property 'jndi-name' (OnPropertyCondition)
      Matched:
         - @ConditionalOnClass found required classes 'javax.sql.DataSource', 'org.springframework.jdbc.datasource.embedded.EmbeddedDatabaseType' (OnClassCondition)

   JndiJtaConfiguration:
      Did not match:
         - @ConditionalOnJndi JNDI environment is not available (OnJndiCondition)
      Matched:
         - @ConditionalOnClass found required class 'org.springframework.transaction.jta.JtaTransactionManager' (OnClassCondition)

   JooqAutoConfiguration:
      Did not match:
         - @ConditionalOnClass did not find required class 'org.jooq.DSLContext' (OnClassCondition)

   JpaRepositoriesAutoConfiguration#entityManagerFactoryBootstrapExecutorCustomizer:
      Did not match:
         - AnyNestedCondition 0 matched 2 did not; NestedCondition on JpaRepositoriesAutoConfiguration.BootstrapExecutorCondition.LazyBootstrapMode @ConditionalOnProperty (spring.data.jpa.repositories.bootstrap-mode=lazy) did not find property 'bootstrap-mode'; NestedCondition on JpaRepositoriesAutoConfiguration.BootstrapExecutorCondition.DeferredBootstrapMode @ConditionalOnProperty (spring.data.jpa.repositories.bootstrap-mode=deferred) did not find property 'bootstrap-mode' (JpaRepositoriesAutoConfiguration.BootstrapExecutorCondition)

   JsonbAutoConfiguration:
      Did not match:
         - @ConditionalOnClass did not find required class 'javax.json.bind.Jsonb' (OnClassCondition)

   JsonbHttpMessageConvertersConfiguration:
      Did not match:
         - @ConditionalOnClass did not find required class 'javax.json.bind.Jsonb' (OnClassCondition)

   KafkaAnnotationDrivenConfiguration#kafkaListenerContainerFactory:
      Did not match:
         - @ConditionalOnMissingBean (names: kafkaListenerContainerFactory; SearchStrategy: all) found beans named kafkaListenerContainerFactory (OnBeanCondition)

   KafkaAutoConfiguration#kafkaConsumerFactory:
      Did not match:
         - @ConditionalOnMissingBean (types: org.springframework.kafka.core.ConsumerFactory; SearchStrategy: all) found beans of type 'org.springframework.kafka.core.ConsumerFactory' consumerFactory (OnBeanCondition)

   KafkaAutoConfiguration#kafkaJaasInitializer:
      Did not match:
         - @ConditionalOnProperty (spring.kafka.jaas.enabled) did not find property 'spring.kafka.jaas.enabled' (OnPropertyCondition)

   KafkaAutoConfiguration#kafkaProducerFactory:
      Did not match:
         - @ConditionalOnMissingBean (types: org.springframework.kafka.core.ProducerFactory; SearchStrategy: all) found beans of type 'org.springframework.kafka.core.ProducerFactory' producerFactory (OnBeanCondition)

   KafkaAutoConfiguration#kafkaTemplate:
      Did not match:
         - @ConditionalOnMissingBean (types: org.springframework.kafka.core.KafkaTemplate; SearchStrategy: all) found beans of type 'org.springframework.kafka.core.KafkaTemplate' kafkaTemplate (OnBeanCondition)

   KafkaAutoConfiguration#kafkaTransactionManager:
      Did not match:
         - @ConditionalOnProperty (spring.kafka.producer.transaction-id-prefix) did not find property 'spring.kafka.producer.transaction-id-prefix' (OnPropertyCondition)

   KafkaStreamsAnnotationDrivenConfiguration:
      Did not match:
         - @ConditionalOnClass did not find required class 'org.apache.kafka.streams.StreamsBuilder' (OnClassCondition)

   LdapAutoConfiguration:
      Did not match:
         - @ConditionalOnClass did not find required class 'org.springframework.ldap.core.ContextSource' (OnClassCondition)

   LdapRepositoriesAutoConfiguration:
      Did not match:
         - @ConditionalOnClass did not find required class 'org.springframework.data.ldap.repository.LdapRepository' (OnClassCondition)

   LiquibaseAutoConfiguration:
      Did not match:
         - @ConditionalOnClass did not find required class 'liquibase.change.DatabaseChange' (OnClassCondition)

   MailSenderAutoConfiguration:
      Did not match:
         - @ConditionalOnClass did not find required class 'org.springframework.mail.MailSender' (OnClassCondition)

   MailSenderValidatorAutoConfiguration:
      Did not match:
         - @ConditionalOnSingleCandidate did not find required type 'org.springframework.mail.javamail.JavaMailSenderImpl' (OnBeanCondition)

   MessageSourceAutoConfiguration:
      Did not match:
         - ResourceBundle did not find bundle with basename messages (MessageSourceAutoConfiguration.ResourceBundleCondition)

   MongoAutoConfiguration:
      Did not match:
         - @ConditionalOnClass did not find required class 'com.mongodb.client.MongoClient' (OnClassCondition)

   MongoDataAutoConfiguration:
      Did not match:
         - @ConditionalOnClass did not find required class 'com.mongodb.client.MongoClient' (OnClassCondition)

   MongoReactiveAutoConfiguration:
      Did not match:
         - @ConditionalOnClass did not find required class 'com.mongodb.reactivestreams.client.MongoClient' (OnClassCondition)

   MongoReactiveDataAutoConfiguration:
      Did not match:
         - @ConditionalOnClass did not find required class 'com.mongodb.reactivestreams.client.MongoClient' (OnClassCondition)

   MongoReactiveRepositoriesAutoConfiguration:
      Did not match:
         - @ConditionalOnClass did not find required class 'com.mongodb.reactivestreams.client.MongoClient' (OnClassCondition)

   MongoRepositoriesAutoConfiguration:
      Did not match:
         - @ConditionalOnClass did not find required class 'com.mongodb.client.MongoClient' (OnClassCondition)

   MustacheAutoConfiguration:
      Did not match:
         - @ConditionalOnClass did not find required class 'com.samskivert.mustache.Mustache' (OnClassCondition)

   Neo4jAutoConfiguration:
      Did not match:
         - @ConditionalOnClass did not find required class 'org.neo4j.driver.Driver' (OnClassCondition)

   Neo4jDataAutoConfiguration:
      Did not match:
         - @ConditionalOnClass did not find required class 'org.neo4j.driver.Driver' (OnClassCondition)

   Neo4jReactiveDataAutoConfiguration:
      Did not match:
         - @ConditionalOnClass did not find required class 'org.neo4j.driver.Driver' (OnClassCondition)

   Neo4jReactiveRepositoriesAutoConfiguration:
      Did not match:
         - @ConditionalOnClass did not find required class 'org.neo4j.driver.Driver' (OnClassCondition)

   Neo4jRepositoriesAutoConfiguration:
      Did not match:
         - @ConditionalOnClass did not find required class 'org.neo4j.driver.Driver' (OnClassCondition)

   NettyAutoConfiguration:
      Did not match:
         - @ConditionalOnClass did not find required class 'io.netty.util.NettyRuntime' (OnClassCondition)

   OAuth2ClientAutoConfiguration:
      Did not match:
         - @ConditionalOnClass did not find required class 'org.springframework.security.config.annotation.web.configuration.EnableWebSecurity' (OnClassCondition)

   OAuth2ResourceServerAutoConfiguration:
      Did not match:
         - @ConditionalOnClass did not find required class 'org.springframework.security.oauth2.server.resource.BearerTokenAuthenticationToken' (OnClassCondition)

   ProjectInfoAutoConfiguration#buildProperties:
      Did not match:
         - @ConditionalOnResource did not find resource '${spring.info.build.location:classpath:META-INF/build-info.properties}' (OnResourceCondition)

   ProjectInfoAutoConfiguration#gitProperties:
      Did not match:
         - GitResource did not find git info at classpath:git.properties (ProjectInfoAutoConfiguration.GitResourceAvailableCondition)

   QuartzAutoConfiguration:
      Did not match:
         - @ConditionalOnClass did not find required class 'org.quartz.Scheduler' (OnClassCondition)

   R2dbcAutoConfiguration:
      Did not match:
         - @ConditionalOnClass did not find required class 'io.r2dbc.spi.ConnectionFactory' (OnClassCondition)

   R2dbcDataAutoConfiguration:
      Did not match:
         - @ConditionalOnClass did not find required class 'org.springframework.data.r2dbc.core.R2dbcEntityTemplate' (OnClassCondition)

   R2dbcInitializationConfiguration:
      Did not match:
         - @ConditionalOnClass did not find required classes 'io.r2dbc.spi.ConnectionFactory', 'org.springframework.r2dbc.connection.init.DatabasePopulator' (OnClassCondition)

   R2dbcRepositoriesAutoConfiguration:
      Did not match:
         - @ConditionalOnClass did not find required class 'io.r2dbc.spi.ConnectionFactory' (OnClassCondition)

   R2dbcTransactionManagerAutoConfiguration:
      Did not match:
         - @ConditionalOnClass did not find required class 'org.springframework.r2dbc.connection.R2dbcTransactionManager' (OnClassCondition)

   RSocketMessagingAutoConfiguration:
      Did not match:
         - @ConditionalOnClass did not find required class 'io.rsocket.RSocket' (OnClassCondition)

   RSocketRequesterAutoConfiguration:
      Did not match:
         - @ConditionalOnClass did not find required class 'io.rsocket.RSocket' (OnClassCondition)

   RSocketSecurityAutoConfiguration:
      Did not match:
         - @ConditionalOnClass did not find required class 'org.springframework.security.rsocket.core.SecuritySocketAcceptorInterceptor' (OnClassCondition)

   RSocketServerAutoConfiguration:
      Did not match:
         - @ConditionalOnClass did not find required class 'io.rsocket.core.RSocketServer' (OnClassCondition)

   RSocketStrategiesAutoConfiguration:
      Did not match:
         - @ConditionalOnClass did not find required class 'io.netty.buffer.PooledByteBufAllocator' (OnClassCondition)

   RabbitAutoConfiguration:
      Did not match:
         - @ConditionalOnClass did not find required class 'com.rabbitmq.client.Channel' (OnClassCondition)

   ReactiveElasticsearchRepositoriesAutoConfiguration:
      Did not match:
         - @ConditionalOnClass did not find required class 'org.springframework.data.elasticsearch.client.reactive.ReactiveElasticsearchClient' (OnClassCondition)

   ReactiveElasticsearchRestClientAutoConfiguration:
      Did not match:
         - @ConditionalOnClass did not find required class 'reactor.netty.http.client.HttpClient' (OnClassCondition)

   ReactiveOAuth2ClientAutoConfiguration:
      Did not match:
         - @ConditionalOnClass did not find required class 'reactor.core.publisher.Flux' (OnClassCondition)

   ReactiveOAuth2ResourceServerAutoConfiguration:
      Did not match:
         - @ConditionalOnClass did not find required class 'org.springframework.security.config.annotation.web.reactive.EnableWebFluxSecurity' (OnClassCondition)

   ReactiveSecurityAutoConfiguration:
      Did not match:
         - @ConditionalOnClass did not find required class 'reactor.core.publisher.Flux' (OnClassCondition)

   ReactiveUserDetailsServiceAutoConfiguration:
      Did not match:
         - @ConditionalOnClass did not find required class 'org.springframework.security.authentication.ReactiveAuthenticationManager' (OnClassCondition)

   ReactiveWebServerFactoryAutoConfiguration:
      Did not match:
         - @ConditionalOnWebApplication did not find reactive web application classes (OnWebApplicationCondition)

   RedisAutoConfiguration:
      Did not match:
         - @ConditionalOnClass did not find required class 'org.springframework.data.redis.core.RedisOperations' (OnClassCondition)

   RedisCacheConfiguration:
      Did not match:
         - @ConditionalOnClass did not find required class 'org.springframework.data.redis.connection.RedisConnectionFactory' (OnClassCondition)

   RedisReactiveAutoConfiguration:
      Did not match:
         - @ConditionalOnClass did not find required class 'reactor.core.publisher.Flux' (OnClassCondition)

   RedisRepositoriesAutoConfiguration:
      Did not match:
         - @ConditionalOnClass did not find required class 'org.springframework.data.redis.repository.configuration.EnableRedisRepositories' (OnClassCondition)

   RepositoryRestMvcAutoConfiguration:
      Did not match:
         - @ConditionalOnClass did not find required class 'org.springframework.data.rest.webmvc.config.RepositoryRestMvcConfiguration' (OnClassCondition)

   Saml2RelyingPartyAutoConfiguration:
      Did not match:
         - @ConditionalOnClass did not find required class 'org.springframework.security.saml2.provider.service.registration.RelyingPartyRegistrationRepository' (OnClassCondition)

   SecurityAutoConfiguration:
      Did not match:
         - @ConditionalOnClass did not find required class 'org.springframework.security.authentication.DefaultAuthenticationEventPublisher' (OnClassCondition)

   SecurityFilterAutoConfiguration:
      Did not match:
         - @ConditionalOnClass did not find required class 'org.springframework.security.config.http.SessionCreationPolicy' (OnClassCondition)

   SendGridAutoConfiguration:
      Did not match:
         - @ConditionalOnClass did not find required class 'com.sendgrid.SendGrid' (OnClassCondition)

   ServletWebServerFactoryAutoConfiguration#forwardedHeaderFilter:
      Did not match:
         - @ConditionalOnProperty (server.forward-headers-strategy=framework) did not find property 'server.forward-headers-strategy' (OnPropertyCondition)

   ServletWebServerFactoryConfiguration.EmbeddedJetty:
      Did not match:
         - @ConditionalOnClass did not find required classes 'org.eclipse.jetty.server.Server', 'org.eclipse.jetty.util.Loader', 'org.eclipse.jetty.webapp.WebAppContext' (OnClassCondition)

   ServletWebServerFactoryConfiguration.EmbeddedUndertow:
      Did not match:
         - @ConditionalOnClass did not find required classes 'io.undertow.Undertow', 'org.xnio.SslClientAuthMode' (OnClassCondition)

   SessionAutoConfiguration:
      Did not match:
         - @ConditionalOnClass did not find required class 'org.springframework.session.Session' (OnClassCondition)

   SolrAutoConfiguration:
      Did not match:
         - @ConditionalOnClass did not find required class 'org.apache.solr.client.solrj.impl.CloudSolrClient' (OnClassCondition)

   SpringApplicationAdminJmxAutoConfiguration:
      Did not match:
         - @ConditionalOnProperty (spring.application.admin.enabled=true) did not find property 'enabled' (OnPropertyCondition)

   ThymeleafAutoConfiguration:
      Did not match:
         - @ConditionalOnClass did not find required class 'org.thymeleaf.spring5.SpringTemplateEngine' (OnClassCondition)

   TransactionAutoConfiguration#transactionalOperator:
      Did not match:
         - @ConditionalOnSingleCandidate (types: org.springframework.transaction.ReactiveTransactionManager; SearchStrategy: all) did not find any beans (OnBeanCondition)

   TransactionAutoConfiguration.EnableTransactionManagementConfiguration.JdkDynamicAutoProxyConfiguration:
      Did not match:
         - @ConditionalOnProperty (spring.aop.proxy-target-class=false) did not find property 'proxy-target-class' (OnPropertyCondition)

   UserDetailsServiceAutoConfiguration:
      Did not match:
         - @ConditionalOnClass did not find required class 'org.springframework.security.authentication.AuthenticationManager' (OnClassCondition)

   ValidationAutoConfiguration:
      Did not match:
         - @ConditionalOnResource did not find resource 'classpath:META-INF/services/javax.validation.spi.ValidationProvider' (OnResourceCondition)
      Matched:
         - @ConditionalOnClass found required class 'javax.validation.executable.ExecutableValidator' (OnClassCondition)

   WebClientAutoConfiguration:
      Did not match:
         - @ConditionalOnClass did not find required class 'org.springframework.web.reactive.function.client.WebClient' (OnClassCondition)

   WebFluxAutoConfiguration:
      Did not match:
         - @ConditionalOnClass did not find required class 'org.springframework.web.reactive.config.WebFluxConfigurer' (OnClassCondition)

   WebMvcAutoConfiguration#hiddenHttpMethodFilter:
      Did not match:
         - @ConditionalOnProperty (spring.mvc.hiddenmethod.filter.enabled) did not find property 'enabled' (OnPropertyCondition)

   WebMvcAutoConfiguration.ResourceChainCustomizerConfiguration:
      Did not match:
         - @ConditionalOnEnabledResourceChain did not find class org.webjars.WebJarAssetLocator (OnEnabledResourceChainCondition)

   WebMvcAutoConfiguration.WebMvcAutoConfigurationAdapter#beanNameViewResolver:
      Did not match:
         - @ConditionalOnMissingBean (types: org.springframework.web.servlet.view.BeanNameViewResolver; SearchStrategy: all) found beans of type 'org.springframework.web.servlet.view.BeanNameViewResolver' beanNameViewResolver (OnBeanCondition)

   WebServiceTemplateAutoConfiguration:
      Did not match:
         - @ConditionalOnClass did not find required class 'org.springframework.oxm.Marshaller' (OnClassCondition)

   WebServicesAutoConfiguration:
      Did not match:
         - @ConditionalOnClass did not find required class 'org.springframework.ws.transport.http.MessageDispatcherServlet' (OnClassCondition)

   WebSocketMessagingAutoConfiguration:
      Did not match:
         - @ConditionalOnClass did not find required class 'org.springframework.web.socket.config.annotation.WebSocketMessageBrokerConfigurer' (OnClassCondition)

   WebSocketReactiveAutoConfiguration:
      Did not match:
         - @ConditionalOnWebApplication did not find reactive web application classes (OnWebApplicationCondition)

   WebSocketServletAutoConfiguration.Jetty10WebSocketConfiguration:
      Did not match:
         - @ConditionalOnClass did not find required classes 'org.eclipse.jetty.websocket.javax.server.internal.JavaxWebSocketServerContainer', 'org.eclipse.jetty.websocket.server.JettyWebSocketServerContainer' (OnClassCondition)

   WebSocketServletAutoConfiguration.JettyWebSocketConfiguration:
      Did not match:
         - @ConditionalOnClass did not find required class 'org.eclipse.jetty.websocket.jsr356.server.deploy.WebSocketServerContainerInitializer' (OnClassCondition)

   WebSocketServletAutoConfiguration.UndertowWebSocketConfiguration:
      Did not match:
         - @ConditionalOnClass did not find required class 'io.undertow.websockets.jsr.Bootstrap' (OnClassCondition)

   XADataSourceAutoConfiguration:
      Did not match:
         - @ConditionalOnBean (types: org.springframework.boot.jdbc.XADataSourceWrapper; SearchStrategy: all) did not find any beans of type org.springframework.boot.jdbc.XADataSourceWrapper (OnBeanCondition)
      Matched:
         - @ConditionalOnClass found required classes 'javax.sql.DataSource', 'javax.transaction.TransactionManager', 'org.springframework.jdbc.datasource.embedded.EmbeddedDatabaseType' (OnClassCondition)


Exclusions:
-----------

    None


Unconditional classes:
----------------------

    org.springframework.boot.autoconfigure.context.ConfigurationPropertiesAutoConfiguration

    org.springframework.boot.autoconfigure.context.LifecycleAutoConfiguration

    org.springframework.boot.autoconfigure.context.PropertyPlaceholderAutoConfiguration

    org.springframework.boot.autoconfigure.availability.ApplicationAvailabilityAutoConfiguration

    org.springframework.boot.autoconfigure.info.ProjectInfoAutoConfiguration



2025-01-22 11:01:54,838 INFO org.apache.kafka.clients.Metadata [pool-1-thread-1] [Consumer clientId=consumer-fraud-detection-group-1, groupId=fraud-detection-group] Cluster ID: YMIwkYKRRA68ysH0Laa-Lg
2025-01-22 11:01:54,877 INFO org.apache.kafka.clients.consumer.internals.AbstractCoordinator [pool-1-thread-1] [Consumer clientId=consumer-fraud-detection-group-1, groupId=fraud-detection-group] Discovered group coordinator 10.10.7.49:9092 (id: 2147483647 rack: null)
2025-01-22 11:01:54,883 INFO org.apache.kafka.clients.consumer.internals.AbstractCoordinator [pool-1-thread-1] [Consumer clientId=consumer-fraud-detection-group-1, groupId=fraud-detection-group] (Re-)joining group
2025-01-22 11:01:54,892 INFO com.example.frauddetection.FraudDetectionApplication [main] Started FraudDetectionApplication in 28.794 seconds (JVM running for 29.841)
2025-01-22 11:01:54,894 DEBUG org.springframework.boot.availability.ApplicationAvailabilityBean [main] Application availability state LivenessState changed to CORRECT
2025-01-22 11:01:54,896 DEBUG org.springframework.boot.availability.ApplicationAvailabilityBean [main] Application availability state ReadinessState changed to ACCEPTING_TRAFFIC
2025-01-22 11:01:54,952 INFO org.apache.kafka.clients.consumer.internals.AbstractCoordinator [pool-1-thread-1] [Consumer clientId=consumer-fraud-detection-group-1, groupId=fraud-detection-group] (Re-)joining group
2025-01-22 11:01:55,019 INFO org.apache.kafka.clients.consumer.internals.AbstractCoordinator [pool-1-thread-1] [Consumer clientId=consumer-fraud-detection-group-1, groupId=fraud-detection-group] Successfully joined group with generation Generation{generationId=578, memberId='consumer-fraud-detection-group-1-c234f32c-27a9-4cc4-ac54-1c588790e00c', protocol='range'}
2025-01-22 11:01:55,022 INFO org.apache.kafka.clients.consumer.internals.ConsumerCoordinator [pool-1-thread-1] [Consumer clientId=consumer-fraud-detection-group-1, groupId=fraud-detection-group] Finished assignment for group at generation 578: {consumer-fraud-detection-group-1-c234f32c-27a9-4cc4-ac54-1c588790e00c=Assignment(partitions=[fraud-detection-topic-0])}
2025-01-22 11:01:55,094 INFO org.apache.kafka.clients.consumer.internals.AbstractCoordinator [pool-1-thread-1] [Consumer clientId=consumer-fraud-detection-group-1, groupId=fraud-detection-group] Successfully synced group in generation Generation{generationId=578, memberId='consumer-fraud-detection-group-1-c234f32c-27a9-4cc4-ac54-1c588790e00c', protocol='range'}
2025-01-22 11:01:55,095 INFO org.apache.kafka.clients.consumer.internals.ConsumerCoordinator [pool-1-thread-1] [Consumer clientId=consumer-fraud-detection-group-1, groupId=fraud-detection-group] Notifying assignor about the new Assignment(partitions=[fraud-detection-topic-0])
2025-01-22 11:01:55,101 INFO org.apache.kafka.clients.consumer.internals.ConsumerCoordinator [pool-1-thread-1] [Consumer clientId=consumer-fraud-detection-group-1, groupId=fraud-detection-group] Adding newly assigned partitions: fraud-detection-topic-0
2025-01-22 11:01:55,125 INFO org.apache.kafka.clients.consumer.internals.ConsumerCoordinator [pool-1-thread-1] [Consumer clientId=consumer-fraud-detection-group-1, groupId=fraud-detection-group] Setting offset for partition fraud-detection-topic-0 to the committed offset FetchPosition{offset=424, offsetEpoch=Optional[0], currentLeader=LeaderAndEpoch{leader=Optional[10.10.7.49:9092 (id: 0 rack: null)], epoch=0}}
